DEBUG [neovide::settings::window_size] Loaded window settings: Maximized { grid_size: Some(Size2 { width: 89, height: 55 }) }
WARN [neovide::settings::config] Error while trying to watch config file parent directory for changes: No path was found. about ["/home/treyt/.config/neovide"]
DEBUG [neovide::settings::window_size] Loaded window settings: Maximized { grid_size: Some(Size2 { width: 89, height: 55 }) }
TRACE [neovide::renderer::fonts::font_loader] Loading font FontKey { font_desc: None, hinting: Full, edging: AntiAlias }
INFO [neovide::renderer::fonts::caching_shaper] Reset Font Loader: font_size: 18.67px, font_width: 11.49px
DEBUG [neovide::renderer::fonts::caching_shaper] Updating font options: FontOptions { normal: [], italic: None, bold: None, bold_italic: None, features: {}, size: 18.666668, width: 0.0, hinting: Full, edging: AntiAlias, underline_offset: None }
TRACE [neovide::renderer::grid_renderer] Updated font dimensions: GridScale { transform: Transform2 { matrix: [(11.487181, 0.0, 0.0), (0.0, 23.0, 0.0), (0.0, 0.0, 1.0)] } }
TRACE [neovide::renderer::fonts::font_loader] Loading font FontKey { font_desc: None, hinting: Full, edging: AntiAlias }
DEBUG [neovide::bridge::session] Starting neovim with: Command { std: "nvim" "--embed" "-p", kill_on_drop: false }
INFO [neovide::bridge::setup] Neovim version: "NVIM v0.12.2\nBuild type: Release\nLuaJIT 2.1.1774638290\nRun \"nvim -V1 -v\" for more info"
INFO [neovide::bridge] Neovide registered to nvim with channel id 1
TRACE [neovide::bridge::handler] Neovim notification: "neovide.intro_banner_allowed"
TRACE [neovide::channel_utils] neovim_handler NeovideIntroBannerAllowed(false)
TRACE [neovide::settings] Initial value load failed for floating_blur_amount_y: Error processing request: 1 - 'Key not found: neovide_floating_blur_amount_y')
TRACE [neovide::bridge::handler] Neovim notification: "setting_changed"
TRACE [neovide::settings] Initial value load failed for debug_renderer: Error processing request: 1 - 'Key not found: neovide_debug_renderer')
TRACE [neovide::bridge::handler] Neovim notification: "setting_changed"
TRACE [neovide::settings] Initial value load failed for cursor_unfocused_outline_width: Error processing request: 1 - 'Key not found: neovide_cursor_unfocused_outline_width')
TRACE [neovide::bridge::handler] Neovim notification: "setting_changed"
TRACE [neovide::settings] Initial value load failed for scroll_animation_length: Error processing request: 1 - 'Key not found: neovide_scroll_animation_length')
TRACE [neovide::bridge::handler] Neovim notification: "setting_changed"
TRACE [neovide::settings] Initial value load failed for text_contrast: Error processing request: 1 - 'Key not found: neovide_text_contrast')
TRACE [neovide::bridge::handler] Neovim notification: "setting_changed"
TRACE [neovide::settings] Initial value load failed for scale_factor: Error processing request: 1 - 'Key not found: neovide_scale_factor')
TRACE [neovide::bridge::handler] Neovim notification: "setting_changed"
TRACE [neovide::settings] Initial value load failed for cursor_hack: Error processing request: 1 - 'Key not found: neovide_cursor_hack')
TRACE [neovide::bridge::handler] Neovim notification: "setting_changed"
TRACE [neovide::settings] Initial value load failed for cursor_vfx_particle_density: Error processing request: 1 - 'Key not found: neovide_cursor_vfx_particle_density')
TRACE [neovide::bridge::handler] Neovim notification: "setting_changed"
TRACE [neovide::settings] Initial value load failed for progress_bar_enabled: Error processing request: 1 - 'Key not found: neovide_progress_bar_enabled')
TRACE [neovide::bridge::handler] Neovim notification: "setting_changed"
TRACE [neovide::settings] Initial value load failed for progress_bar_hide_delay: Error processing request: 1 - 'Key not found: neovide_progress_bar_hide_delay')
TRACE [neovide::bridge::handler] Neovim notification: "setting_changed"
TRACE [neovide::settings] Initial value load failed for padding_top: Error processing request: 1 - 'Key not found: neovide_padding_top')
TRACE [neovide::bridge::handler] Neovim notification: "setting_changed"
TRACE [neovide::settings] Initial value load failed for floating_shadow: Error processing request: 1 - 'Key not found: neovide_floating_shadow')
TRACE [neovide::bridge::handler] Neovim notification: "setting_changed"
TRACE [neovide::settings] Initial value load failed for cursor_cell_color_fallback: Error processing request: 1 - 'Key not found: neovide_cursor_cell_color_fallback')
TRACE [neovide::bridge::handler] Neovim notification: "setting_changed"
TRACE [neovide::settings] Initial value load failed for floating_blur_amount_x: Error processing request: 1 - 'Key not found: neovide_floating_blur_amount_x')
TRACE [neovide::bridge::handler] Neovim notification: "setting_changed"
TRACE [neovide::settings] Initial value load failed for progress_bar_height: Error processing request: 1 - 'Key not found: neovide_progress_bar_height')
TRACE [neovide::bridge::handler] Neovim notification: "setting_changed"
TRACE [neovide::settings] Initial value load failed for theme: Error processing request: 1 - 'Key not found: neovide_theme')
TRACE [neovide::bridge::handler] Neovim notification: "setting_changed"
TRACE [neovide::settings] Initial value load failed for cursor_vfx_particle_curl: Error processing request: 1 - 'Key not found: neovide_cursor_vfx_particle_curl')
TRACE [neovide::bridge::handler] Neovim notification: "setting_changed"
TRACE [neovide::settings] Initial value load failed for light_angle_degrees: Error processing request: 1 - 'Key not found: neovide_light_angle_degrees')
TRACE [neovide::bridge::handler] Neovim notification: "setting_changed"
TRACE [neovide::settings] Initial value load failed for refresh_rate_idle: Error processing request: 1 - 'Key not found: neovide_refresh_rate_idle')
TRACE [neovide::bridge::handler] Neovim notification: "setting_changed"
TRACE [neovide::settings] Initial value load failed for cursor_trail_size: Error processing request: 1 - 'Key not found: neovide_cursor_trail_size')
TRACE [neovide::bridge::handler] Neovim notification: "setting_changed"
TRACE [neovide::settings] Initial value load failed for cursor_vfx_particle_highlight_lifetime: Error processing request: 1 - 'Key not found: neovide_cursor_vfx_particle_highlight_lifetime')
TRACE [neovide::bridge::handler] Neovim notification: "setting_changed"
TRACE [neovide::settings] Initial value load failed for cursor_animate_in_insert_mode: Error processing request: 1 - 'Key not found: neovide_cursor_animate_in_insert_mode')
TRACE [neovide::bridge::handler] Neovim notification: "setting_changed"
TRACE [neovide::settings] Initial value load failed for touch_deadzone: Error processing request: 1 - 'Key not found: neovide_touch_deadzone')
TRACE [neovide::bridge::handler] Neovim notification: "setting_changed"
TRACE [neovide::settings] Initial value load failed for cursor_vfx_particle_lifetime: Error processing request: 1 - 'Key not found: neovide_cursor_vfx_particle_lifetime')
TRACE [neovide::bridge::handler] Neovim notification: "setting_changed"
TRACE [neovide::settings] Initial value load failed for position_animation_length: Error processing request: 1 - 'Key not found: neovide_position_animation_length')
TRACE [neovide::bridge::handler] Neovim notification: "setting_changed"
TRACE [neovide::settings] Initial value load failed for cursor_vfx_particle_phase: Error processing request: 1 - 'Key not found: neovide_cursor_vfx_particle_phase')
TRACE [neovide::bridge::handler] Neovim notification: "setting_changed"
TRACE [neovide::settings] Initial value load failed for fullscreen: Error processing request: 1 - 'Key not found: neovide_fullscreen')
TRACE [neovide::bridge::handler] Neovim notification: "setting_changed"
TRACE [neovide::settings] Initial value load failed for window_blurred: Error processing request: 1 - 'Key not found: neovide_window_blurred')
TRACE [neovide::bridge::handler] Neovim notification: "setting_changed"
TRACE [neovide::settings] Initial value load failed for hide_mouse_when_typing: Error processing request: 1 - 'Key not found: neovide_hide_mouse_when_typing')
TRACE [neovide::bridge::handler] Neovim notification: "setting_changed"
TRACE [neovide::settings] Initial value load failed for text_gamma: Error processing request: 1 - 'Key not found: neovide_text_gamma')
TRACE [neovide::bridge::handler] Neovim notification: "setting_changed"
TRACE [neovide::settings] Initial value load failed for floating_corner_radius: Error processing request: 1 - 'Key not found: neovide_floating_corner_radius')
TRACE [neovide::bridge::handler] Neovim notification: "setting_changed"
TRACE [neovide::settings] Initial value load failed for cursor_animation_length: Error processing request: 1 - 'Key not found: neovide_cursor_animation_length')
TRACE [neovide::bridge::handler] Neovim notification: "setting_changed"
TRACE [neovide::settings] Initial value load failed for confirm_quit: Error processing request: 1 - 'Key not found: neovide_confirm_quit')
TRACE [neovide::bridge::handler] Neovim notification: "setting_changed"
TRACE [neovide::settings] Initial value load failed for remember_window_size: Error processing request: 1 - 'Key not found: neovide_remember_window_size')
TRACE [neovide::bridge::handler] Neovim notification: "setting_changed"
TRACE [neovide::settings] Initial value load failed for pixel_geometry: Error processing request: 1 - 'Key not found: neovide_pixel_geometry')
TRACE [neovide::bridge::handler] Neovim notification: "setting_changed"
TRACE [neovide::settings] Initial value load failed for floating_blur: Error processing request: 1 - 'Key not found: neovide_floating_blur')
TRACE [neovide::bridge::handler] Neovim notification: "setting_changed"
TRACE [neovide::settings] Initial value load failed for remember_window_position: Error processing request: 1 - 'Key not found: neovide_remember_window_position')
TRACE [neovide::bridge::handler] Neovim notification: "setting_changed"
TRACE [neovide::settings] Initial value load failed for progress_bar_animation_speed: Error processing request: 1 - 'Key not found: neovide_progress_bar_animation_speed')
TRACE [neovide::bridge::handler] Neovim notification: "setting_changed"
TRACE [neovide::settings] Initial value load failed for experimental_layer_grouping: Error processing request: 1 - 'Key not found: neovide_experimental_layer_grouping')
TRACE [neovide::bridge::handler] Neovim notification: "setting_changed"
TRACE [neovide::settings] Initial value load failed for cursor_smooth_blink: Error processing request: 1 - 'Key not found: neovide_cursor_smooth_blink')
TRACE [neovide::bridge::handler] Neovim notification: "setting_changed"
TRACE [neovide::settings] Initial value load failed for scroll_animation_far_lines: Error processing request: 1 - 'Key not found: neovide_scroll_animation_far_lines')
TRACE [neovide::bridge::handler] Neovim notification: "setting_changed"
TRACE [neovide::settings] Initial value load failed for touch_drag_timeout: Error processing request: 1 - 'Key not found: neovide_touch_drag_timeout')
TRACE [neovide::bridge::handler] Neovim notification: "setting_changed"
TRACE [neovide::settings] Initial value load failed for refresh_rate: Error processing request: 1 - 'Key not found: neovide_refresh_rate')
TRACE [neovide::bridge::handler] Neovim notification: "setting_changed"
TRACE [neovide::settings] Initial value load failed for iso_layout: Error processing request: 1 - 'Key not found: neovide_iso_layout')
TRACE [neovide::bridge::handler] Neovim notification: "setting_changed"
TRACE [neovide::settings] Initial value load failed for cursor_short_animation_length: Error processing request: 1 - 'Key not found: neovide_cursor_short_animation_length')
TRACE [neovide::bridge::handler] Neovim notification: "setting_changed"
TRACE [neovide::settings] Initial value load failed for input_ime: Error processing request: 1 - 'Key not found: neovide_input_ime')
TRACE [neovide::bridge::handler] Neovim notification: "setting_changed"
TRACE [neovide::settings] Initial value load failed for opacity: Error processing request: 1 - 'Key not found: neovide_opacity')
TRACE [neovide::bridge::handler] Neovim notification: "setting_changed"
TRACE [neovide::settings] Initial value load failed for padding_right: Error processing request: 1 - 'Key not found: neovide_padding_right')
TRACE [neovide::bridge::handler] Neovim notification: "setting_changed"
TRACE [neovide::settings] Initial value load failed for message_area_drag_selection: Error processing request: 1 - 'Key not found: neovide_message_area_drag_selection')
TRACE [neovide::bridge::handler] Neovim notification: "setting_changed"
TRACE [neovide::settings] Initial value load failed for cursor_vfx_mode: Error processing request: 1 - 'Key not found: neovide_cursor_vfx_mode')
TRACE [neovide::bridge::handler] Neovim notification: "setting_changed"
TRACE [neovide::settings] Initial value load failed for cursor_animate_command_line: Error processing request: 1 - 'Key not found: neovide_cursor_animate_command_line')
TRACE [neovide::bridge::handler] Neovim notification: "setting_changed"
TRACE [neovide::settings] Initial value load failed for cursor_antialiasing: Error processing request: 1 - 'Key not found: neovide_cursor_antialiasing')
TRACE [neovide::bridge::handler] Neovim notification: "setting_changed"
TRACE [neovide::settings] Initial value load failed for cursor_vfx_particle_speed: Error processing request: 1 - 'Key not found: neovide_cursor_vfx_particle_speed')
TRACE [neovide::bridge::handler] Neovim notification: "setting_changed"
TRACE [neovide::settings] Initial value load failed for padding_left: Error processing request: 1 - 'Key not found: neovide_padding_left')
TRACE [neovide::bridge::handler] Neovim notification: "setting_changed"
TRACE [neovide::settings] Initial value load failed for underline_stroke_scale: Error processing request: 1 - 'Key not found: neovide_underline_stroke_scale')
TRACE [neovide::bridge::handler] Neovim notification: "setting_changed"
TRACE [neovide::settings] Initial value load failed for light_radius: Error processing request: 1 - 'Key not found: neovide_light_radius')
TRACE [neovide::bridge::handler] Neovim notification: "setting_changed"
TRACE [neovide::settings] Initial value load failed for has_mouse_grid_detection: Error processing request: 1 - 'Key not found: neovide_has_mouse_grid_detection')
TRACE [neovide::bridge::handler] Neovim notification: "setting_changed"
TRACE [neovide::settings] Initial value load failed for padding_bottom: Error processing request: 1 - 'Key not found: neovide_padding_bottom')
TRACE [neovide::bridge::handler] Neovim notification: "setting_changed"
TRACE [neovide::settings] Initial value load failed for normal_opacity: Error processing request: 1 - 'Key not found: neovide_normal_opacity')
TRACE [neovide::bridge::handler] Neovim notification: "setting_changed"
TRACE [neovide::settings] Initial value load failed for show_border: Error processing request: 1 - 'Key not found: neovide_show_border')
TRACE [neovide::bridge::handler] Neovim notification: "setting_changed"
TRACE [neovide::settings] Initial value load failed for floating_z_height: Error processing request: 1 - 'Key not found: neovide_floating_z_height')
TRACE [neovide::bridge::handler] Neovim notification: "setting_changed"
TRACE [neovide::settings] Initial value load failed for profiler: Error processing request: 1 - 'Key not found: neovide_profiler')
TRACE [neovide::bridge::handler] Neovim notification: "setting_changed"
TRACE [neovide::settings] Initial value load failed for cursor_vfx_opacity: Error processing request: 1 - 'Key not found: neovide_cursor_vfx_opacity')
TRACE [neovide::bridge::handler] Neovim notification: "setting_changed"
TRACE [neovide::bridge::handler] Neovim notification: "redraw"
INFO [neovide::bridge] Neovim process attached
TRACE [neovide::channel_utils] neovim_handler OptionSet { gui_option: AmbiWidth("single") }
TRACE [neovide::channel_utils] neovim_handler OptionSet { gui_option: ArabicShape(true) }
TRACE [neovide::channel_utils] neovim_handler OptionSet { gui_option: Emoji(true) }
TRACE [neovide::channel_utils] neovim_handler OptionSet { gui_option: GuiFont("Source Code Pro,DejaVu Sans Mono,Courier New,monospace") }
TRACE [neovide::channel_utils] neovim_handler OptionSet { gui_option: GuiFontWide("") }
TRACE [neovide::channel_utils] neovim_handler OptionSet { gui_option: LineSpace(0.0) }
TRACE [neovide::channel_utils] neovim_handler OptionSet { gui_option: Unknown("mousefocus", Boolean(false)) }
TRACE [neovide::channel_utils] neovim_handler OptionSet { gui_option: Unknown("mousehide", Boolean(true)) }
TRACE [neovide::channel_utils] neovim_handler OptionSet { gui_option: Unknown("mousemoveevent", Boolean(false)) }
TRACE [neovide::channel_utils] neovim_handler OptionSet { gui_option: Pumblend(0) }
TRACE [neovide::channel_utils] neovim_handler OptionSet { gui_option: ShowTabLine(1) }
TRACE [neovide::channel_utils] neovim_handler OptionSet { gui_option: TermGuiColors(true) }
TRACE [neovide::channel_utils] neovim_handler OptionSet { gui_option: Unknown("termsync", Boolean(true)) }
TRACE [neovide::editor] Option set AmbiWidth("single")
TRACE [neovide::editor] Option set ArabicShape(true)
TRACE [neovide::editor] Option set Emoji(true)
TRACE [neovide::editor] Option set GuiFont("Source Code Pro,DejaVu Sans Mono,Courier New,monospace")
TRACE [neovide::channel_utils] neovim_handler OptionSet { gui_option: Unknown("ttimeout", Boolean(true)) }
TRACE [neovide::editor] Option set GuiFontWide("")
TRACE [neovide::editor] Option set LineSpace(0.0)
TRACE [neovide::editor] Option set Unknown("mousefocus", Boolean(false))
TRACE [neovide::editor] Option set Unknown("mousehide", Boolean(true))
TRACE [neovide::editor] Option set Unknown("mousemoveevent", Boolean(false))
TRACE [neovide::editor] Option set Pumblend(0)
TRACE [neovide::editor] Option set ShowTabLine(1)
TRACE [neovide::editor] Option set TermGuiColors(true)
TRACE [neovide::editor] Option set Unknown("termsync", Boolean(true))
TRACE [neovide::editor] Option set Unknown("ttimeout", Boolean(true))
TRACE [neovide::channel_utils] neovim_handler OptionSet { gui_option: Unknown("ttimeoutlen", Integer(PosInt(50))) }
TRACE [neovide::channel_utils] neovim_handler OptionSet { gui_option: Unknown("verbose", Integer(PosInt(0))) }
TRACE [neovide::channel_utils] neovim_handler SetTitle { title: "" }
TRACE [neovide::channel_utils] neovim_handler OptionSet { gui_option: Unknown("ext_linegrid", Boolean(true)) }
TRACE [neovide::editor] Option set Unknown("ttimeoutlen", Integer(PosInt(50)))
TRACE [neovide::editor] Option set Unknown("verbose", Integer(PosInt(0)))
TRACE [neovide::channel_utils] neovim_handler OptionSet { gui_option: Unknown("ext_multigrid", Boolean(true)) }
TRACE [neovide::channel_utils] neovim_handler OptionSet { gui_option: Unknown("ext_hlstate", Boolean(false)) }
TRACE [neovide::channel_utils] neovim_handler OptionSet { gui_option: Unknown("ext_termcolors", Boolean(false)) }
TRACE [neovide::editor] Option set Unknown("ext_linegrid", Boolean(true))
TRACE [neovide::editor] Option set Unknown("ext_multigrid", Boolean(true))
TRACE [neovide::editor] Option set Unknown("ext_hlstate", Boolean(false))
TRACE [neovide::editor] Option set Unknown("ext_termcolors", Boolean(false))
DEBUG [neovide::bridge::events] Ignored style attribute: "nocombine"
DEBUG [neovide::bridge::events] Ignored style attribute: "nocombine"
DEBUG [neovide::bridge::events] Ignored style attribute: "nocombine"
DEBUG [neovide::bridge::events] Ignored style attribute: "nocombine"
TRACE [neovide::channel_utils] neovim_handler HighlightAttributesDefine { id: 1, style: Style { colors: Colors { foreground: None, background: None, special: None }, reverse: false, italic: false, bold: false, strikethrough: false, blend: 0, underline: None }, name: None }
TRACE [neovide::channel_utils] neovim_handler HighlightAttributesDefine { id: 2, style: Style { colors: Colors { foreground: None, background: None, special: None }, reverse: false, italic: false, bold: true, strikethrough: false, blend: 0, underline: None }, name: None }
TRACE [neovide::channel_utils] neovim_handler HighlightAttributesDefine { id: 3, style: Style { colors: Colors { foreground: None, background: None, special: None }, reverse: true, italic: false, bold: false, strikethrough: false, blend: 0, underline: None }, name: None }
TRACE [neovide::channel_utils] neovim_handler HighlightAttributesDefine { id: 4, style: Style { colors: Colors { foreground: None, background: None, special: None }, reverse: true, italic: false, bold: false, strikethrough: false, blend: 0, underline: None }, name: None }
TRACE [neovide::channel_utils] neovim_handler HighlightAttributesDefine { id: 5, style: Style { colors: Colors { foreground: None, background: None, special: None }, reverse: false, italic: false, bold: true, strikethrough: false, blend: 0, underline: None }, name: None }
TRACE [neovide::channel_utils] neovim_handler HighlightAttributesDefine { id: 6, style: Style { colors: Colors { foreground: None, background: None, special: None }, reverse: false, italic: false, bold: false, strikethrough: false, blend: 0, underline: Some(Underline) }, name: None }
TRACE [neovide::channel_utils] neovim_handler HighlightAttributesDefine { id: 7, style: Style { colors: Colors { foreground: None, background: None, special: None }, reverse: false, italic: true, bold: false, strikethrough: false, blend: 0, underline: None }, name: None }
TRACE [neovide::channel_utils] neovim_handler HighlightAttributesDefine { id: 8, style: Style { colors: Colors { foreground: None, background: None, special: None }, reverse: false, italic: false, bold: false, strikethrough: true, blend: 0, underline: None }, name: None }
TRACE [neovide::channel_utils] neovim_handler HighlightAttributesDefine { id: 9, style: Style { colors: Colors { foreground: None, background: None, special: None }, reverse: false, italic: false, bold: false, strikethrough: false, blend: 0, underline: Some(UnderDouble) }, name: None }
TRACE [neovide::channel_utils] neovim_handler HighlightAttributesDefine { id: 10, style: Style { colors: Colors { foreground: None, background: None, special: None }, reverse: false, italic: false, bold: false, strikethrough: false, blend: 0, underline: Some(Underline) }, name: None }
TRACE [neovide::channel_utils] neovim_handler HighlightAttributesDefine { id: 11, style: Style { colors: Colors { foreground: Some(Color4f { r: 0.078431375, g: 0.08627451, b: 0.105882354, a: 1.0 }), background: Some(Color4f { r: 0.8784314, g: 0.8862745, b: 0.91764706, a: 1.0 }), special: None }, reverse: false, italic: false, bold: false, strikethrough: false, blend: 0, underline: None }, name: None }
TRACE [neovide::channel_utils] neovim_handler HighlightAttributesDefine { id: 12, style: Style { colors: Colors { foreground: Some(Color4f { r: 0.8784314, g: 0.8862745, b: 0.91764706, a: 1.0 }), background: Some(Color4f { r: 0.078431375, g: 0.08627451, b: 0.105882354, a: 1.0 }), special: None }, reverse: false, italic: false, bold: false, strikethrough: false, blend: 0, underline: None }, name: None }
TRACE [neovide::channel_utils] neovim_handler HighlightAttributesDefine { id: 13, style: Style { colors: Colors { foreground: Some(Color4f { r: 0.078431375, g: 0.08627451, b: 0.105882354, a: 1.0 }), background: Some(Color4f { r: 0.078431375, g: 0.08627451, b: 0.105882354, a: 1.0 }), special: Some(Color4f { r: 0.8784314, g: 0.8862745, b: 0.91764706, a: 1.0 }) }, reverse: false, italic: false, bold: false, strikethrough: false, blend: 0, underline: Some(UnderDouble) }, name: None }
TRACE [neovide::channel_utils] neovim_handler HighlightAttributesDefine { id: 14, style: Style { colors: Colors { foreground: Some(Color4f { r: 0.078431375, g: 0.08627451, b: 0.105882354, a: 1.0 }), background: Some(Color4f { r: 0.078431375, g: 0.08627451, b: 0.105882354, a: 1.0 }), special: Some(Color4f { r: 0.8784314, g: 0.8862745, b: 0.91764706, a: 1.0 }) }, reverse: false, italic: false, bold: false, strikethrough: false, blend: 0, underline: Some(Underline) }, name: None }
TRACE [neovide::channel_utils] neovim_handler HighlightAttributesDefine { id: 15, style: Style { colors: Colors { foreground: Some(Color4f { r: 0.7019608, g: 0.9647059, b: 0.7529412, a: 1.0 }), background: None, special: None }, reverse: false, italic: false, bold: false, strikethrough: false, blend: 0, underline: None }, name: None }
TRACE [neovide::channel_utils] neovim_handler HighlightAttributesDefine { id: 16, style: Style { colors: Colors { foreground: Some(Color4f { r: 0.54901963, g: 0.972549, b: 0.96862745, a: 1.0 }), background: None, special: None }, reverse: false, italic: false, bold: false, strikethrough: false, blend: 0, underline: None }, name: None }
TRACE [neovide::channel_utils] neovim_handler HighlightAttributesDefine { id: 17, style: Style { colors: Colors { foreground: None, background: Some(Color4f { r: 0.30980393, g: 0.32156864, b: 0.34509805, a: 1.0 }), special: None }, reverse: false, italic: false, bold: false, strikethrough: false, blend: 0, underline: None }, name: None }
TRACE [neovide::channel_utils] neovim_handler HighlightAttributesDefine { id: 18, style: Style { colors: Colors { foreground: Some(Color4f { r: 0.30980393, g: 0.32156864, b: 0.34509805, a: 1.0 }), background: None, special: None }, reverse: false, italic: false, bold: false, strikethrough: false, blend: 0, underline: None }, name: None }
TRACE [neovide::channel_utils] neovim_handler HighlightAttributesDefine { id: 19, style: Style { colors: Colors { foreground: Some(Color4f { r: 0.02745098, g: 0.03137255, b: 0.050980393, a: 1.0 }), background: Some(Color4f { r: 0.9882353, g: 0.8784314, b: 0.5803922, a: 1.0 }), special: None }, reverse: false, italic: false, bold: false, strikethrough: false, blend: 0, underline: None }, name: None }
TRACE [neovide::channel_utils] neovim_handler HighlightAttributesDefine { id: 20, style: Style { colors: Colors { foreground: None, background: Some(Color4f { r: 0.17254902, g: 0.18039216, b: 0.2, a: 1.0 }), special: None }, reverse: false, italic: false, bold: false, strikethrough: false, blend: 0, underline: None }, name: None }
TRACE [neovide::channel_utils] neovim_handler HighlightAttributesDefine { id: 21, style: Style { colors: Colors { foreground: Some(Color4f { r: 0.93333334, g: 0.94509804, b: 0.972549, a: 1.0 }), background: Some(Color4f { r: 0.0, g: 0.33333334, b: 0.13725491, a: 1.0 }), special: None }, reverse: false, italic: false, bold: false, strikethrough: false, blend: 0, underline: None }, name: None }
TRACE [neovide::channel_utils] neovim_handler HighlightAttributesDefine { id: 22, style: Style { colors: Colors { foreground: Some(Color4f { r: 0.93333334, g: 0.94509804, b: 0.972549, a: 1.0 }), background: Some(Color4f { r: 0.30980393, g: 0.32156864, b: 0.34509805, a: 1.0 }), special: None }, reverse: false, italic: false, bold: false, strikethrough: false, blend: 0, underline: None }, name: None }
TRACE [neovide::channel_utils] neovim_handler HighlightAttributesDefine { id: 23, style: Style { colors: Colors { foreground: Some(Color4f { r: 1.0, g: 0.7529412, b: 0.7254902, a: 1.0 }), background: None, special: None }, reverse: false, italic: false, bold: true, strikethrough: false, blend: 0, underline: None }, name: None }
TRACE [neovide::channel_utils] neovim_handler HighlightAttributesDefine { id: 24, style: Style { colors: Colors { foreground: Some(Color4f { r: 0.93333334, g: 0.94509804, b: 0.972549, a: 1.0 }), background: Some(Color4f { r: 0.0, g: 0.4509804, b: 0.4509804, a: 1.0 }), special: None }, reverse: false, italic: false, bold: false, strikethrough: false, blend: 0, underline: None }, name: None }
TRACE [neovide::channel_utils] neovim_handler HighlightAttributesDefine { id: 25, style: Style { colors: Colors { foreground: Some(Color4f { r: 1.0, g: 0.7529412, b: 0.7254902, a: 1.0 }), background: None, special: None }, reverse: false, italic: false, bold: false, strikethrough: false, blend: 0, underline: None }, name: None }
TRACE [neovide::channel_utils] neovim_handler HighlightAttributesDefine { id: 26, style: Style { colors: Colors { foreground: None, background: Some(Color4f { r: 0.30980393, g: 0.32156864, b: 0.34509805, a: 1.0 }), special: None }, reverse: false, italic: false, bold: false, strikethrough: false, blend: 80, underline: None }, name: None }
TRACE [neovide::channel_utils] neovim_handler HighlightAttributesDefine { id: 27, style: Style { colors: Colors { foreground: None, background: Some(Color4f { r: 0.30980393, g: 0.32156864, b: 0.34509805, a: 1.0 }), special: None }, reverse: false, italic: false, bold: false, strikethrough: false, blend: 100, underline: None }, name: None }
TRACE [neovide::channel_utils] neovim_handler HighlightAttributesDefine { id: 28, style: Style { colors: Colors { foreground: Some(Color4f { r: 0.60784316, g: 0.61960787, b: 0.6431373, a: 1.0 }), background: Some(Color4f { r: 0.02745098, g: 0.03137255, b: 0.050980393, a: 1.0 }), special: None }, reverse: false, italic: false, bold: false, strikethrough: false, blend: 0, underline: None }, name: None }
TRACE [neovide::channel_utils] neovim_handler HighlightAttributesDefine { id: 29, style: Style { colors: Colors { foreground: None, background: Some(Color4f { r: 0.30980393, g: 0.32156864, b: 0.34509805, a: 1.0 }), special: None }, reverse: false, italic: false, bold: true, strikethrough: false, blend: 0, underline: None }, name: None }
TRACE [neovide::channel_utils] neovim_handler HighlightAttributesDefine { id: 30, style: Style { colors: Colors { foreground: None, background: Some(Color4f { r: 0.02745098, g: 0.03137255, b: 0.050980393, a: 1.0 }), special: None }, reverse: false, italic: false, bold: false, strikethrough: false, blend: 0, underline: None }, name: None }
TRACE [neovide::channel_utils] neovim_handler HighlightAttributesDefine { id: 31, style: Style { colors: Colors { foreground: None, background: Some(Color4f { r: 0.17254902, g: 0.18039216, b: 0.2, a: 1.0 }), special: None }, reverse: false, italic: false, bold: false, strikethrough: false, blend: 0, underline: None }, name: None }
TRACE [neovide::channel_utils] neovim_handler HighlightAttributesDefine { id: 32, style: Style { colors: Colors { foreground: None, background: Some(Color4f { r: 0.30980393, g: 0.32156864, b: 0.34509805, a: 1.0 }), special: None }, reverse: false, italic: false, bold: false, strikethrough: false, blend: 0, underline: None }, name: None }
TRACE [neovide::channel_utils] neovim_handler HighlightAttributesDefine { id: 33, style: Style { colors: Colors { foreground: None, background: Some(Color4f { r: 0.41960785, g: 0.3254902, b: 0.0, a: 1.0 }), special: None }, reverse: false, italic: false, bold: false, strikethrough: false, blend: 0, underline: None }, name: None }
TRACE [neovide::channel_utils] neovim_handler HighlightAttributesDefine { id: 34, style: Style { colors: Colors { foreground: None, background: Some(Color4f { r: 0.0, g: 0.33333334, b: 0.13725491, a: 1.0 }), special: None }, reverse: false, italic: false, bold: false, strikethrough: false, blend: 0, underline: None }, name: None }
TRACE [neovide::channel_utils] neovim_handler HighlightAttributesDefine { id: 35, style: Style { colors: Colors { foreground: None, background: Some(Color4f { r: 0.34901962, g: 0.0, b: 0.03137255, a: 1.0 }), special: None }, reverse: false, italic: false, bold: false, strikethrough: false, blend: 0, underline: None }, name: None }
TRACE [neovide::channel_utils] neovim_handler HighlightAttributesDefine { id: 36, style: Style { colors: Colors { foreground: Some(Color4f { r: 0.93333334, g: 0.94509804, b: 0.972549, a: 1.0 }), background: Some(Color4f { r: 0.41960785, g: 0.3254902, b: 0.0, a: 1.0 }), special: None }, reverse: false, italic: false, bold: false, strikethrough: false, blend: 0, underline: None }, name: None }
TRACE [neovide::channel_utils] neovim_handler HighlightAttributesDefine { id: 37, style: Style { colors: Colors { foreground: None, background: None, special: Some(Color4f { r: 1.0, g: 0.7529412, b: 0.7254902, a: 1.0 }) }, reverse: false, italic: false, bold: false, strikethrough: false, blend: 0, underline: Some(UnderCurl) }, name: None }
TRACE [neovide::channel_utils] neovim_handler HighlightAttributesDefine { id: 38, style: Style { colors: Colors { foreground: None, background: None, special: Some(Color4f { r: 0.9882353, g: 0.8784314, b: 0.5803922, a: 1.0 }) }, reverse: false, italic: false, bold: false, strikethrough: false, blend: 0, underline: Some(UnderCurl) }, name: None }
TRACE [neovide::channel_utils] neovim_handler HighlightAttributesDefine { id: 39, style: Style { colors: Colors { foreground: None, background: None, special: Some(Color4f { r: 0.7019608, g: 0.9647059, b: 0.7529412, a: 1.0 }) }, reverse: false, italic: false, bold: false, strikethrough: false, blend: 0, underline: Some(UnderCurl) }, name: None }
TRACE [neovide::channel_utils] neovim_handler HighlightAttributesDefine { id: 40, style: Style { colors: Colors { foreground: None, background: None, special: Some(Color4f { r: 0.54901963, g: 0.972549, b: 0.96862745, a: 1.0 }) }, reverse: false, italic: false, bold: false, strikethrough: false, blend: 0, underline: Some(UnderCurl) }, name: None }
TRACE [neovide::channel_utils] neovim_handler HighlightAttributesDefine { id: 41, style: Style { colors: Colors { foreground: Some(Color4f { r: 0.8784314, g: 0.8862745, b: 0.91764706, a: 1.0 }), background: Some(Color4f { r: 0.30980393, g: 0.32156864, b: 0.34509805, a: 1.0 }), special: None }, reverse: false, italic: false, bold: false, strikethrough: false, blend: 0, underline: None }, name: None }
TRACE [neovide::channel_utils] neovim_handler HighlightAttributesDefine { id: 42, style: Style { colors: Colors { foreground: Some(Color4f { r: 0.76862746, g: 0.7764706, b: 0.8039216, a: 1.0 }), background: Some(Color4f { r: 0.17254902, g: 0.18039216, b: 0.2, a: 1.0 }), special: None }, reverse: false, italic: false, bold: false, strikethrough: false, blend: 0, underline: None }, name: None }
TRACE [neovide::channel_utils] neovim_handler HighlightAttributesDefine { id: 43, style: Style { colors: Colors { foreground: Some(Color4f { r: 0.8784314, g: 0.8862745, b: 0.91764706, a: 1.0 }), background: None, special: None }, reverse: false, italic: false, bold: true, strikethrough: false, blend: 0, underline: None }, name: None }
TRACE [neovide::channel_utils] neovim_handler HighlightAttributesDefine { id: 44, style: Style { colors: Colors { foreground: None, background: Some(Color4f { r: 0.30980393, g: 0.32156864, b: 0.34509805, a: 1.0 }), special: None }, reverse: false, italic: false, bold: false, strikethrough: false, blend: 0, underline: None }, name: None }
TRACE [neovide::channel_utils] neovim_handler HighlightAttributesDefine { id: 45, style: Style { colors: Colors { foreground: Some(Color4f { r: 0.9882353, g: 0.8784314, b: 0.5803922, a: 1.0 }), background: None, special: None }, reverse: false, italic: false, bold: false, strikethrough: false, blend: 0, underline: None }, name: None }
TRACE [neovide::channel_utils] neovim_handler HighlightAttributesDefine { id: 46, style: Style { colors: Colors { foreground: Some(Color4f { r: 0.60784316, g: 0.61960787, b: 0.6431373, a: 1.0 }), background: Some(Color4f { r: 0.02745098, g: 0.03137255, b: 0.050980393, a: 1.0 }), special: None }, reverse: false, italic: false, bold: true, strikethrough: false, blend: 0, underline: None }, name: None }
TRACE [neovide::channel_utils] neovim_handler HighlightAttributesDefine { id: 47, style: Style { colors: Colors { foreground: Some(Color4f { r: 0.60784316, g: 0.61960787, b: 0.6431373, a: 1.0 }), background: Some(Color4f { r: 0.02745098, g: 0.03137255, b: 0.050980393, a: 1.0 }), special: None }, reverse: false, italic: false, bold: false, strikethrough: false, blend: 0, underline: None }, name: None }
TRACE [neovide::channel_utils] neovim_handler HighlightAttributesDefine { id: 48, style: Style { colors: Colors { foreground: Some(Color4f { r: 0.8784314, g: 0.8862745, b: 0.91764706, a: 1.0 }), background: None, special: None }, reverse: false, italic: false, bold: false, strikethrough: false, blend: 0, underline: None }, name: None }
TRACE [neovide::channel_utils] neovim_handler HighlightAttributesDefine { id: 49, style: Style { colors: Colors { foreground: Some(Color4f { r: 0.60784316, g: 0.61960787, b: 0.6431373, a: 1.0 }), background: None, special: None }, reverse: false, italic: false, bold: false, strikethrough: false, blend: 0, underline: None }, name: None }
TRACE [neovide::channel_utils] neovim_handler HighlightAttributesDefine { id: 50, style: Style { colors: Colors { foreground: Some(Color4f { r: 0.6509804, g: 0.85882354, b: 1.0, a: 1.0 }), background: None, special: None }, reverse: false, italic: false, bold: false, strikethrough: false, blend: 0, underline: None }, name: None }
TRACE [neovide::channel_utils] neovim_handler HighlightAttributesDefine { id: 51, style: Style { colors: Colors { foreground: Some(Color4f { r: 0.93333334, g: 0.94509804, b: 0.972549, a: 1.0 }), background: Some(Color4f { r: 0.34901962, g: 0.0, b: 0.03137255, a: 1.0 }), special: None }, reverse: false, italic: false, bold: false, strikethrough: false, blend: 0, underline: None }, name: None }
TRACE [neovide::channel_utils] neovim_handler HighlightAttributesDefine { id: 52, style: Style { colors: Colors { foreground: None, background: None, special: Some(Color4f { r: 1.0, g: 0.7529412, b: 0.7254902, a: 1.0 }) }, reverse: false, italic: false, bold: false, strikethrough: false, blend: 0, underline: Some(Underline) }, name: None }
TRACE [neovide::channel_utils] neovim_handler HighlightAttributesDefine { id: 53, style: Style { colors: Colors { foreground: None, background: None, special: Some(Color4f { r: 0.9882353, g: 0.8784314, b: 0.5803922, a: 1.0 }) }, reverse: false, italic: false, bold: false, strikethrough: false, blend: 0, underline: Some(Underline) }, name: None }
TRACE [neovide::channel_utils] neovim_handler HighlightAttributesDefine { id: 54, style: Style { colors: Colors { foreground: None, background: None, special: Some(Color4f { r: 0.54901963, g: 0.972549, b: 0.96862745, a: 1.0 }) }, reverse: false, italic: false, bold: false, strikethrough: false, blend: 0, underline: Some(Underline) }, name: None }
TRACE [neovide::channel_utils] neovim_handler HighlightAttributesDefine { id: 55, style: Style { colors: Colors { foreground: None, background: None, special: Some(Color4f { r: 0.6509804, g: 0.85882354, b: 1.0, a: 1.0 }) }, reverse: false, italic: false, bold: false, strikethrough: false, blend: 0, underline: Some(Underline) }, name: None }
TRACE [neovide::channel_utils] neovim_handler HighlightAttributesDefine { id: 56, style: Style { colors: Colors { foreground: None, background: None, special: Some(Color4f { r: 0.7019608, g: 0.9647059, b: 0.7529412, a: 1.0 }) }, reverse: false, italic: false, bold: false, strikethrough: false, blend: 0, underline: Some(Underline) }, name: None }
TRACE [neovide::channel_utils] neovim_handler HighlightAttributesDefine { id: 57, style: Style { colors: Colors { foreground: None, background: None, special: Some(Color4f { r: 1.0, g: 0.7529412, b: 0.7254902, a: 1.0 }) }, reverse: false, italic: false, bold: false, strikethrough: true, blend: 0, underline: None }, name: None }
TRACE [neovide::channel_utils] neovim_handler HighlightAttributesDefine { id: 58, style: Style { colors: Colors { foreground: Some(Color4f { r: 1.0, g: 0.0, b: 0.0, a: 1.0 }), background: Some(Color4f { r: 1.0, g: 0.0, b: 0.0, a: 1.0 }), special: None }, reverse: false, italic: false, bold: false, strikethrough: false, blend: 0, underline: None }, name: None }
TRACE [neovide::channel_utils] neovim_handler HighlightGroupSet { name: "", id: 0 }
TRACE [neovide::channel_utils] neovim_handler HighlightGroupSet { name: "SpecialKey", id: 1 }
TRACE [neovide::channel_utils] neovim_handler HighlightGroupSet { name: "EndOfBuffer", id: 1 }
TRACE [neovide::channel_utils] neovim_handler HighlightGroupSet { name: "TermCursor", id: 1 }
TRACE [neovide::channel_utils] neovim_handler HighlightGroupSet { name: "NonText", id: 1 }
TRACE [neovide::channel_utils] neovim_handler HighlightGroupSet { name: "Directory", id: 1 }
TRACE [neovide::channel_utils] neovim_handler HighlightGroupSet { name: "ErrorMsg", id: 1 }
TRACE [neovide::channel_utils] neovim_handler HighlightGroupSet { name: "IncSearch", id: 1 }
TRACE [neovide::channel_utils] neovim_handler HighlightGroupSet { name: "Search", id: 1 }
TRACE [neovide::channel_utils] neovim_handler HighlightGroupSet { name: "CurSearch", id: 1 }
TRACE [neovide::channel_utils] neovim_handler HighlightGroupSet { name: "MoreMsg", id: 1 }
TRACE [neovide::channel_utils] neovim_handler HighlightGroupSet { name: "ModeMsg", id: 1 }
TRACE [neovide::channel_utils] neovim_handler HighlightGroupSet { name: "LineNr", id: 1 }
TRACE [neovide::channel_utils] neovim_handler HighlightGroupSet { name: "LineNrAbove", id: 1 }
TRACE [neovide::channel_utils] neovim_handler HighlightGroupSet { name: "LineNrBelow", id: 1 }
TRACE [neovide::channel_utils] neovim_handler HighlightGroupSet { name: "CursorLineNr", id: 1 }
TRACE [neovide::channel_utils] neovim_handler HighlightGroupSet { name: "CursorLineSign", id: 1 }
TRACE [neovide::channel_utils] neovim_handler HighlightGroupSet { name: "CursorLineFold", id: 1 }
TRACE [neovide::channel_utils] neovim_handler HighlightGroupSet { name: "Question", id: 1 }
TRACE [neovide::channel_utils] neovim_handler HighlightGroupSet { name: "StatusLine", id: 1 }
TRACE [neovide::channel_utils] neovim_handler HighlightGroupSet { name: "StatusLineNC", id: 1 }
TRACE [neovide::channel_utils] neovim_handler HighlightGroupSet { name: "WinSeparator", id: 1 }
TRACE [neovide::channel_utils] neovim_handler HighlightGroupSet { name: "VertSplit", id: 1 }
TRACE [neovide::channel_utils] neovim_handler HighlightGroupSet { name: "Title", id: 1 }
TRACE [neovide::channel_utils] neovim_handler HighlightGroupSet { name: "Visual", id: 1 }
TRACE [neovide::channel_utils] neovim_handler HighlightGroupSet { name: "VisualNC", id: 1 }
TRACE [neovide::channel_utils] neovim_handler HighlightGroupSet { name: "WarningMsg", id: 1 }
TRACE [neovide::channel_utils] neovim_handler HighlightGroupSet { name: "WildMenu", id: 1 }
TRACE [neovide::channel_utils] neovim_handler HighlightGroupSet { name: "Folded", id: 1 }
TRACE [neovide::channel_utils] neovim_handler HighlightGroupSet { name: "FoldColumn", id: 1 }
TRACE [neovide::channel_utils] neovim_handler HighlightGroupSet { name: "DiffAdd", id: 1 }
TRACE [neovide::channel_utils] neovim_handler HighlightGroupSet { name: "DiffChange", id: 1 }
TRACE [neovide::channel_utils] neovim_handler HighlightGroupSet { name: "DiffDelete", id: 1 }
TRACE [neovide::channel_utils] neovim_handler HighlightGroupSet { name: "DiffText", id: 1 }
TRACE [neovide::channel_utils] neovim_handler HighlightGroupSet { name: "DiffTextAdd", id: 1 }
TRACE [neovide::channel_utils] neovim_handler HighlightGroupSet { name: "SignColumn", id: 1 }
TRACE [neovide::channel_utils] neovim_handler HighlightGroupSet { name: "Conceal", id: 1 }
TRACE [neovide::channel_utils] neovim_handler HighlightGroupSet { name: "SpellBad", id: 1 }
TRACE [neovide::channel_utils] neovim_handler HighlightGroupSet { name: "SpellCap", id: 1 }
TRACE [neovide::channel_utils] neovim_handler HighlightGroupSet { name: "SpellRare", id: 1 }
TRACE [neovide::channel_utils] neovim_handler HighlightGroupSet { name: "SpellLocal", id: 1 }
TRACE [neovide::channel_utils] neovim_handler HighlightGroupSet { name: "Pmenu", id: 1 }
TRACE [neovide::channel_utils] neovim_handler HighlightGroupSet { name: "PmenuSel", id: 1 }
TRACE [neovide::channel_utils] neovim_handler HighlightGroupSet { name: "PmenuMatch", id: 1 }
TRACE [neovide::channel_utils] neovim_handler HighlightGroupSet { name: "PmenuMatchSel", id: 1 }
TRACE [neovide::channel_utils] neovim_handler HighlightGroupSet { name: "PmenuKind", id: 1 }
TRACE [neovide::channel_utils] neovim_handler HighlightGroupSet { name: "PmenuKindSel", id: 1 }
TRACE [neovide::channel_utils] neovim_handler HighlightGroupSet { name: "PmenuExtra", id: 1 }
TRACE [neovide::channel_utils] neovim_handler HighlightGroupSet { name: "PmenuExtraSel", id: 1 }
TRACE [neovide::channel_utils] neovim_handler HighlightGroupSet { name: "PmenuSbar", id: 1 }
TRACE [neovide::channel_utils] neovim_handler HighlightGroupSet { name: "PmenuThumb", id: 1 }
TRACE [neovide::channel_utils] neovim_handler HighlightGroupSet { name: "PmenuBorder", id: 1 }
TRACE [neovide::channel_utils] neovim_handler HighlightGroupSet { name: "TabLine", id: 1 }
TRACE [neovide::channel_utils] neovim_handler HighlightGroupSet { name: "TabLineSel", id: 1 }
TRACE [neovide::channel_utils] neovim_handler HighlightGroupSet { name: "TabLineFill", id: 1 }
TRACE [neovide::channel_utils] neovim_handler HighlightGroupSet { name: "CursorColumn", id: 1 }
TRACE [neovide::channel_utils] neovim_handler HighlightGroupSet { name: "CursorLine", id: 1 }
TRACE [neovide::channel_utils] neovim_handler HighlightGroupSet { name: "ColorColumn", id: 1 }
TRACE [neovide::channel_utils] neovim_handler HighlightGroupSet { name: "QuickFixLine", id: 1 }
TRACE [neovide::channel_utils] neovim_handler HighlightGroupSet { name: "Whitespace", id: 1 }
TRACE [neovide::channel_utils] neovim_handler HighlightGroupSet { name: "NormalNC", id: 0 }
TRACE [neovide::channel_utils] neovim_handler HighlightGroupSet { name: "MsgSeparator", id: 1 }
TRACE [neovide::channel_utils] neovim_handler HighlightGroupSet { name: "NormalFloat", id: 1 }
TRACE [neovide::channel_utils] neovim_handler HighlightGroupSet { name: "MsgArea", id: 1 }
TRACE [neovide::channel_utils] neovim_handler HighlightGroupSet { name: "FloatBorder", id: 1 }
TRACE [neovide::channel_utils] neovim_handler HighlightGroupSet { name: "WinBar", id: 1 }
TRACE [neovide::channel_utils] neovim_handler HighlightGroupSet { name: "WinBarNC", id: 1 }
TRACE [neovide::channel_utils] neovim_handler HighlightGroupSet { name: "Cursor", id: 1 }
TRACE [neovide::channel_utils] neovim_handler HighlightGroupSet { name: "FloatTitle", id: 1 }
TRACE [neovide::channel_utils] neovim_handler HighlightGroupSet { name: "FloatFooter", id: 1 }
TRACE [neovide::channel_utils] neovim_handler HighlightGroupSet { name: "StatusLineTerm", id: 1 }
TRACE [neovide::channel_utils] neovim_handler HighlightGroupSet { name: "StatusLineTermNC", id: 1 }
TRACE [neovide::channel_utils] neovim_handler HighlightGroupSet { name: "StderrMsg", id: 1 }
TRACE [neovide::channel_utils] neovim_handler HighlightGroupSet { name: "StdoutMsg", id: 1 }
TRACE [neovide::channel_utils] neovim_handler HighlightGroupSet { name: "OkMsg", id: 1 }
TRACE [neovide::channel_utils] neovim_handler HighlightGroupSet { name: "PreInsert", id: 1 }
TRACE [neovide::channel_utils] neovim_handler OptionSet { gui_option: Unknown("ext_cmdline", Boolean(false)) }
TRACE [neovide::channel_utils] neovim_handler OptionSet { gui_option: Unknown("ext_popupmenu", Boolean(false)) }
TRACE [neovide::channel_utils] neovim_handler OptionSet { gui_option: Unknown("ext_tabline", Boolean(false)) }
TRACE [neovide::editor] Option set Unknown("ext_cmdline", Boolean(false))
TRACE [neovide::editor] Option set Unknown("ext_popupmenu", Boolean(false))
TRACE [neovide::editor] Option set Unknown("ext_tabline", Boolean(false))
TRACE [neovide::channel_utils] neovim_handler OptionSet { gui_option: Unknown("ext_wildmenu", Boolean(false)) }
TRACE [neovide::channel_utils] neovim_handler OptionSet { gui_option: Unknown("ext_messages", Boolean(false)) }
TRACE [neovide::channel_utils] neovim_handler Resize { grid: 1, width: 89, height: 55 }
TRACE [neovide::editor] Option set Unknown("ext_wildmenu", Boolean(false))
TRACE [neovide::editor] Option set Unknown("ext_messages", Boolean(false))
TRACE [neovide::channel_utils] neovim_handler WindowViewportMargins { grid: 2, top: 0, bottom: 0, left: 0, right: 0 }
TRACE [neovide::bridge::handler] Neovim notification: "redraw"
TRACE [neovide::channel_utils] neovim_handler WindowViewportMargins { grid: 2, top: 0, bottom: 0, left: 0, right: 0 }
TRACE [neovide::channel_utils] neovim_handler Clear { grid: 1 }
TRACE [neovide::channel_utils] neovim_handler MessageSetPosition { grid: 0, row: 54, scrolled: false, separator_character: " ", z_index: Some(0), comp_index: Some(0) }
TRACE [neovide::channel_utils] neovim_handler OptionSet { gui_option: TermGuiColors(true) }
TRACE [neovide::channel_utils] neovim_handler OptionSet { gui_option: GuiFont("AtyknsonMono Nerd Font:h12") }
DEBUG [neovide::bridge::events] Ignored style attribute: "nocombine"
DEBUG [neovide::bridge::events] Ignored style attribute: "nocombine"
TRACE [neovide::editor] Option set TermGuiColors(true)
TRACE [neovide::editor] Option set GuiFont("AtyknsonMono Nerd Font:h12")
DEBUG [neovide::bridge::events] Ignored style attribute: "nocombine"
DEBUG [neovide::bridge::events] Ignored style attribute: "nocombine"
DEBUG [neovide::bridge::events] Ignored style attribute: "nocombine"
DEBUG [neovide::bridge::events] Ignored style attribute: "nocombine"
TRACE [neovide::channel_utils] neovim_handler HighlightAttributesDefine { id: 59, style: Style { colors: Colors { foreground: None, background: None, special: None }, reverse: false, italic: false, bold: false, strikethrough: false, blend: 0, underline: None }, name: None }
TRACE [neovide::channel_utils] neovim_handler HighlightAttributesDefine { id: 60, style: Style { colors: Colors { foreground: None, background: Some(Color4f { r: 0.23529412, g: 0.21960784, b: 0.21176471, a: 1.0 }), special: None }, reverse: false, italic: false, bold: false, strikethrough: false, blend: 0, underline: None }, name: None }
TRACE [neovide::channel_utils] neovim_handler HighlightAttributesDefine { id: 61, style: Style { colors: Colors { foreground: Some(Color4f { r: 0.27058825, g: 0.52156866, b: 0.53333336, a: 1.0 }), background: None, special: None }, reverse: false, italic: false, bold: false, strikethrough: false, blend: 0, underline: None }, name: None }
TRACE [neovide::channel_utils] neovim_handler HighlightAttributesDefine { id: 62, style: Style { colors: Colors { foreground: Some(Color4f { r: 0.23529412, g: 0.21960784, b: 0.21176471, a: 1.0 }), background: Some(Color4f { r: 0.8392157, g: 0.3647059, b: 0.05490196, a: 1.0 }), special: None }, reverse: false, italic: false, bold: false, strikethrough: false, blend: 0, underline: None }, name: None }
TRACE [neovide::channel_utils] neovim_handler HighlightAttributesDefine { id: 63, style: Style { colors: Colors { foreground: Some(Color4f { r: 0.15686275, g: 0.15686275, b: 0.15686275, a: 1.0 }), background: Some(Color4f { r: 0.92156863, g: 0.85882354, b: 0.69803923, a: 1.0 }), special: None }, reverse: false, italic: false, bold: false, strikethrough: false, blend: 0, underline: None }, name: None }
TRACE [neovide::channel_utils] neovim_handler HighlightAttributesDefine { id: 64, style: Style { colors: Colors { foreground: None, background: Some(Color4f { r: 0.23529412, g: 0.21960784, b: 0.21176471, a: 1.0 }), special: None }, reverse: false, italic: false, bold: false, strikethrough: false, blend: 0, underline: None }, name: None }
TRACE [neovide::channel_utils] neovim_handler HighlightAttributesDefine { id: 65, style: Style { colors: Colors { foreground: Some(Color4f { r: 0.40784314, g: 0.6156863, b: 0.41568628, a: 1.0 }), background: Some(Color4f { r: 0.23529412, g: 0.21960784, b: 0.21176471, a: 1.0 }), special: None }, reverse: false, italic: false, bold: false, strikethrough: false, blend: 0, underline: None }, name: None }
TRACE [neovide::channel_utils] neovim_handler HighlightAttributesDefine { id: 66, style: Style { colors: Colors { foreground: Some(Color4f { r: 0.57254905, g: 0.5137255, b: 0.45490196, a: 1.0 }), background: Some(Color4f { r: 0.23529412, g: 0.21960784, b: 0.21176471, a: 1.0 }), special: None }, reverse: false, italic: false, bold: false, strikethrough: false, blend: 0, underline: None }, name: None }
TRACE [neovide::channel_utils] neovim_handler HighlightAttributesDefine { id: 67, style: Style { colors: Colors { foreground: Some(Color4f { r: 0.4, g: 0.36078432, b: 0.32941177, a: 1.0 }), background: Some(Color4f { r: 0.23529412, g: 0.21960784, b: 0.21176471, a: 1.0 }), special: None }, reverse: false, italic: false, bold: false, strikethrough: false, blend: 0, underline: None }, name: None }
TRACE [neovide::channel_utils] neovim_handler HighlightAttributesDefine { id: 68, style: Style { colors: Colors { foreground: Some(Color4f { r: 0.59607846, g: 0.5921569, b: 0.101960786, a: 1.0 }), background: Some(Color4f { r: 0.23529412, g: 0.21960784, b: 0.21176471, a: 1.0 }), special: None }, reverse: false, italic: false, bold: false, strikethrough: false, blend: 0, underline: None }, name: None }
TRACE [neovide::channel_utils] neovim_handler HighlightAttributesDefine { id: 69, style: Style { colors: Colors { foreground: Some(Color4f { r: 0.69411767, g: 0.38431373, b: 0.5254902, a: 1.0 }), background: Some(Color4f { r: 0.23529412, g: 0.21960784, b: 0.21176471, a: 1.0 }), special: None }, reverse: false, italic: false, bold: false, strikethrough: false, blend: 0, underline: None }, name: None }
TRACE [neovide::channel_utils] neovim_handler HighlightAttributesDefine { id: 70, style: Style { colors: Colors { foreground: Some(Color4f { r: 0.8, g: 0.14117648, b: 0.11372549, a: 1.0 }), background: Some(Color4f { r: 0.23529412, g: 0.21960784, b: 0.21176471, a: 1.0 }), special: None }, reverse: false, italic: false, bold: false, strikethrough: false, blend: 0, underline: None }, name: None }
TRACE [neovide::channel_utils] neovim_handler HighlightAttributesDefine { id: 71, style: Style { colors: Colors { foreground: Some(Color4f { r: 0.27058825, g: 0.52156866, b: 0.53333336, a: 1.0 }), background: Some(Color4f { r: 0.23529412, g: 0.21960784, b: 0.21176471, a: 1.0 }), special: None }, reverse: false, italic: false, bold: false, strikethrough: false, blend: 0, underline: None }, name: None }
TRACE [neovide::channel_utils] neovim_handler HighlightAttributesDefine { id: 72, style: Style { colors: Colors { foreground: Some(Color4f { r: 0.27058825, g: 0.52156866, b: 0.53333336, a: 1.0 }), background: None, special: None }, reverse: false, italic: false, bold: false, strikethrough: false, blend: 0, underline: None }, name: None }
TRACE [neovide::channel_utils] neovim_handler HighlightAttributesDefine { id: 73, style: Style { colors: Colors { foreground: Some(Color4f { r: 0.4, g: 0.36078432, b: 0.32941177, a: 1.0 }), background: None, special: None }, reverse: false, italic: false, bold: false, strikethrough: false, blend: 0, underline: None }, name: None }
TRACE [neovide::channel_utils] neovim_handler HighlightAttributesDefine { id: 74, style: Style { colors: Colors { foreground: Some(Color4f { r: 0.8, g: 0.14117648, b: 0.11372549, a: 1.0 }), background: None, special: None }, reverse: false, italic: false, bold: false, strikethrough: false, blend: 0, underline: None }, name: None }
TRACE [neovide::channel_utils] neovim_handler HighlightAttributesDefine { id: 75, style: Style { colors: Colors { foreground: Some(Color4f { r: 0.23529412, g: 0.21960784, b: 0.21176471, a: 1.0 }), background: Some(Color4f { r: 0.8392157, g: 0.3647059, b: 0.05490196, a: 1.0 }), special: None }, reverse: false, italic: false, bold: false, strikethrough: false, blend: 0, underline: None }, name: None }
TRACE [neovide::channel_utils] neovim_handler HighlightAttributesDefine { id: 76, style: Style { colors: Colors { foreground: None, background: Some(Color4f { r: 0.3137255, g: 0.28627452, b: 0.27058825, a: 1.0 }), special: None }, reverse: false, italic: false, bold: false, strikethrough: false, blend: 0, underline: None }, name: None }
TRACE [neovide::channel_utils] neovim_handler HighlightAttributesDefine { id: 77, style: Style { colors: Colors { foreground: Some(Color4f { r: 0.59607846, g: 0.5921569, b: 0.101960786, a: 1.0 }), background: None, special: None }, reverse: false, italic: false, bold: false, strikethrough: false, blend: 0, underline: None }, name: None }
TRACE [neovide::channel_utils] neovim_handler HighlightAttributesDefine { id: 78, style: Style { colors: Colors { foreground: Some(Color4f { r: 0.59607846, g: 0.5921569, b: 0.101960786, a: 1.0 }), background: None, special: None }, reverse: false, italic: false, bold: false, strikethrough: false, blend: 0, underline: None }, name: None }
TRACE [neovide::channel_utils] neovim_handler HighlightAttributesDefine { id: 79, style: Style { colors: Colors { foreground: Some(Color4f { r: 0.3137255, g: 0.28627452, b: 0.27058825, a: 1.0 }), background: Some(Color4f { r: 0.3137255, g: 0.28627452, b: 0.27058825, a: 1.0 }), special: None }, reverse: false, italic: false, bold: false, strikethrough: false, blend: 0, underline: None }, name: None }
TRACE [neovide::channel_utils] neovim_handler HighlightAttributesDefine { id: 80, style: Style { colors: Colors { foreground: Some(Color4f { r: 0.92156863, g: 0.85882354, b: 0.69803923, a: 1.0 }), background: Some(Color4f { r: 0.15686275, g: 0.15686275, b: 0.15686275, a: 1.0 }), special: None }, reverse: false, italic: false, bold: false, strikethrough: false, blend: 0, underline: None }, name: None }
TRACE [neovide::channel_utils] neovim_handler HighlightAttributesDefine { id: 81, style: Style { colors: Colors { foreground: Some(Color4f { r: 0.15686275, g: 0.15686275, b: 0.15686275, a: 1.0 }), background: Some(Color4f { r: 0.15686275, g: 0.15686275, b: 0.15686275, a: 1.0 }), special: Some(Color4f { r: 0.92156863, g: 0.85882354, b: 0.69803923, a: 1.0 }) }, reverse: false, italic: false, bold: false, strikethrough: false, blend: 0, underline: Some(UnderDouble) }, name: None }
TRACE [neovide::channel_utils] neovim_handler HighlightAttributesDefine { id: 82, style: Style { colors: Colors { foreground: Some(Color4f { r: 0.15686275, g: 0.15686275, b: 0.15686275, a: 1.0 }), background: Some(Color4f { r: 0.15686275, g: 0.15686275, b: 0.15686275, a: 1.0 }), special: Some(Color4f { r: 0.92156863, g: 0.85882354, b: 0.69803923, a: 1.0 }) }, reverse: false, italic: false, bold: false, strikethrough: false, blend: 0, underline: Some(Underline) }, name: None }
TRACE [neovide::channel_utils] neovim_handler HighlightAttributesDefine { id: 83, style: Style { colors: Colors { foreground: Some(Color4f { r: 0.92156863, g: 0.85882354, b: 0.69803923, a: 1.0 }), background: Some(Color4f { r: 0.23529412, g: 0.21960784, b: 0.21176471, a: 1.0 }), special: None }, reverse: false, italic: false, bold: false, strikethrough: false, blend: 0, underline: None }, name: None }
TRACE [neovide::channel_utils] neovim_handler HighlightAttributesDefine { id: 84, style: Style { colors: Colors { foreground: Some(Color4f { r: 0.92156863, g: 0.85882354, b: 0.69803923, a: 1.0 }), background: Some(Color4f { r: 0.23529412, g: 0.21960784, b: 0.21176471, a: 1.0 }), special: None }, reverse: false, italic: false, bold: false, strikethrough: false, blend: 0, underline: None }, name: None }
TRACE [neovide::channel_utils] neovim_handler HighlightAttributesDefine { id: 85, style: Style { colors: Colors { foreground: Some(Color4f { r: 0.92156863, g: 0.85882354, b: 0.69803923, a: 1.0 }), background: None, special: None }, reverse: false, italic: false, bold: true, strikethrough: false, blend: 0, underline: None }, name: None }
TRACE [neovide::channel_utils] neovim_handler HighlightAttributesDefine { id: 86, style: Style { colors: Colors { foreground: Some(Color4f { r: 0.92156863, g: 0.85882354, b: 0.69803923, a: 1.0 }), background: None, special: None }, reverse: true, italic: false, bold: true, strikethrough: false, blend: 0, underline: None }, name: None }
TRACE [neovide::channel_utils] neovim_handler HighlightAttributesDefine { id: 87, style: Style { colors: Colors { foreground: None, background: Some(Color4f { r: 0.3137255, g: 0.28627452, b: 0.27058825, a: 1.0 }), special: None }, reverse: false, italic: false, bold: false, strikethrough: false, blend: 0, underline: None }, name: None }
TRACE [neovide::channel_utils] neovim_handler HighlightAttributesDefine { id: 88, style: Style { colors: Colors { foreground: Some(Color4f { r: 0.92156863, g: 0.85882354, b: 0.69803923, a: 1.0 }), background: Some(Color4f { r: 0.23529412, g: 0.21960784, b: 0.21176471, a: 1.0 }), special: None }, reverse: true, italic: false, bold: false, strikethrough: false, blend: 0, underline: None }, name: None }
TRACE [neovide::channel_utils] neovim_handler HighlightAttributesDefine { id: 89, style: Style { colors: Colors { foreground: None, background: Some(Color4f { r: 0.9764706, g: 0.9607843, b: 0.84313726, a: 1.0 }), special: None }, reverse: false, italic: false, bold: false, strikethrough: false, blend: 0, underline: None }, name: None }
TRACE [neovide::channel_utils] neovim_handler HighlightAttributesDefine { id: 90, style: Style { colors: Colors { foreground: None, background: Some(Color4f { r: 0.23529412, g: 0.21960784, b: 0.21176471, a: 1.0 }), special: None }, reverse: false, italic: false, bold: false, strikethrough: false, blend: 0, underline: None }, name: None }
TRACE [neovide::channel_utils] neovim_handler HighlightAttributesDefine { id: 91, style: Style { colors: Colors { foreground: Some(Color4f { r: 0.23529412, g: 0.21960784, b: 0.21176471, a: 1.0 }), background: Some(Color4f { r: 0.84313726, g: 0.6, b: 0.12941177, a: 1.0 }), special: None }, reverse: false, italic: false, bold: false, strikethrough: false, blend: 0, underline: None }, name: None }
TRACE [neovide::channel_utils] neovim_handler HighlightAttributesDefine { id: 92, style: Style { colors: Colors { foreground: None, background: None, special: Some(Color4f { r: 0.8, g: 0.14117648, b: 0.11372549, a: 1.0 }) }, reverse: false, italic: false, bold: false, strikethrough: false, blend: 0, underline: Some(UnderCurl) }, name: None }
TRACE [neovide::channel_utils] neovim_handler HighlightAttributesDefine { id: 93, style: Style { colors: Colors { foreground: None, background: None, special: Some(Color4f { r: 0.27058825, g: 0.52156866, b: 0.53333336, a: 1.0 }) }, reverse: false, italic: false, bold: false, strikethrough: false, blend: 0, underline: Some(UnderCurl) }, name: None }
TRACE [neovide::channel_utils] neovim_handler HighlightAttributesDefine { id: 94, style: Style { colors: Colors { foreground: None, background: None, special: Some(Color4f { r: 0.40784314, g: 0.6156863, b: 0.41568628, a: 1.0 }) }, reverse: false, italic: false, bold: false, strikethrough: false, blend: 0, underline: Some(UnderCurl) }, name: None }
TRACE [neovide::channel_utils] neovim_handler HighlightAttributesDefine { id: 95, style: Style { colors: Colors { foreground: None, background: None, special: Some(Color4f { r: 0.69411767, g: 0.38431373, b: 0.5254902, a: 1.0 }) }, reverse: false, italic: false, bold: false, strikethrough: false, blend: 0, underline: Some(UnderCurl) }, name: None }
TRACE [neovide::channel_utils] neovim_handler HighlightAttributesDefine { id: 96, style: Style { colors: Colors { foreground: Some(Color4f { r: 0.57254905, g: 0.5137255, b: 0.45490196, a: 1.0 }), background: Some(Color4f { r: 0.3137255, g: 0.28627452, b: 0.27058825, a: 1.0 }), special: None }, reverse: false, italic: false, bold: false, strikethrough: false, blend: 0, underline: None }, name: None }
TRACE [neovide::channel_utils] neovim_handler HighlightAttributesDefine { id: 97, style: Style { colors: Colors { foreground: Some(Color4f { r: 0.4, g: 0.36078432, b: 0.32941177, a: 1.0 }), background: Some(Color4f { r: 0.23529412, g: 0.21960784, b: 0.21176471, a: 1.0 }), special: None }, reverse: false, italic: false, bold: false, strikethrough: false, blend: 0, underline: None }, name: None }
TRACE [neovide::channel_utils] neovim_handler HighlightAttributesDefine { id: 98, style: Style { colors: Colors { foreground: Some(Color4f { r: 0.23529412, g: 0.21960784, b: 0.21176471, a: 1.0 }), background: Some(Color4f { r: 0.84313726, g: 0.6, b: 0.12941177, a: 1.0 }), special: None }, reverse: false, italic: false, bold: false, strikethrough: false, blend: 0, underline: None }, name: None }
TRACE [neovide::channel_utils] neovim_handler HighlightAttributesDefine { id: 99, style: Style { colors: Colors { foreground: Some(Color4f { r: 0.59607846, g: 0.5921569, b: 0.101960786, a: 1.0 }), background: Some(Color4f { r: 0.23529412, g: 0.21960784, b: 0.21176471, a: 1.0 }), special: None }, reverse: false, italic: false, bold: false, strikethrough: false, blend: 0, underline: None }, name: None }
TRACE [neovide::channel_utils] neovim_handler HighlightAttributesDefine { id: 100, style: Style { colors: Colors { foreground: None, background: None, special: None }, reverse: true, italic: false, bold: false, strikethrough: false, blend: 0, underline: None }, name: None }
TRACE [neovide::channel_utils] neovim_handler HighlightAttributesDefine { id: 101, style: Style { colors: Colors { foreground: Some(Color4f { r: 0.27058825, g: 0.52156866, b: 0.53333336, a: 1.0 }), background: None, special: None }, reverse: false, italic: false, bold: false, strikethrough: false, blend: 0, underline: None }, name: None }
TRACE [neovide::channel_utils] neovim_handler HighlightAttributesDefine { id: 102, style: Style { colors: Colors { foreground: None, background: Some(Color4f { r: 0.3137255, g: 0.28627452, b: 0.27058825, a: 1.0 }), special: None }, reverse: false, italic: false, bold: false, strikethrough: false, blend: 0, underline: None }, name: None }
TRACE [neovide::channel_utils] neovim_handler HighlightAttributesDefine { id: 103, style: Style { colors: Colors { foreground: Some(Color4f { r: 0.8, g: 0.14117648, b: 0.11372549, a: 1.0 }), background: None, special: None }, reverse: false, italic: false, bold: false, strikethrough: false, blend: 0, underline: None }, name: None }
TRACE [neovide::channel_utils] neovim_handler HighlightAttributesDefine { id: 104, style: Style { colors: Colors { foreground: Some(Color4f { r: 0.8, g: 0.14117648, b: 0.11372549, a: 1.0 }), background: None, special: None }, reverse: false, italic: false, bold: false, strikethrough: false, blend: 0, underline: None }, name: None }
TRACE [neovide::channel_utils] neovim_handler HighlightAttributesDefine { id: 105, style: Style { colors: Colors { foreground: Some(Color4f { r: 0.8, g: 0.14117648, b: 0.11372549, a: 1.0 }), background: Some(Color4f { r: 0.84313726, g: 0.6, b: 0.12941177, a: 1.0 }), special: None }, reverse: false, italic: false, bold: false, strikethrough: false, blend: 0, underline: None }, name: None }
TRACE [neovide::channel_utils] neovim_handler HighlightAttributesDefine { id: 106, style: Style { colors: Colors { foreground: Some(Color4f { r: 0.57254905, g: 0.5137255, b: 0.45490196, a: 1.0 }), background: Some(Color4f { r: 0.3137255, g: 0.28627452, b: 0.27058825, a: 1.0 }), special: None }, reverse: false, italic: false, bold: false, strikethrough: false, blend: 0, underline: None }, name: None }
TRACE [neovide::channel_utils] neovim_handler HighlightAttributesDefine { id: 107, style: Style { colors: Colors { foreground: Some(Color4f { r: 0.4, g: 0.36078432, b: 0.32941177, a: 1.0 }), background: Some(Color4f { r: 0.23529412, g: 0.21960784, b: 0.21176471, a: 1.0 }), special: None }, reverse: false, italic: false, bold: false, strikethrough: false, blend: 0, underline: None }, name: None }
TRACE [neovide::channel_utils] neovim_handler HighlightAttributesDefine { id: 108, style: Style { colors: Colors { foreground: Some(Color4f { r: 0.8392157, g: 0.3647059, b: 0.05490196, a: 1.0 }), background: None, special: None }, reverse: false, italic: false, bold: false, strikethrough: false, blend: 0, underline: None }, name: None }
TRACE [neovide::channel_utils] neovim_handler HighlightAttributesDefine { id: 109, style: Style { colors: Colors { foreground: Some(Color4f { r: 0.69411767, g: 0.38431373, b: 0.5254902, a: 1.0 }), background: None, special: None }, reverse: false, italic: false, bold: false, strikethrough: false, blend: 0, underline: None }, name: None }
TRACE [neovide::channel_utils] neovim_handler HighlightAttributesDefine { id: 110, style: Style { colors: Colors { foreground: Some(Color4f { r: 0.6156863, g: 0.0, b: 0.023529412, a: 1.0 }), background: None, special: None }, reverse: false, italic: false, bold: false, strikethrough: false, blend: 0, underline: None }, name: None }
TRACE [neovide::channel_utils] neovim_handler HighlightAttributesDefine { id: 111, style: Style { colors: Colors { foreground: Some(Color4f { r: 0.15686275, g: 0.15686275, b: 0.15686275, a: 1.0 }), background: Some(Color4f { r: 0.8, g: 0.14117648, b: 0.11372549, a: 1.0 }), special: None }, reverse: false, italic: false, bold: false, strikethrough: false, blend: 0, underline: None }, name: None }
TRACE [neovide::channel_utils] neovim_handler HighlightAttributesDefine { id: 112, style: Style { colors: Colors { foreground: Some(Color4f { r: 0.8, g: 0.14117648, b: 0.11372549, a: 1.0 }), background: None, special: None }, reverse: false, italic: false, bold: false, strikethrough: false, blend: 0, underline: None }, name: None }
TRACE [neovide::channel_utils] neovim_handler HighlightAttributesDefine { id: 113, style: Style { colors: Colors { foreground: Some(Color4f { r: 0.40784314, g: 0.6156863, b: 0.41568628, a: 1.0 }), background: None, special: None }, reverse: false, italic: false, bold: false, strikethrough: false, blend: 0, underline: None }, name: None }
TRACE [neovide::channel_utils] neovim_handler HighlightAttributesDefine { id: 114, style: Style { colors: Colors { foreground: Some(Color4f { r: 0.84313726, g: 0.6, b: 0.12941177, a: 1.0 }), background: None, special: None }, reverse: false, italic: false, bold: false, strikethrough: false, blend: 0, underline: None }, name: None }
TRACE [neovide::channel_utils] neovim_handler HighlightAttributesDefine { id: 115, style: Style { colors: Colors { foreground: Some(Color4f { r: 0.92156863, g: 0.85882354, b: 0.69803923, a: 1.0 }), background: None, special: None }, reverse: false, italic: false, bold: false, strikethrough: false, blend: 0, underline: None }, name: None }
TRACE [neovide::channel_utils] neovim_handler HighlightAttributesDefine { id: 116, style: Style { colors: Colors { foreground: Some(Color4f { r: 0.40784314, g: 0.6156863, b: 0.41568628, a: 1.0 }), background: None, special: None }, reverse: false, italic: false, bold: false, strikethrough: false, blend: 0, underline: None }, name: None }
TRACE [neovide::channel_utils] neovim_handler HighlightAttributesDefine { id: 117, style: Style { colors: Colors { foreground: Some(Color4f { r: 0.8, g: 0.14117648, b: 0.11372549, a: 1.0 }), background: None, special: None }, reverse: false, italic: false, bold: false, strikethrough: false, blend: 0, underline: None }, name: None }
TRACE [neovide::channel_utils] neovim_handler HighlightAttributesDefine { id: 118, style: Style { colors: Colors { foreground: Some(Color4f { r: 0.84313726, g: 0.6, b: 0.12941177, a: 1.0 }), background: Some(Color4f { r: 0.23529412, g: 0.21960784, b: 0.21176471, a: 1.0 }), special: None }, reverse: false, italic: false, bold: false, strikethrough: false, blend: 0, underline: None }, name: None }
TRACE [neovide::channel_utils] neovim_handler HighlightAttributesDefine { id: 119, style: Style { colors: Colors { foreground: None, background: None, special: None }, reverse: false, italic: true, bold: false, strikethrough: false, blend: 0, underline: None }, name: None }
TRACE [neovide::channel_utils] neovim_handler HighlightAttributesDefine { id: 120, style: Style { colors: Colors { foreground: Some(Color4f { r: 0.59607846, g: 0.5921569, b: 0.101960786, a: 1.0 }), background: None, special: None }, reverse: false, italic: false, bold: false, strikethrough: false, blend: 0, underline: None }, name: None }
TRACE [neovide::channel_utils] neovim_handler HighlightAttributesDefine { id: 121, style: Style { colors: Colors { foreground: Some(Color4f { r: 0.69411767, g: 0.38431373, b: 0.5254902, a: 1.0 }), background: None, special: None }, reverse: false, italic: false, bold: false, strikethrough: false, blend: 0, underline: None }, name: None }
TRACE [neovide::channel_utils] neovim_handler HighlightAttributesDefine { id: 122, style: Style { colors: Colors { foreground: Some(Color4f { r: 0.8392157, g: 0.3647059, b: 0.05490196, a: 1.0 }), background: None, special: None }, reverse: false, italic: false, bold: true, strikethrough: false, blend: 0, underline: None }, name: None }
TRACE [neovide::channel_utils] neovim_handler HighlightAttributesDefine { id: 123, style: Style { colors: Colors { foreground: Some(Color4f { r: 0.8, g: 0.14117648, b: 0.11372549, a: 1.0 }), background: None, special: None }, reverse: false, italic: false, bold: true, strikethrough: false, blend: 0, underline: None }, name: None }
TRACE [neovide::channel_utils] neovim_handler HighlightAttributesDefine { id: 124, style: Style { colors: Colors { foreground: Some(Color4f { r: 0.59607846, g: 0.5921569, b: 0.101960786, a: 1.0 }), background: None, special: None }, reverse: false, italic: false, bold: true, strikethrough: false, blend: 0, underline: None }, name: None }
TRACE [neovide::channel_utils] neovim_handler HighlightAttributesDefine { id: 125, style: Style { colors: Colors { foreground: Some(Color4f { r: 0.27058825, g: 0.52156866, b: 0.53333336, a: 1.0 }), background: None, special: None }, reverse: false, italic: false, bold: false, strikethrough: false, blend: 0, underline: None }, name: None }
TRACE [neovide::channel_utils] neovim_handler HighlightAttributesDefine { id: 126, style: Style { colors: Colors { foreground: Some(Color4f { r: 0.69411767, g: 0.38431373, b: 0.5254902, a: 1.0 }), background: None, special: None }, reverse: false, italic: false, bold: false, strikethrough: false, blend: 0, underline: None }, name: None }
TRACE [neovide::channel_utils] neovim_handler HighlightAttributesDefine { id: 127, style: Style { colors: Colors { foreground: Some(Color4f { r: 0.8, g: 0.14117648, b: 0.11372549, a: 1.0 }), background: Some(Color4f { r: 0.23529412, g: 0.21960784, b: 0.21176471, a: 1.0 }), special: None }, reverse: false, italic: false, bold: false, strikethrough: false, blend: 0, underline: None }, name: None }
TRACE [neovide::channel_utils] neovim_handler HighlightAttributesDefine { id: 128, style: Style { colors: Colors { foreground: Some(Color4f { r: 0.27058825, g: 0.52156866, b: 0.53333336, a: 1.0 }), background: Some(Color4f { r: 0.23529412, g: 0.21960784, b: 0.21176471, a: 1.0 }), special: None }, reverse: false, italic: false, bold: false, strikethrough: false, blend: 0, underline: None }, name: None }
TRACE [neovide::channel_utils] neovim_handler HighlightAttributesDefine { id: 129, style: Style { colors: Colors { foreground: None, background: None, special: Some(Color4f { r: 0.8, g: 0.14117648, b: 0.11372549, a: 1.0 }) }, reverse: false, italic: false, bold: false, strikethrough: false, blend: 0, underline: Some(Underline) }, name: None }
TRACE [neovide::channel_utils] neovim_handler HighlightAttributesDefine { id: 130, style: Style { colors: Colors { foreground: None, background: None, special: Some(Color4f { r: 0.27058825, g: 0.52156866, b: 0.53333336, a: 1.0 }) }, reverse: false, italic: false, bold: false, strikethrough: false, blend: 0, underline: Some(Underline) }, name: None }
TRACE [neovide::channel_utils] neovim_handler HighlightAttributesDefine { id: 131, style: Style { colors: Colors { foreground: None, background: None, special: Some(Color4f { r: 0.40784314, g: 0.6156863, b: 0.41568628, a: 1.0 }) }, reverse: false, italic: false, bold: false, strikethrough: false, blend: 0, underline: Some(Underline) }, name: None }
TRACE [neovide::channel_utils] neovim_handler HighlightAttributesDefine { id: 132, style: Style { colors: Colors { foreground: None, background: None, special: Some(Color4f { r: 0.59607846, g: 0.5921569, b: 0.101960786, a: 1.0 }) }, reverse: false, italic: false, bold: false, strikethrough: false, blend: 0, underline: Some(Underline) }, name: None }
TRACE [neovide::channel_utils] neovim_handler HighlightAttributesDefine { id: 133, style: Style { colors: Colors { foreground: None, background: None, special: Some(Color4f { r: 0.69411767, g: 0.38431373, b: 0.5254902, a: 1.0 }) }, reverse: false, italic: false, bold: false, strikethrough: false, blend: 0, underline: Some(Underline) }, name: None }
TRACE [neovide::channel_utils] neovim_handler HighlightAttributesDefine { id: 134, style: Style { colors: Colors { foreground: None, background: None, special: None }, reverse: false, italic: false, bold: false, strikethrough: true, blend: 0, underline: None }, name: None }
TRACE [neovide::channel_utils] neovim_handler HighlightAttributesDefine { id: 135, style: Style { colors: Colors { foreground: None, background: None, special: None }, reverse: true, italic: false, bold: false, strikethrough: false, blend: 0, underline: None }, name: None }
TRACE [neovide::channel_utils] neovim_handler HighlightAttributesDefine { id: 136, style: Style { colors: Colors { foreground: Some(Color4f { r: 0.27058825, g: 0.52156866, b: 0.53333336, a: 1.0 }), background: Some(Color4f { r: 0.23529412, g: 0.21960784, b: 0.21176471, a: 1.0 }), special: None }, reverse: false, italic: false, bold: true, strikethrough: false, blend: 0, underline: None }, name: None }
TRACE [neovide::channel_utils] neovim_handler HighlightAttributesDefine { id: 137, style: Style { colors: Colors { foreground: None, background: None, special: None }, reverse: false, italic: false, bold: false, strikethrough: false, blend: 0, underline: Some(Underline) }, name: None }
TRACE [neovide::channel_utils] neovim_handler HighlightAttributesDefine { id: 138, style: Style { colors: Colors { foreground: Some(Color4f { r: 0.15686275, g: 0.15686275, b: 0.15686275, a: 1.0 }), background: Some(Color4f { r: 0.8, g: 0.14117648, b: 0.11372549, a: 1.0 }), special: None }, reverse: false, italic: false, bold: true, strikethrough: false, blend: 0, underline: None }, name: None }
TRACE [neovide::channel_utils] neovim_handler HighlightAttributesDefine { id: 139, style: Style { colors: Colors { foreground: Some(Color4f { r: 0.15686275, g: 0.15686275, b: 0.15686275, a: 1.0 }), background: Some(Color4f { r: 0.69411767, g: 0.38431373, b: 0.5254902, a: 1.0 }), special: None }, reverse: false, italic: false, bold: true, strikethrough: false, blend: 0, underline: None }, name: None }
TRACE [neovide::channel_utils] neovim_handler HighlightAttributesDefine { id: 140, style: Style { colors: Colors { foreground: Some(Color4f { r: 0.15686275, g: 0.15686275, b: 0.15686275, a: 1.0 }), background: Some(Color4f { r: 0.27058825, g: 0.52156866, b: 0.53333336, a: 1.0 }), special: None }, reverse: false, italic: false, bold: true, strikethrough: false, blend: 0, underline: None }, name: None }
TRACE [neovide::channel_utils] neovim_handler HighlightAttributesDefine { id: 141, style: Style { colors: Colors { foreground: Some(Color4f { r: 0.15686275, g: 0.15686275, b: 0.15686275, a: 1.0 }), background: Some(Color4f { r: 0.40784314, g: 0.6156863, b: 0.41568628, a: 1.0 }), special: None }, reverse: false, italic: false, bold: true, strikethrough: false, blend: 0, underline: None }, name: None }
TRACE [neovide::channel_utils] neovim_handler HighlightAttributesDefine { id: 142, style: Style { colors: Colors { foreground: Some(Color4f { r: 0.9764706, g: 0.9607843, b: 0.84313726, a: 1.0 }), background: None, special: None }, reverse: false, italic: false, bold: false, strikethrough: false, blend: 0, underline: None }, name: None }
TRACE [neovide::channel_utils] neovim_handler HighlightAttributesDefine { id: 143, style: Style { colors: Colors { foreground: Some(Color4f { r: 0.9764706, g: 0.9607843, b: 0.84313726, a: 1.0 }), background: Some(Color4f { r: 0.23529412, g: 0.21960784, b: 0.21176471, a: 1.0 }), special: None }, reverse: false, italic: false, bold: true, strikethrough: false, blend: 0, underline: None }, name: None }
TRACE [neovide::channel_utils] neovim_handler HighlightAttributesDefine { id: 144, style: Style { colors: Colors { foreground: Some(Color4f { r: 0.9843137, g: 0.94509804, b: 0.78039217, a: 1.0 }), background: Some(Color4f { r: 0.15686275, g: 0.15686275, b: 0.15686275, a: 1.0 }), special: None }, reverse: false, italic: false, bold: false, strikethrough: false, blend: 0, underline: None }, name: None }
TRACE [neovide::channel_utils] neovim_handler HighlightAttributesDefine { id: 145, style: Style { colors: Colors { foreground: None, background: None, special: None }, reverse: false, italic: false, bold: false, strikethrough: false, blend: 100, underline: None }, name: None }
TRACE [neovide::channel_utils] neovim_handler HighlightAttributesDefine { id: 146, style: Style { colors: Colors { foreground: None, background: Some(Color4f { r: 0.4, g: 0.36078432, b: 0.32941177, a: 1.0 }), special: None }, reverse: false, italic: false, bold: false, strikethrough: false, blend: 0, underline: None }, name: None }
TRACE [neovide::channel_utils] neovim_handler HighlightAttributesDefine { id: 147, style: Style { colors: Colors { foreground: None, background: None, special: Some(Color4f { r: 0.69411767, g: 0.38431373, b: 0.5254902, a: 1.0 }) }, reverse: false, italic: false, bold: false, strikethrough: false, blend: 0, underline: Some(UnderDouble) }, name: None }
TRACE [neovide::channel_utils] neovim_handler HighlightAttributesDefine { id: 148, style: Style { colors: Colors { foreground: None, background: None, special: Some(Color4f { r: 0.8, g: 0.14117648, b: 0.11372549, a: 1.0 }) }, reverse: false, italic: false, bold: false, strikethrough: false, blend: 0, underline: Some(UnderDouble) }, name: None }
TRACE [neovide::channel_utils] neovim_handler HighlightAttributesDefine { id: 149, style: Style { colors: Colors { foreground: None, background: None, special: Some(Color4f { r: 0.59607846, g: 0.5921569, b: 0.101960786, a: 1.0 }) }, reverse: false, italic: false, bold: false, strikethrough: false, blend: 0, underline: Some(UnderDouble) }, name: None }
TRACE [neovide::channel_utils] neovim_handler HighlightAttributesDefine { id: 150, style: Style { colors: Colors { foreground: None, background: None, special: Some(Color4f { r: 0.27058825, g: 0.52156866, b: 0.53333336, a: 1.0 }) }, reverse: false, italic: false, bold: false, strikethrough: false, blend: 0, underline: Some(UnderDouble) }, name: None }
TRACE [neovide::channel_utils] neovim_handler HighlightAttributesDefine { id: 151, style: Style { colors: Colors { foreground: None, background: None, special: Some(Color4f { r: 0.40784314, g: 0.6156863, b: 0.41568628, a: 1.0 }) }, reverse: false, italic: false, bold: false, strikethrough: false, blend: 0, underline: Some(UnderDouble) }, name: None }
TRACE [neovide::channel_utils] neovim_handler HighlightAttributesDefine { id: 152, style: Style { colors: Colors { foreground: Some(Color4f { r: 0.57254905, g: 0.5137255, b: 0.45490196, a: 1.0 }), background: Some(Color4f { r: 0.3137255, g: 0.28627452, b: 0.27058825, a: 1.0 }), special: None }, reverse: false, italic: false, bold: false, strikethrough: false, blend: 0, underline: None }, name: None }
TRACE [neovide::channel_utils] neovim_handler HighlightAttributesDefine { id: 153, style: Style { colors: Colors { foreground: Some(Color4f { r: 0.15686275, g: 0.15686275, b: 0.15686275, a: 1.0 }), background: Some(Color4f { r: 0.92156863, g: 0.85882354, b: 0.69803923, a: 1.0 }), special: None }, reverse: false, italic: false, bold: true, strikethrough: false, blend: 0, underline: None }, name: None }
TRACE [neovide::channel_utils] neovim_handler HighlightAttributesDefine { id: 154, style: Style { colors: Colors { foreground: Some(Color4f { r: 0.15686275, g: 0.15686275, b: 0.15686275, a: 1.0 }), background: Some(Color4f { r: 0.4, g: 0.36078432, b: 0.32941177, a: 1.0 }), special: None }, reverse: false, italic: false, bold: true, strikethrough: false, blend: 0, underline: None }, name: None }
TRACE [neovide::channel_utils] neovim_handler HighlightAttributesDefine { id: 155, style: Style { colors: Colors { foreground: Some(Color4f { r: 0.15686275, g: 0.15686275, b: 0.15686275, a: 1.0 }), background: Some(Color4f { r: 0.59607846, g: 0.5921569, b: 0.101960786, a: 1.0 }), special: None }, reverse: false, italic: false, bold: true, strikethrough: false, blend: 0, underline: None }, name: None }
TRACE [neovide::channel_utils] neovim_handler HighlightAttributesDefine { id: 156, style: Style { colors: Colors { foreground: Some(Color4f { r: 0.92156863, g: 0.85882354, b: 0.69803923, a: 1.0 }), background: Some(Color4f { r: 0.3137255, g: 0.28627452, b: 0.27058825, a: 1.0 }), special: None }, reverse: false, italic: false, bold: true, strikethrough: false, blend: 0, underline: None }, name: None }
TRACE [neovide::channel_utils] neovim_handler HighlightAttributesDefine { id: 157, style: Style { colors: Colors { foreground: Some(Color4f { r: 0.57254905, g: 0.5137255, b: 0.45490196, a: 1.0 }), background: Some(Color4f { r: 0.23529412, g: 0.21960784, b: 0.21176471, a: 1.0 }), special: None }, reverse: false, italic: false, bold: false, strikethrough: false, blend: 0, underline: None }, name: None }
TRACE [neovide::bridge::handler] Neovim notification: "setting_changed"
TRACE [neovide::bridge::handler] Neovim notification: "option_changed"
TRACE [neovide::bridge::handler] Neovim notification: "redraw"
DEBUG [neovide::bridge::events] Ignored style attribute: "nocombine"
DEBUG [neovide::bridge::events] Ignored style attribute: "nocombine"
DEBUG [neovide::bridge::events] Ignored style attribute: "nocombine"
DEBUG [neovide::bridge::events] Ignored style attribute: "nocombine"
DEBUG [neovide::bridge::events] Ignored style attribute: "nocombine"
DEBUG [neovide::bridge::events] Ignored style attribute: "nocombine"
DEBUG [neovide::bridge::events] Ignored style attribute: "nocombine"
DEBUG [neovide::bridge::events] Ignored style attribute: "nocombine"
DEBUG [neovide::bridge::events] Ignored style attribute: "nocombine"
DEBUG [neovide::bridge::events] Ignored style attribute: "nocombine"
DEBUG [neovide::bridge::events] Ignored style attribute: "nocombine"
DEBUG [neovide::bridge::events] Ignored style attribute: "nocombine"
DEBUG [neovide::bridge::events] Ignored style attribute: "nocombine"
DEBUG [neovide::bridge::events] Ignored style attribute: "nocombine"
DEBUG [neovide::bridge::events] Ignored style attribute: "nocombine"
DEBUG [neovide::bridge::events] Ignored style attribute: "nocombine"
DEBUG [neovide::bridge::events] Ignored style attribute: "nocombine"
DEBUG [neovide::bridge::events] Ignored style attribute: "nocombine"
DEBUG [neovide::bridge::events] Ignored style attribute: "nocombine"
DEBUG [neovide::bridge::events] Ignored style attribute: "nocombine"
DEBUG [neovide::bridge::events] Ignored style attribute: "nocombine"
DEBUG [neovide::bridge::events] Ignored style attribute: "nocombine"
DEBUG [neovide::bridge::events] Ignored style attribute: "nocombine"
DEBUG [neovide::bridge::events] Ignored style attribute: "nocombine"
DEBUG [neovide::bridge::events] Ignored style attribute: "nocombine"
DEBUG [neovide::bridge::events] Ignored style attribute: "nocombine"
DEBUG [neovide::bridge::events] Ignored style attribute: "nocombine"
DEBUG [neovide::bridge::events] Ignored style attribute: "nocombine"
DEBUG [neovide::bridge::events] Ignored style attribute: "nocombine"
DEBUG [neovide::bridge::events] Ignored style attribute: "nocombine"
DEBUG [neovide::bridge::events] Ignored style attribute: "nocombine"
DEBUG [neovide::bridge::events] Ignored style attribute: "nocombine"
DEBUG [neovide::bridge::events] Ignored style attribute: "nocombine"
DEBUG [neovide::bridge::events] Ignored style attribute: "nocombine"
DEBUG [neovide::bridge::events] Ignored style attribute: "nocombine"
DEBUG [neovide::bridge::events] Ignored style attribute: "nocombine"
TRACE [neovide::channel_utils] neovim_handler HighlightAttributesDefine { id: 158, style: Style { colors: Colors { foreground: Some(Color4f { r: 0.3137255, g: 0.28627452, b: 0.27058825, a: 1.0 }), background: Some(Color4f { r: 0.92156863, g: 0.85882354, b: 0.69803923, a: 1.0 }), special: None }, reverse: false, italic: false, bold: true, strikethrough: false, blend: 0, underline: None }, name: None }
TRACE [neovide::channel_utils] neovim_handler HighlightAttributesDefine { id: 159, style: Style { colors: Colors { foreground: Some(Color4f { r: 0.23529412, g: 0.21960784, b: 0.21176471, a: 1.0 }), background: Some(Color4f { r: 0.57254905, g: 0.5137255, b: 0.45490196, a: 1.0 }), special: None }, reverse: false, italic: false, bold: false, strikethrough: false, blend: 0, underline: None }, name: None }
TRACE [neovide::channel_utils] neovim_handler HighlightAttributesDefine { id: 160, style: Style { colors: Colors { foreground: Some(Color4f { r: 0.3137255, g: 0.28627452, b: 0.27058825, a: 1.0 }), background: Some(Color4f { r: 0.57254905, g: 0.5137255, b: 0.45490196, a: 1.0 }), special: None }, reverse: false, italic: false, bold: true, strikethrough: false, blend: 0, underline: None }, name: None }
TRACE [neovide::channel_utils] neovim_handler HighlightAttributesDefine { id: 161, style: Style { colors: Colors { foreground: Some(Color4f { r: 0.23529412, g: 0.21960784, b: 0.21176471, a: 1.0 }), background: Some(Color4f { r: 0.84313726, g: 0.6, b: 0.12941177, a: 1.0 }), special: None }, reverse: false, italic: false, bold: true, strikethrough: false, blend: 0, underline: None }, name: None }
TRACE [neovide::channel_utils] neovim_handler HighlightAttributesDefine { id: 162, style: Style { colors: Colors { foreground: Some(Color4f { r: 0.92156863, g: 0.85882354, b: 0.69803923, a: 1.0 }), background: Some(Color4f { r: 0.23529412, g: 0.21960784, b: 0.21176471, a: 1.0 }), special: None }, reverse: false, italic: false, bold: true, strikethrough: false, blend: 0, underline: None }, name: None }
TRACE [neovide::channel_utils] neovim_handler HighlightAttributesDefine { id: 163, style: Style { colors: Colors { foreground: Some(Color4f { r: 0.57254905, g: 0.5137255, b: 0.45490196, a: 1.0 }), background: None, special: None }, reverse: false, italic: false, bold: false, strikethrough: false, blend: 0, underline: None }, name: None }
TRACE [neovide::channel_utils] neovim_handler HighlightAttributesDefine { id: 164, style: Style { colors: Colors { foreground: Some(Color4f { r: 0.92156863, g: 0.85882354, b: 0.69803923, a: 1.0 }), background: None, special: None }, reverse: false, italic: false, bold: true, strikethrough: false, blend: 0, underline: None }, name: None }
TRACE [neovide::channel_utils] neovim_handler HighlightAttributesDefine { id: 165, style: Style { colors: Colors { foreground: Some(Color4f { r: 0.15686275, g: 0.15686275, b: 0.15686275, a: 1.0 }), background: Some(Color4f { r: 0.84313726, g: 0.6, b: 0.12941177, a: 1.0 }), special: None }, reverse: false, italic: false, bold: false, strikethrough: false, blend: 0, underline: None }, name: None }
TRACE [neovide::channel_utils] neovim_handler HighlightAttributesDefine { id: 166, style: Style { colors: Colors { foreground: Some(Color4f { r: 0.15686275, g: 0.15686275, b: 0.15686275, a: 1.0 }), background: Some(Color4f { r: 0.84313726, g: 0.6, b: 0.12941177, a: 1.0 }), special: None }, reverse: false, italic: false, bold: true, strikethrough: false, blend: 0, underline: None }, name: None }
TRACE [neovide::channel_utils] neovim_handler HighlightAttributesDefine { id: 167, style: Style { colors: Colors { foreground: None, background: Some(Color4f { r: 0.3137255, g: 0.28627452, b: 0.27058825, a: 1.0 }), special: None }, reverse: false, italic: false, bold: true, strikethrough: false, blend: 0, underline: None }, name: None }
TRACE [neovide::channel_utils] neovim_handler HighlightAttributesDefine { id: 168, style: Style { colors: Colors { foreground: Some(Color4f { r: 0.3137255, g: 0.28627452, b: 0.27058825, a: 1.0 }), background: None, special: None }, reverse: false, italic: false, bold: false, strikethrough: false, blend: 0, underline: None }, name: None }
TRACE [neovide::channel_utils] neovim_handler HighlightAttributesDefine { id: 169, style: Style { colors: Colors { foreground: Some(Color4f { r: 0.69411767, g: 0.38431373, b: 0.5254902, a: 1.0 }), background: None, special: None }, reverse: false, italic: false, bold: true, strikethrough: false, blend: 0, underline: Some(Underline) }, name: None }
TRACE [neovide::channel_utils] neovim_handler HighlightAttributesDefine { id: 170, style: Style { colors: Colors { foreground: Some(Color4f { r: 0.8, g: 0.14117648, b: 0.11372549, a: 1.0 }), background: None, special: None }, reverse: false, italic: false, bold: true, strikethrough: false, blend: 0, underline: None }, name: None }
TRACE [neovide::channel_utils] neovim_handler HighlightAttributesDefine { id: 171, style: Style { colors: Colors { foreground: Some(Color4f { r: 0.8392157, g: 0.3647059, b: 0.05490196, a: 1.0 }), background: None, special: None }, reverse: false, italic: false, bold: true, strikethrough: false, blend: 0, underline: None }, name: None }
TRACE [neovide::channel_utils] neovim_handler HighlightAttributesDefine { id: 172, style: Style { colors: Colors { foreground: Some(Color4f { r: 0.69411767, g: 0.38431373, b: 0.5254902, a: 1.0 }), background: None, special: None }, reverse: false, italic: false, bold: true, strikethrough: false, blend: 0, underline: Some(Underline) }, name: None }
TRACE [neovide::channel_utils] neovim_handler HighlightAttributesDefine { id: 173, style: Style { colors: Colors { foreground: Some(Color4f { r: 0.27058825, g: 0.52156866, b: 0.53333336, a: 1.0 }), background: None, special: None }, reverse: false, italic: false, bold: true, strikethrough: false, blend: 0, underline: Some(Underline) }, name: None }
TRACE [neovide::channel_utils] neovim_handler HighlightAttributesDefine { id: 174, style: Style { colors: Colors { foreground: Some(Color4f { r: 0.9764706, g: 0.9607843, b: 0.84313726, a: 1.0 }), background: None, special: None }, reverse: false, italic: false, bold: true, strikethrough: false, blend: 0, underline: None }, name: None }
TRACE [neovide::channel_utils] neovim_handler HighlightAttributesDefine { id: 175, style: Style { colors: Colors { foreground: Some(Color4f { r: 0.27058825, g: 0.52156866, b: 0.53333336, a: 1.0 }), background: None, special: None }, reverse: false, italic: false, bold: true, strikethrough: false, blend: 0, underline: None }, name: None }
TRACE [neovide::channel_utils] neovim_handler HighlightAttributesDefine { id: 176, style: Style { colors: Colors { foreground: Some(Color4f { r: 0.84313726, g: 0.6, b: 0.12941177, a: 1.0 }), background: None, special: None }, reverse: false, italic: false, bold: true, strikethrough: false, blend: 0, underline: None }, name: None }
TRACE [neovide::channel_utils] neovim_handler HighlightAttributesDefine { id: 177, style: Style { colors: Colors { foreground: Some(Color4f { r: 0.6156863, g: 0.0, b: 0.023529412, a: 1.0 }), background: Some(Color4f { r: 0.23529412, g: 0.21960784, b: 0.21176471, a: 1.0 }), special: None }, reverse: false, italic: false, bold: false, strikethrough: false, blend: 0, underline: None }, name: None }
TRACE [neovide::channel_utils] neovim_handler HighlightAttributesDefine { id: 178, style: Style { colors: Colors { foreground: Some(Color4f { r: 0.15686275, g: 0.15686275, b: 0.15686275, a: 1.0 }), background: Some(Color4f { r: 0.69411767, g: 0.38431373, b: 0.5254902, a: 1.0 }), special: None }, reverse: false, italic: false, bold: false, strikethrough: false, blend: 0, underline: None }, name: None }
TRACE [neovide::channel_utils] neovim_handler HighlightAttributesDefine { id: 179, style: Style { colors: Colors { foreground: Some(Color4f { r: 0.15686275, g: 0.15686275, b: 0.15686275, a: 1.0 }), background: Some(Color4f { r: 0.9764706, g: 0.9607843, b: 0.84313726, a: 1.0 }), special: None }, reverse: false, italic: false, bold: false, strikethrough: false, blend: 0, underline: None }, name: None }
TRACE [neovide::channel_utils] neovim_handler HighlightAttributesDefine { id: 180, style: Style { colors: Colors { foreground: Some(Color4f { r: 0.3137255, g: 0.28627452, b: 0.27058825, a: 1.0 }), background: None, special: None }, reverse: false, italic: false, bold: false, strikethrough: false, blend: 0, underline: None }, name: None }
TRACE [neovide::channel_utils] neovim_handler HighlightAttributesDefine { id: 181, style: Style { colors: Colors { foreground: Some(Color4f { r: 0.6156863, g: 0.0, b: 0.023529412, a: 1.0 }), background: None, special: None }, reverse: false, italic: false, bold: false, strikethrough: false, blend: 0, underline: None }, name: None }
TRACE [neovide::channel_utils] neovim_handler HighlightAttributesDefine { id: 182, style: Style { colors: Colors { foreground: None, background: None, special: Some(Color4f { r: 0.6156863, g: 0.0, b: 0.023529412, a: 1.0 }) }, reverse: false, italic: false, bold: false, strikethrough: false, blend: 0, underline: Some(Underline) }, name: None }
TRACE [neovide::channel_utils] neovim_handler HighlightAttributesDefine { id: 183, style: Style { colors: Colors { foreground: Some(Color4f { r: 0.8, g: 0.14117648, b: 0.11372549, a: 1.0 }), background: None, special: None }, reverse: false, italic: false, bold: false, strikethrough: false, blend: 0, underline: None }, name: None }
TRACE [neovide::channel_utils] neovim_handler HighlightAttributesDefine { id: 184, style: Style { colors: Colors { foreground: Some(Color4f { r: 0.8392157, g: 0.3647059, b: 0.05490196, a: 1.0 }), background: None, special: None }, reverse: false, italic: false, bold: false, strikethrough: false, blend: 0, underline: None }, name: None }
TRACE [neovide::channel_utils] neovim_handler HighlightAttributesDefine { id: 185, style: Style { colors: Colors { foreground: Some(Color4f { r: 0.84313726, g: 0.6, b: 0.12941177, a: 1.0 }), background: None, special: None }, reverse: false, italic: false, bold: false, strikethrough: false, blend: 0, underline: None }, name: None }
TRACE [neovide::channel_utils] neovim_handler HighlightAttributesDefine { id: 186, style: Style { colors: Colors { foreground: Some(Color4f { r: 0.59607846, g: 0.5921569, b: 0.101960786, a: 1.0 }), background: None, special: None }, reverse: false, italic: false, bold: false, strikethrough: false, blend: 0, underline: None }, name: None }
TRACE [neovide::channel_utils] neovim_handler HighlightAttributesDefine { id: 187, style: Style { colors: Colors { foreground: Some(Color4f { r: 0.40784314, g: 0.6156863, b: 0.41568628, a: 1.0 }), background: None, special: None }, reverse: false, italic: false, bold: false, strikethrough: false, blend: 0, underline: None }, name: None }
TRACE [neovide::channel_utils] neovim_handler HighlightAttributesDefine { id: 188, style: Style { colors: Colors { foreground: Some(Color4f { r: 0.27058825, g: 0.52156866, b: 0.53333336, a: 1.0 }), background: None, special: None }, reverse: false, italic: false, bold: false, strikethrough: false, blend: 0, underline: None }, name: None }
TRACE [neovide::channel_utils] neovim_handler HighlightAttributesDefine { id: 189, style: Style { colors: Colors { foreground: Some(Color4f { r: 0.69411767, g: 0.38431373, b: 0.5254902, a: 1.0 }), background: None, special: None }, reverse: false, italic: false, bold: false, strikethrough: false, blend: 0, underline: None }, name: None }
TRACE [neovide::channel_utils] neovim_handler HighlightAttributesDefine { id: 190, style: Style { colors: Colors { foreground: Some(Color4f { r: 0.4, g: 0.36078432, b: 0.32941177, a: 1.0 }), background: Some(Color4f { r: 0.3137255, g: 0.28627452, b: 0.27058825, a: 1.0 }), special: None }, reverse: false, italic: false, bold: false, strikethrough: false, blend: 0, underline: None }, name: None }
TRACE [neovide::channel_utils] neovim_handler HighlightAttributesDefine { id: 191, style: Style { colors: Colors { foreground: Some(Color4f { r: 0.23529412, g: 0.21960784, b: 0.21176471, a: 1.0 }), background: Some(Color4f { r: 0.23529412, g: 0.21960784, b: 0.21176471, a: 1.0 }), special: None }, reverse: false, italic: false, bold: false, strikethrough: false, blend: 0, underline: None }, name: None }
TRACE [neovide::channel_utils] neovim_handler HighlightAttributesDefine { id: 192, style: Style { colors: Colors { foreground: None, background: Some(Color4f { r: 0.23529412, g: 0.21960784, b: 0.21176471, a: 1.0 }), special: None }, reverse: false, italic: false, bold: true, strikethrough: false, blend: 0, underline: None }, name: None }
TRACE [neovide::channel_utils] neovim_handler HighlightAttributesDefine { id: 193, style: Style { colors: Colors { foreground: Some(Color4f { r: 0.69411767, g: 0.38431373, b: 0.5254902, a: 1.0 }), background: None, special: None }, reverse: false, italic: false, bold: true, strikethrough: false, blend: 0, underline: None }, name: None }
TRACE [neovide::channel_utils] neovim_handler HighlightAttributesDefine { id: 194, style: Style { colors: Colors { foreground: Some(Color4f { r: 0.6156863, g: 0.0, b: 0.023529412, a: 1.0 }), background: None, special: None }, reverse: false, italic: false, bold: true, strikethrough: false, blend: 0, underline: None }, name: None }
TRACE [neovide::channel_utils] neovim_handler HighlightAttributesDefine { id: 195, style: Style { colors: Colors { foreground: Some(Color4f { r: 0.27058825, g: 0.52156866, b: 0.53333336, a: 1.0 }), background: None, special: None }, reverse: false, italic: false, bold: false, strikethrough: false, blend: 0, underline: Some(Underline) }, name: None }
TRACE [neovide::channel_utils] neovim_handler HighlightAttributesDefine { id: 196, style: Style { colors: Colors { foreground: Some(Color4f { r: 0.69411767, g: 0.38431373, b: 0.5254902, a: 1.0 }), background: Some(Color4f { r: 0.15686275, g: 0.15686275, b: 0.15686275, a: 1.0 }), special: None }, reverse: false, italic: false, bold: false, strikethrough: false, blend: 0, underline: None }, name: None }
TRACE [neovide::channel_utils] neovim_handler HighlightAttributesDefine { id: 197, style: Style { colors: Colors { foreground: None, background: Some(Color4f { r: 0.15686275, g: 0.15686275, b: 0.15686275, a: 1.0 }), special: None }, reverse: false, italic: false, bold: false, strikethrough: false, blend: 0, underline: None }, name: None }
TRACE [neovide::channel_utils] neovim_handler HighlightAttributesDefine { id: 198, style: Style { colors: Colors { foreground: Some(Color4f { r: 0.8, g: 0.14117648, b: 0.11372549, a: 1.0 }), background: Some(Color4f { r: 0.15686275, g: 0.15686275, b: 0.15686275, a: 1.0 }), special: None }, reverse: false, italic: false, bold: false, strikethrough: false, blend: 0, underline: None }, name: None }
TRACE [neovide::channel_utils] neovim_handler HighlightAttributesDefine { id: 199, style: Style { colors: Colors { foreground: Some(Color4f { r: 0.8392157, g: 0.3647059, b: 0.05490196, a: 1.0 }), background: Some(Color4f { r: 0.15686275, g: 0.15686275, b: 0.15686275, a: 1.0 }), special: None }, reverse: false, italic: false, bold: false, strikethrough: false, blend: 0, underline: None }, name: None }
TRACE [neovide::channel_utils] neovim_handler HighlightAttributesDefine { id: 200, style: Style { colors: Colors { foreground: Some(Color4f { r: 0.84313726, g: 0.6, b: 0.12941177, a: 1.0 }), background: Some(Color4f { r: 0.15686275, g: 0.15686275, b: 0.15686275, a: 1.0 }), special: None }, reverse: false, italic: false, bold: false, strikethrough: false, blend: 0, underline: None }, name: None }
TRACE [neovide::channel_utils] neovim_handler HighlightAttributesDefine { id: 201, style: Style { colors: Colors { foreground: Some(Color4f { r: 0.59607846, g: 0.5921569, b: 0.101960786, a: 1.0 }), background: Some(Color4f { r: 0.15686275, g: 0.15686275, b: 0.15686275, a: 1.0 }), special: None }, reverse: false, italic: false, bold: false, strikethrough: false, blend: 0, underline: None }, name: None }
TRACE [neovide::channel_utils] neovim_handler HighlightAttributesDefine { id: 202, style: Style { colors: Colors { foreground: Some(Color4f { r: 0.40784314, g: 0.6156863, b: 0.41568628, a: 1.0 }), background: Some(Color4f { r: 0.15686275, g: 0.15686275, b: 0.15686275, a: 1.0 }), special: None }, reverse: false, italic: false, bold: false, strikethrough: false, blend: 0, underline: None }, name: None }
TRACE [neovide::channel_utils] neovim_handler HighlightAttributesDefine { id: 203, style: Style { colors: Colors { foreground: Some(Color4f { r: 0.27058825, g: 0.52156866, b: 0.53333336, a: 1.0 }), background: Some(Color4f { r: 0.15686275, g: 0.15686275, b: 0.15686275, a: 1.0 }), special: None }, reverse: false, italic: false, bold: false, strikethrough: false, blend: 0, underline: None }, name: None }
TRACE [neovide::channel_utils] neovim_handler HighlightAttributesDefine { id: 204, style: Style { colors: Colors { foreground: Some(Color4f { r: 0.6156863, g: 0.0, b: 0.023529412, a: 1.0 }), background: Some(Color4f { r: 0.15686275, g: 0.15686275, b: 0.15686275, a: 1.0 }), special: None }, reverse: false, italic: false, bold: false, strikethrough: false, blend: 0, underline: None }, name: None }
TRACE [neovide::channel_utils] neovim_handler HighlightAttributesDefine { id: 205, style: Style { colors: Colors { foreground: Some(Color4f { r: 0.69411767, g: 0.38431373, b: 0.5254902, a: 1.0 }), background: None, special: None }, reverse: false, italic: false, bold: true, strikethrough: false, blend: 0, underline: None }, name: None }
TRACE [neovide::channel_utils] neovim_handler HighlightAttributesDefine { id: 206, style: Style { colors: Colors { foreground: Some(Color4f { r: 0.57254905, g: 0.5137255, b: 0.45490196, a: 1.0 }), background: None, special: None }, reverse: false, italic: false, bold: true, strikethrough: false, blend: 0, underline: None }, name: None }
TRACE [neovide::channel_utils] neovim_handler HighlightAttributesDefine { id: 207, style: Style { colors: Colors { foreground: Some(Color4f { r: 0.15686275, g: 0.15686275, b: 0.15686275, a: 1.0 }), background: Some(Color4f { r: 0.92156863, g: 0.85882354, b: 0.69803923, a: 1.0 }), special: None }, reverse: false, italic: false, bold: true, strikethrough: false, blend: 0, underline: None }, name: None }
TRACE [neovide::channel_utils] neovim_handler HighlightAttributesDefine { id: 208, style: Style { colors: Colors { foreground: Some(Color4f { r: 0.15686275, g: 0.15686275, b: 0.15686275, a: 1.0 }), background: Some(Color4f { r: 0.4, g: 0.36078432, b: 0.32941177, a: 1.0 }), special: None }, reverse: false, italic: false, bold: true, strikethrough: false, blend: 0, underline: None }, name: None }
TRACE [neovide::channel_utils] neovim_handler HighlightAttributesDefine { id: 209, style: Style { colors: Colors { foreground: Some(Color4f { r: 0.15686275, g: 0.15686275, b: 0.15686275, a: 1.0 }), background: Some(Color4f { r: 0.8, g: 0.14117648, b: 0.11372549, a: 1.0 }), special: None }, reverse: false, italic: false, bold: true, strikethrough: false, blend: 0, underline: None }, name: None }
TRACE [neovide::channel_utils] neovim_handler HighlightAttributesDefine { id: 210, style: Style { colors: Colors { foreground: Some(Color4f { r: 0.15686275, g: 0.15686275, b: 0.15686275, a: 1.0 }), background: Some(Color4f { r: 0.59607846, g: 0.5921569, b: 0.101960786, a: 1.0 }), special: None }, reverse: false, italic: false, bold: true, strikethrough: false, blend: 0, underline: None }, name: None }
TRACE [neovide::channel_utils] neovim_handler HighlightAttributesDefine { id: 211, style: Style { colors: Colors { foreground: Some(Color4f { r: 0.8, g: 0.14117648, b: 0.11372549, a: 1.0 }), background: Some(Color4f { r: 0.3137255, g: 0.28627452, b: 0.27058825, a: 1.0 }), special: None }, reverse: false, italic: false, bold: true, strikethrough: false, blend: 0, underline: None }, name: None }
TRACE [neovide::channel_utils] neovim_handler HighlightAttributesDefine { id: 212, style: Style { colors: Colors { foreground: Some(Color4f { r: 0.69411767, g: 0.38431373, b: 0.5254902, a: 1.0 }), background: Some(Color4f { r: 0.3137255, g: 0.28627452, b: 0.27058825, a: 1.0 }), special: None }, reverse: false, italic: false, bold: true, strikethrough: false, blend: 0, underline: None }, name: None }
TRACE [neovide::channel_utils] neovim_handler HighlightAttributesDefine { id: 213, style: Style { colors: Colors { foreground: Some(Color4f { r: 0.69411767, g: 0.38431373, b: 0.5254902, a: 1.0 }), background: Some(Color4f { r: 0.23529412, g: 0.21960784, b: 0.21176471, a: 1.0 }), special: None }, reverse: false, italic: false, bold: true, strikethrough: false, blend: 0, underline: None }, name: None }
TRACE [neovide::channel_utils] neovim_handler HighlightAttributesDefine { id: 214, style: Style { colors: Colors { foreground: Some(Color4f { r: 0.8, g: 0.14117648, b: 0.11372549, a: 1.0 }), background: Some(Color4f { r: 0.23529412, g: 0.21960784, b: 0.21176471, a: 1.0 }), special: None }, reverse: false, italic: false, bold: true, strikethrough: false, blend: 0, underline: None }, name: None }
TRACE [neovide::channel_utils] neovim_handler HighlightAttributesDefine { id: 215, style: Style { colors: Colors { foreground: Some(Color4f { r: 0.15686275, g: 0.15686275, b: 0.15686275, a: 1.0 }), background: Some(Color4f { r: 0.6156863, g: 0.0, b: 0.023529412, a: 1.0 }), special: None }, reverse: false, italic: false, bold: true, strikethrough: false, blend: 0, underline: None }, name: None }
TRACE [neovide::channel_utils] neovim_handler HighlightAttributesDefine { id: 216, style: Style { colors: Colors { foreground: Some(Color4f { r: 0.15686275, g: 0.15686275, b: 0.15686275, a: 1.0 }), background: Some(Color4f { r: 0.6156863, g: 0.0, b: 0.023529412, a: 1.0 }), special: None }, reverse: false, italic: false, bold: false, strikethrough: false, blend: 0, underline: None }, name: None }
TRACE [neovide::channel_utils] neovim_handler HighlightAttributesDefine { id: 217, style: Style { colors: Colors { foreground: Some(Color4f { r: 0.15686275, g: 0.15686275, b: 0.15686275, a: 1.0 }), background: Some(Color4f { r: 0.27058825, g: 0.52156866, b: 0.53333336, a: 1.0 }), special: None }, reverse: false, italic: false, bold: false, strikethrough: false, blend: 0, underline: None }, name: None }
TRACE [neovide::channel_utils] neovim_handler HighlightAttributesDefine { id: 218, style: Style { colors: Colors { foreground: Some(Color4f { r: 0.15686275, g: 0.15686275, b: 0.15686275, a: 1.0 }), background: Some(Color4f { r: 0.4, g: 0.36078432, b: 0.32941177, a: 1.0 }), special: None }, reverse: false, italic: false, bold: false, strikethrough: false, blend: 0, underline: None }, name: None }
TRACE [neovide::channel_utils] neovim_handler HighlightAttributesDefine { id: 219, style: Style { colors: Colors { foreground: None, background: None, special: None }, reverse: true, italic: false, bold: false, strikethrough: false, blend: 100, underline: None }, name: None }
TRACE [neovide::channel_utils] neovim_handler HighlightAttributesDefine { id: 220, style: Style { colors: Colors { foreground: Some(Color4f { r: 0.92156863, g: 0.85882354, b: 0.69803923, a: 1.0 }), background: Some(Color4f { r: 0.15686275, g: 0.15686275, b: 0.15686275, a: 1.0 }), special: None }, reverse: false, italic: false, bold: false, strikethrough: false, blend: 0, underline: None }, name: None }
TRACE [neovide::channel_utils] neovim_handler HighlightAttributesDefine { id: 221, style: Style { colors: Colors { foreground: Some(Color4f { r: 0.17254902, g: 0.17254902, b: 0.17254902, a: 1.0 }), background: Some(Color4f { r: 0.44705883, g: 0.6745098, b: 0.45490196, a: 1.0 }), special: None }, reverse: false, italic: false, bold: true, strikethrough: false, blend: 0, underline: None }, name: None }
TRACE [neovide::channel_utils] neovim_handler HighlightAttributesDefine { id: 222, style: Style { colors: Colors { foreground: Some(Color4f { r: 1.0, g: 0.9411765, b: 0.7647059, a: 1.0 }), background: Some(Color4f { r: 0.34509805, g: 0.3137255, b: 0.29411766, a: 1.0 }), special: None }, reverse: false, italic: false, bold: false, strikethrough: false, blend: 0, underline: None }, name: None }
TRACE [neovide::channel_utils] neovim_handler HighlightAttributesDefine { id: 223, style: Style { colors: Colors { foreground: Some(Color4f { r: 0.44705883, g: 0.6745098, b: 0.45490196, a: 1.0 }), background: Some(Color4f { r: 0.17254902, g: 0.17254902, b: 0.17254902, a: 1.0 }), special: None }, reverse: false, italic: false, bold: false, strikethrough: false, blend: 0, underline: None }, name: None }
TRACE [neovide::channel_utils] neovim_handler HighlightAttributesDefine { id: 224, style: Style { colors: Colors { foreground: Some(Color4f { r: 0.6431373, g: 0.6431373, b: 0.6431373, a: 1.0 }), background: Some(Color4f { r: 0.654902, g: 0.6509804, b: 0.10980392, a: 1.0 }), special: None }, reverse: false, italic: false, bold: true, strikethrough: false, blend: 0, underline: None }, name: None }
TRACE [neovide::channel_utils] neovim_handler HighlightAttributesDefine { id: 225, style: Style { colors: Colors { foreground: Some(Color4f { r: 0.6745098, g: 0.67058825, b: 0.12941177, a: 1.0 }), background: Some(Color4f { r: 0.17254902, g: 0.17254902, b: 0.17254902, a: 1.0 }), special: None }, reverse: false, italic: false, bold: false, strikethrough: false, blend: 0, underline: None }, name: None }
TRACE [neovide::channel_utils] neovim_handler HighlightAttributesDefine { id: 226, style: Style { colors: Colors { foreground: Some(Color4f { r: 0.17254902, g: 0.17254902, b: 0.17254902, a: 1.0 }), background: Some(Color4f { r: 1.0, g: 0.9411765, b: 0.7647059, a: 1.0 }), special: None }, reverse: false, italic: false, bold: true, strikethrough: false, blend: 0, underline: None }, name: None }
TRACE [neovide::channel_utils] neovim_handler HighlightAttributesDefine { id: 227, style: Style { colors: Colors { foreground: Some(Color4f { r: 1.0, g: 0.9411765, b: 0.7647059, a: 1.0 }), background: Some(Color4f { r: 0.17254902, g: 0.17254902, b: 0.17254902, a: 1.0 }), special: None }, reverse: false, italic: false, bold: false, strikethrough: false, blend: 0, underline: None }, name: None }
TRACE [neovide::channel_utils] neovim_handler HighlightAttributesDefine { id: 228, style: Style { colors: Colors { foreground: Some(Color4f { r: 0.7019608, g: 0.7019608, b: 0.7019608, a: 1.0 }), background: Some(Color4f { r: 0.8784314, g: 0.15294118, b: 0.12156863, a: 1.0 }), special: None }, reverse: false, italic: false, bold: true, strikethrough: false, blend: 0, underline: None }, name: None }
TRACE [neovide::channel_utils] neovim_handler HighlightAttributesDefine { id: 229, style: Style { colors: Colors { foreground: Some(Color4f { r: 0.9764706, g: 0.2509804, b: 0.21960784, a: 1.0 }), background: Some(Color4f { r: 0.17254902, g: 0.17254902, b: 0.17254902, a: 1.0 }), special: None }, reverse: false, italic: false, bold: false, strikethrough: false, blend: 0, underline: None }, name: None }
TRACE [neovide::channel_utils] neovim_handler HighlightAttributesDefine { id: 230, style: Style { colors: Colors { foreground: Some(Color4f { r: 0.6431373, g: 0.6431373, b: 0.6431373, a: 1.0 }), background: Some(Color4f { r: 0.92156863, g: 0.4, b: 0.05882353, a: 1.0 }), special: None }, reverse: false, italic: false, bold: true, strikethrough: false, blend: 0, underline: None }, name: None }
TRACE [neovide::channel_utils] neovim_handler HighlightAttributesDefine { id: 231, style: Style { colors: Colors { foreground: Some(Color4f { r: 0.9411765, g: 0.41960785, b: 0.078431375, a: 1.0 }), background: Some(Color4f { r: 0.17254902, g: 0.17254902, b: 0.17254902, a: 1.0 }), special: None }, reverse: false, italic: false, bold: false, strikethrough: false, blend: 0, underline: None }, name: None }
TRACE [neovide::channel_utils] neovim_handler HighlightAttributesDefine { id: 232, style: Style { colors: Colors { foreground: Some(Color4f { r: 0.59607846, g: 0.5921569, b: 0.101960786, a: 1.0 }), background: Some(Color4f { r: 0.17254902, g: 0.17254902, b: 0.17254902, a: 1.0 }), special: None }, reverse: false, italic: false, bold: false, strikethrough: false, blend: 0, underline: None }, name: None }
TRACE [neovide::channel_utils] neovim_handler HighlightAttributesDefine { id: 233, style: Style { colors: Colors { foreground: Some(Color4f { r: 0.69411767, g: 0.38431373, b: 0.5254902, a: 1.0 }), background: Some(Color4f { r: 0.17254902, g: 0.17254902, b: 0.17254902, a: 1.0 }), special: None }, reverse: false, italic: false, bold: false, strikethrough: false, blend: 0, underline: None }, name: None }
TRACE [neovide::channel_utils] neovim_handler HighlightAttributesDefine { id: 234, style: Style { colors: Colors { foreground: Some(Color4f { r: 0.8, g: 0.14117648, b: 0.11372549, a: 1.0 }), background: Some(Color4f { r: 0.17254902, g: 0.17254902, b: 0.17254902, a: 1.0 }), special: None }, reverse: false, italic: false, bold: false, strikethrough: false, blend: 0, underline: None }, name: None }
TRACE [neovide::channel_utils] neovim_handler HighlightAttributesDefine { id: 235, style: Style { colors: Colors { foreground: Some(Color4f { r: 0.40784314, g: 0.6156863, b: 0.41568628, a: 1.0 }), background: Some(Color4f { r: 0.17254902, g: 0.17254902, b: 0.17254902, a: 1.0 }), special: None }, reverse: false, italic: false, bold: false, strikethrough: false, blend: 0, underline: None }, name: None }
TRACE [neovide::channel_utils] neovim_handler HighlightAttributesDefine { id: 236, style: Style { colors: Colors { foreground: Some(Color4f { r: 0.27058825, g: 0.52156866, b: 0.53333336, a: 1.0 }), background: Some(Color4f { r: 0.17254902, g: 0.17254902, b: 0.17254902, a: 1.0 }), special: None }, reverse: false, italic: false, bold: false, strikethrough: false, blend: 0, underline: None }, name: None }
TRACE [neovide::channel_utils] neovim_handler HighlightAttributesDefine { id: 237, style: Style { colors: Colors { foreground: None, background: Some(Color4f { r: 0.0, g: 0.0, b: 0.0, a: 1.0 }), special: None }, reverse: false, italic: false, bold: false, strikethrough: false, blend: 0, underline: None }, name: None }
TRACE [neovide::channel_utils] neovim_handler HighlightAttributesDefine { id: 238, style: Style { colors: Colors { foreground: Some(Color4f { r: 1.0, g: 0.50980395, b: 0.67058825, a: 1.0 }), background: None, special: None }, reverse: false, italic: false, bold: false, strikethrough: false, blend: 0, underline: None }, name: None }
TRACE [neovide::channel_utils] neovim_handler HighlightAttributesDefine { id: 239, style: Style { colors: Colors { foreground: Some(Color4f { r: 0.88235295, g: 0.14901961, b: 0.44705883, a: 1.0 }), background: Some(Color4f { r: 0.3372549, g: 0.3372549, b: 0.3372549, a: 1.0 }), special: None }, reverse: false, italic: false, bold: false, strikethrough: false, blend: 0, underline: None }, name: None }
TRACE [neovide::channel_utils] neovim_handler HighlightAttributesDefine { id: 240, style: Style { colors: Colors { foreground: Some(Color4f { r: 0.7372549, g: 0.8666667, b: 0.7411765, a: 1.0 }), background: Some(Color4f { r: 0.3372549, g: 0.3372549, b: 0.3372549, a: 1.0 }), special: None }, reverse: false, italic: false, bold: false, strikethrough: false, blend: 0, underline: None }, name: None }
TRACE [neovide::channel_utils] neovim_handler HighlightAttributesDefine { id: 241, style: Style { colors: Colors { foreground: Some(Color4f { r: 0.8509804, g: 0.8509804, b: 0.8509804, a: 1.0 }), background: Some(Color4f { r: 0.3372549, g: 0.3372549, b: 0.3372549, a: 1.0 }), special: None }, reverse: false, italic: false, bold: false, strikethrough: false, blend: 0, underline: None }, name: None }
TRACE [neovide::channel_utils] neovim_handler HighlightAttributesDefine { id: 242, style: Style { colors: Colors { foreground: None, background: Some(Color4f { r: 0.23529412, g: 0.23529412, b: 0.23529412, a: 1.0 }), special: None }, reverse: false, italic: false, bold: false, strikethrough: false, blend: 0, underline: None }, name: None }
TRACE [neovide::channel_utils] neovim_handler HighlightAttributesDefine { id: 243, style: Style { colors: Colors { foreground: None, background: Some(Color4f { r: 0.27058825, g: 0.27058825, b: 0.27058825, a: 1.0 }), special: None }, reverse: false, italic: false, bold: false, strikethrough: false, blend: 0, underline: None }, name: None }
TRACE [neovide::channel_utils] neovim_handler HighlightAttributesDefine { id: 244, style: Style { colors: Colors { foreground: Some(Color4f { r: 0.69411767, g: 0.38431373, b: 0.5254902, a: 1.0 }), background: None, special: None }, reverse: false, italic: false, bold: false, strikethrough: true, blend: 0, underline: None }, name: None }
TRACE [neovide::channel_utils] neovim_handler HighlightAttributesDefine { id: 245, style: Style { colors: Colors { foreground: Some(Color4f { r: 0.23529412, g: 0.23529412, b: 0.23529412, a: 1.0 }), background: None, special: None }, reverse: false, italic: false, bold: false, strikethrough: false, blend: 0, underline: None }, name: None }
TRACE [neovide::channel_utils] neovim_handler HighlightAttributesDefine { id: 246, style: Style { colors: Colors { foreground: Some(Color4f { r: 0.4, g: 0.36078432, b: 0.32941177, a: 1.0 }), background: Some(Color4f { r: 0.23529412, g: 0.23529412, b: 0.23529412, a: 1.0 }), special: None }, reverse: false, italic: false, bold: false, strikethrough: false, blend: 0, underline: None }, name: None }
TRACE [neovide::channel_utils] neovim_handler HighlightAttributesDefine { id: 247, style: Style { colors: Colors { foreground: Some(Color4f { r: 0.15686275, g: 0.15294118, b: 0.15294118, a: 1.0 }), background: None, special: None }, reverse: false, italic: false, bold: false, strikethrough: false, blend: 0, underline: None }, name: None }
TRACE [neovide::channel_utils] neovim_handler HighlightAttributesDefine { id: 248, style: Style { colors: Colors { foreground: Some(Color4f { r: 0.16862746, g: 0.18039216, b: 0.18431373, a: 1.0 }), background: None, special: None }, reverse: false, italic: false, bold: false, strikethrough: false, blend: 0, underline: None }, name: None }
TRACE [neovide::channel_utils] neovim_handler HighlightAttributesDefine { id: 249, style: Style { colors: Colors { foreground: Some(Color4f { r: 0.18039216, g: 0.21176471, b: 0.21568628, a: 1.0 }), background: None, special: None }, reverse: false, italic: false, bold: false, strikethrough: false, blend: 0, underline: None }, name: None }
TRACE [neovide::channel_utils] neovim_handler HighlightAttributesDefine { id: 250, style: Style { colors: Colors { foreground: Some(Color4f { r: 0.19215687, g: 0.24705882, b: 0.24705882, a: 1.0 }), background: None, special: None }, reverse: false, italic: false, bold: false, strikethrough: false, blend: 0, underline: None }, name: None }
TRACE [neovide::channel_utils] neovim_handler HighlightAttributesDefine { id: 251, style: Style { colors: Colors { foreground: Some(Color4f { r: 0.20392157, g: 0.28235295, b: 0.28627452, a: 1.0 }), background: None, special: None }, reverse: false, italic: false, bold: false, strikethrough: false, blend: 0, underline: None }, name: None }
TRACE [neovide::channel_utils] neovim_handler HighlightAttributesDefine { id: 252, style: Style { colors: Colors { foreground: Some(Color4f { r: 0.21568628, g: 0.32156864, b: 0.3254902, a: 1.0 }), background: None, special: None }, reverse: false, italic: false, bold: false, strikethrough: false, blend: 0, underline: None }, name: None }
TRACE [neovide::channel_utils] neovim_handler HighlightAttributesDefine { id: 253, style: Style { colors: Colors { foreground: Some(Color4f { r: 0.23137255, g: 0.3647059, b: 0.37254903, a: 1.0 }), background: None, special: None }, reverse: false, italic: false, bold: false, strikethrough: false, blend: 0, underline: None }, name: None }
TRACE [neovide::channel_utils] neovim_handler HighlightAttributesDefine { id: 254, style: Style { colors: Colors { foreground: Some(Color4f { r: 0.24313726, g: 0.4117647, b: 0.41960785, a: 1.0 }), background: None, special: None }, reverse: false, italic: false, bold: false, strikethrough: false, blend: 0, underline: None }, name: None }
TRACE [neovide::channel_utils] neovim_handler HighlightAttributesDefine { id: 255, style: Style { colors: Colors { foreground: Some(Color4f { r: 0.25490198, g: 0.4627451, b: 0.4745098, a: 1.0 }), background: None, special: None }, reverse: false, italic: false, bold: false, strikethrough: false, blend: 0, underline: None }, name: None }
TRACE [neovide::channel_utils] neovim_handler HighlightAttributesDefine { id: 256, style: Style { colors: Colors { foreground: Some(Color4f { r: 0.27058825, g: 0.5176471, b: 0.5294118, a: 1.0 }), background: None, special: None }, reverse: false, italic: false, bold: false, strikethrough: false, blend: 0, underline: None }, name: None }
TRACE [neovide::channel_utils] neovim_handler HighlightAttributesDefine { id: 257, style: Style { colors: Colors { foreground: Some(Color4f { r: 0.69411767, g: 0.38431373, b: 0.5254902, a: 1.0 }), background: Some(Color4f { r: 0.23529412, g: 0.23529412, b: 0.23529412, a: 1.0 }), special: None }, reverse: false, italic: false, bold: false, strikethrough: false, blend: 0, underline: None }, name: None }
TRACE [neovide::bridge::handler] Neovim notification: "redraw"
TRACE [neovide::channel_utils] neovim_handler HighlightAttributesDefine { id: 258, style: Style { colors: Colors { foreground: Some(Color4f { r: 0.8, g: 0.14117648, b: 0.11372549, a: 1.0 }), background: Some(Color4f { r: 0.23529412, g: 0.23529412, b: 0.23529412, a: 1.0 }), special: None }, reverse: false, italic: false, bold: false, strikethrough: false, blend: 0, underline: None }, name: None }
TRACE [neovide::channel_utils] neovim_handler HighlightAttributesDefine { id: 259, style: Style { colors: Colors { foreground: Some(Color4f { r: 0.8392157, g: 0.3647059, b: 0.05490196, a: 1.0 }), background: Some(Color4f { r: 0.23529412, g: 0.23529412, b: 0.23529412, a: 1.0 }), special: None }, reverse: false, italic: false, bold: false, strikethrough: false, blend: 0, underline: None }, name: None }
TRACE [neovide::channel_utils] neovim_handler HighlightAttributesDefine { id: 260, style: Style { colors: Colors { foreground: Some(Color4f { r: 0.84313726, g: 0.6, b: 0.12941177, a: 1.0 }), background: Some(Color4f { r: 0.23529412, g: 0.23529412, b: 0.23529412, a: 1.0 }), special: None }, reverse: false, italic: false, bold: false, strikethrough: false, blend: 0, underline: None }, name: None }
TRACE [neovide::channel_utils] neovim_handler HighlightAttributesDefine { id: 261, style: Style { colors: Colors { foreground: Some(Color4f { r: 0.59607846, g: 0.5921569, b: 0.101960786, a: 1.0 }), background: Some(Color4f { r: 0.23529412, g: 0.23529412, b: 0.23529412, a: 1.0 }), special: None }, reverse: false, italic: false, bold: false, strikethrough: false, blend: 0, underline: None }, name: None }
TRACE [neovide::channel_utils] neovim_handler HighlightAttributesDefine { id: 262, style: Style { colors: Colors { foreground: Some(Color4f { r: 0.40784314, g: 0.6156863, b: 0.41568628, a: 1.0 }), background: Some(Color4f { r: 0.23529412, g: 0.23529412, b: 0.23529412, a: 1.0 }), special: None }, reverse: false, italic: false, bold: false, strikethrough: false, blend: 0, underline: None }, name: None }
TRACE [neovide::channel_utils] neovim_handler HighlightAttributesDefine { id: 263, style: Style { colors: Colors { foreground: Some(Color4f { r: 0.27058825, g: 0.52156866, b: 0.53333336, a: 1.0 }), background: Some(Color4f { r: 0.23529412, g: 0.23529412, b: 0.23529412, a: 1.0 }), special: None }, reverse: false, italic: false, bold: false, strikethrough: false, blend: 0, underline: None }, name: None }
TRACE [neovide::channel_utils] neovim_handler HighlightGroupSet { name: "SpecialKey", id: 73 }
TRACE [neovide::channel_utils] neovim_handler HighlightGroupSet { name: "EndOfBuffer", id: 73 }
TRACE [neovide::channel_utils] neovim_handler HighlightGroupSet { name: "TermCursor", id: 4 }
TRACE [neovide::channel_utils] neovim_handler HighlightGroupSet { name: "NonText", id: 73 }
TRACE [neovide::channel_utils] neovim_handler HighlightGroupSet { name: "Directory", id: 72 }
TRACE [neovide::channel_utils] neovim_handler HighlightGroupSet { name: "ErrorMsg", id: 74 }
TRACE [neovide::channel_utils] neovim_handler HighlightGroupSet { name: "IncSearch", id: 75 }
TRACE [neovide::channel_utils] neovim_handler HighlightGroupSet { name: "Search", id: 91 }
TRACE [neovide::channel_utils] neovim_handler HighlightGroupSet { name: "CurSearch", id: 62 }
TRACE [neovide::channel_utils] neovim_handler HighlightGroupSet { name: "MoreMsg", id: 78 }
TRACE [neovide::channel_utils] neovim_handler HighlightGroupSet { name: "ModeMsg", id: 77 }
TRACE [neovide::channel_utils] neovim_handler HighlightGroupSet { name: "LineNr", id: 67 }
TRACE [neovide::channel_utils] neovim_handler HighlightGroupSet { name: "LineNrAbove", id: 67 }
TRACE [neovide::channel_utils] neovim_handler HighlightGroupSet { name: "LineNrBelow", id: 67 }
TRACE [neovide::channel_utils] neovim_handler HighlightGroupSet { name: "CursorLineNr", id: 66 }
TRACE [neovide::channel_utils] neovim_handler HighlightGroupSet { name: "CursorLineSign", id: 67 }
TRACE [neovide::channel_utils] neovim_handler HighlightGroupSet { name: "CursorLineFold", id: 65 }
TRACE [neovide::channel_utils] neovim_handler HighlightGroupSet { name: "Question", id: 72 }
TRACE [neovide::channel_utils] neovim_handler HighlightGroupSet { name: "StatusLine", id: 96 }
TRACE [neovide::channel_utils] neovim_handler HighlightGroupSet { name: "StatusLineNC", id: 97 }
TRACE [neovide::channel_utils] neovim_handler HighlightGroupSet { name: "WinSeparator", id: 79 }
TRACE [neovide::channel_utils] neovim_handler HighlightGroupSet { name: "VertSplit", id: 79 }
TRACE [neovide::channel_utils] neovim_handler HighlightGroupSet { name: "Title", id: 101 }
TRACE [neovide::channel_utils] neovim_handler HighlightGroupSet { name: "Visual", id: 102 }
TRACE [neovide::channel_utils] neovim_handler HighlightGroupSet { name: "WarningMsg", id: 104 }
TRACE [neovide::channel_utils] neovim_handler HighlightGroupSet { name: "WildMenu", id: 105 }
TRACE [neovide::channel_utils] neovim_handler HighlightGroupSet { name: "Folded", id: 67 }
TRACE [neovide::channel_utils] neovim_handler HighlightGroupSet { name: "FoldColumn", id: 65 }
TRACE [neovide::channel_utils] neovim_handler HighlightGroupSet { name: "DiffAdd", id: 68 }
TRACE [neovide::channel_utils] neovim_handler HighlightGroupSet { name: "DiffChange", id: 69 }
TRACE [neovide::channel_utils] neovim_handler HighlightGroupSet { name: "DiffDelete", id: 70 }
TRACE [neovide::channel_utils] neovim_handler HighlightGroupSet { name: "DiffText", id: 71 }
TRACE [neovide::channel_utils] neovim_handler HighlightGroupSet { name: "DiffTextAdd", id: 68 }
TRACE [neovide::channel_utils] neovim_handler HighlightGroupSet { name: "SignColumn", id: 67 }
TRACE [neovide::channel_utils] neovim_handler HighlightGroupSet { name: "Conceal", id: 61 }
TRACE [neovide::channel_utils] neovim_handler HighlightGroupSet { name: "SpellBad", id: 92 }
TRACE [neovide::channel_utils] neovim_handler HighlightGroupSet { name: "SpellCap", id: 93 }
TRACE [neovide::channel_utils] neovim_handler HighlightGroupSet { name: "SpellRare", id: 95 }
TRACE [neovide::channel_utils] neovim_handler HighlightGroupSet { name: "SpellLocal", id: 94 }
TRACE [neovide::channel_utils] neovim_handler HighlightGroupSet { name: "Pmenu", id: 84 }
TRACE [neovide::channel_utils] neovim_handler HighlightGroupSet { name: "PmenuSel", id: 88 }
TRACE [neovide::channel_utils] neovim_handler HighlightGroupSet { name: "PmenuMatch", id: 85 }
TRACE [neovide::channel_utils] neovim_handler HighlightGroupSet { name: "PmenuMatchSel", id: 86 }
TRACE [neovide::channel_utils] neovim_handler HighlightGroupSet { name: "PmenuKind", id: 84 }
TRACE [neovide::channel_utils] neovim_handler HighlightGroupSet { name: "PmenuKindSel", id: 88 }
TRACE [neovide::channel_utils] neovim_handler HighlightGroupSet { name: "PmenuExtra", id: 84 }
TRACE [neovide::channel_utils] neovim_handler HighlightGroupSet { name: "PmenuExtraSel", id: 88 }
TRACE [neovide::channel_utils] neovim_handler HighlightGroupSet { name: "PmenuSbar", id: 87 }
TRACE [neovide::channel_utils] neovim_handler HighlightGroupSet { name: "PmenuThumb", id: 89 }
TRACE [neovide::channel_utils] neovim_handler HighlightGroupSet { name: "PmenuBorder", id: 84 }
TRACE [neovide::channel_utils] neovim_handler HighlightGroupSet { name: "TabLine", id: 67 }
TRACE [neovide::channel_utils] neovim_handler HighlightGroupSet { name: "TabLineSel", id: 99 }
TRACE [neovide::channel_utils] neovim_handler HighlightGroupSet { name: "TabLineFill", id: 67 }
TRACE [neovide::channel_utils] neovim_handler HighlightGroupSet { name: "CursorColumn", id: 64 }
TRACE [neovide::channel_utils] neovim_handler HighlightGroupSet { name: "CursorLine", id: 64 }
TRACE [neovide::channel_utils] neovim_handler HighlightGroupSet { name: "ColorColumn", id: 60 }
TRACE [neovide::channel_utils] neovim_handler HighlightGroupSet { name: "QuickFixLine", id: 90 }
TRACE [neovide::channel_utils] neovim_handler HighlightGroupSet { name: "Whitespace", id: 73 }
TRACE [neovide::channel_utils] neovim_handler HighlightGroupSet { name: "NormalNC", id: 80 }
TRACE [neovide::channel_utils] neovim_handler HighlightGroupSet { name: "MsgSeparator", id: 79 }
TRACE [neovide::channel_utils] neovim_handler HighlightGroupSet { name: "NormalFloat", id: 83 }
TRACE [neovide::channel_utils] neovim_handler HighlightGroupSet { name: "MsgArea", id: 80 }
TRACE [neovide::channel_utils] neovim_handler HighlightGroupSet { name: "FloatBorder", id: 83 }
TRACE [neovide::channel_utils] neovim_handler HighlightGroupSet { name: "WinBar", id: 106 }
TRACE [neovide::channel_utils] neovim_handler HighlightGroupSet { name: "WinBarNC", id: 107 }
TRACE [neovide::channel_utils] neovim_handler HighlightGroupSet { name: "Cursor", id: 63 }
TRACE [neovide::channel_utils] neovim_handler HighlightGroupSet { name: "FloatTitle", id: 101 }
TRACE [neovide::channel_utils] neovim_handler HighlightGroupSet { name: "FloatFooter", id: 101 }
TRACE [neovide::channel_utils] neovim_handler HighlightGroupSet { name: "StatusLineTerm", id: 96 }
TRACE [neovide::channel_utils] neovim_handler HighlightGroupSet { name: "StatusLineTermNC", id: 97 }
TRACE [neovide::channel_utils] neovim_handler HighlightGroupSet { name: "StderrMsg", id: 74 }
TRACE [neovide::channel_utils] neovim_handler HighlightGroupSet { name: "StdoutMsg", id: 80 }
TRACE [neovide::channel_utils] neovim_handler HighlightGroupSet { name: "OkMsg", id: 77 }
TRACE [neovide::channel_utils] neovim_handler HighlightGroupSet { name: "PreInsert", id: 77 }
TRACE [neovide::channel_utils] neovim_handler DefaultColorsSet { colors: Colors { foreground: Some(Color4f { r: 0.92156863, g: 0.85882354, b: 0.69803923, a: 1.0 }), background: Some(Color4f { r: 0.15686275, g: 0.15686275, b: 0.15686275, a: 1.0 }), special: Some(Color4f { r: 1.0, g: 0.0, b: 0.0, a: 1.0 }) } }
TRACE [neovide::channel_utils] neovim_handler GridLine { grid: 1, row: 54, column_start: 0, cells: [GridLineCell { text: " ", highlight_id: Some(0), repeat: Some(89) }] }
TRACE [neovide::channel_utils] neovim_handler Resize { grid: 2, width: 89, height: 53 }
TRACE [neovide::channel_utils] neovim_handler GridLine { grid: 2, row: 0, column_start: 0, cells: [GridLineCell { text: "1", highlight_id: Some(66), repeat: None }, GridLineCell { text: " ", highlight_id: Some(66), repeat: Some(3) }, GridLineCell { text: " ", highlight_id: Some(64), repeat: Some(85) }, GridLineCell { text: " ", highlight_id: Some(0), repeat: Some(0) }] }
TRACE [neovide::channel_utils] neovim_handler GridLine { grid: 2, row: 1, column_start: 0, cells: [GridLineCell { text: "~", highlight_id: Some(73), repeat: None }, GridLineCell { text: " ", highlight_id: Some(73), repeat: Some(88) }] }
TRACE [neovide::channel_utils] neovim_handler GridLine { grid: 2, row: 2, column_start: 0, cells: [GridLineCell { text: "~", highlight_id: Some(73), repeat: None }, GridLineCell { text: " ", highlight_id: Some(73), repeat: Some(88) }] }
TRACE [neovide::channel_utils] neovim_handler GridLine { grid: 2, row: 3, column_start: 0, cells: [GridLineCell { text: "~", highlight_id: Some(73), repeat: None }, GridLineCell { text: " ", highlight_id: Some(73), repeat: Some(88) }] }
TRACE [neovide::channel_utils] neovim_handler GridLine { grid: 2, row: 4, column_start: 0, cells: [GridLineCell { text: "~", highlight_id: Some(73), repeat: None }, GridLineCell { text: " ", highlight_id: Some(73), repeat: Some(88) }] }
TRACE [neovide::channel_utils] neovim_handler GridLine { grid: 2, row: 5, column_start: 0, cells: [GridLineCell { text: "~", highlight_id: Some(73), repeat: None }, GridLineCell { text: " ", highlight_id: Some(73), repeat: Some(88) }] }
TRACE [neovide::channel_utils] neovim_handler GridLine { grid: 2, row: 6, column_start: 0, cells: [GridLineCell { text: "~", highlight_id: Some(73), repeat: None }, GridLineCell { text: " ", highlight_id: Some(73), repeat: Some(88) }] }
TRACE [neovide::channel_utils] neovim_handler GridLine { grid: 2, row: 7, column_start: 0, cells: [GridLineCell { text: "~", highlight_id: Some(73), repeat: None }, GridLineCell { text: " ", highlight_id: Some(73), repeat: Some(88) }] }
TRACE [neovide::channel_utils] neovim_handler GridLine { grid: 2, row: 8, column_start: 0, cells: [GridLineCell { text: "~", highlight_id: Some(73), repeat: None }, GridLineCell { text: " ", highlight_id: Some(73), repeat: Some(88) }] }
TRACE [neovide::channel_utils] neovim_handler GridLine { grid: 2, row: 9, column_start: 0, cells: [GridLineCell { text: "~", highlight_id: Some(73), repeat: None }, GridLineCell { text: " ", highlight_id: Some(73), repeat: Some(88) }] }
TRACE [neovide::channel_utils] neovim_handler GridLine { grid: 2, row: 10, column_start: 0, cells: [GridLineCell { text: "~", highlight_id: Some(73), repeat: None }, GridLineCell { text: " ", highlight_id: Some(73), repeat: Some(88) }] }
TRACE [neovide::channel_utils] neovim_handler GridLine { grid: 2, row: 11, column_start: 0, cells: [GridLineCell { text: "~", highlight_id: Some(73), repeat: None }, GridLineCell { text: " ", highlight_id: Some(73), repeat: Some(88) }] }
TRACE [neovide::channel_utils] neovim_handler GridLine { grid: 2, row: 12, column_start: 0, cells: [GridLineCell { text: "~", highlight_id: Some(73), repeat: None }, GridLineCell { text: " ", highlight_id: Some(73), repeat: Some(88) }] }
TRACE [neovide::channel_utils] neovim_handler GridLine { grid: 2, row: 13, column_start: 0, cells: [GridLineCell { text: "~", highlight_id: Some(73), repeat: None }, GridLineCell { text: " ", highlight_id: Some(73), repeat: Some(88) }] }
TRACE [neovide::channel_utils] neovim_handler GridLine { grid: 2, row: 14, column_start: 0, cells: [GridLineCell { text: "~", highlight_id: Some(73), repeat: None }, GridLineCell { text: " ", highlight_id: Some(73), repeat: Some(88) }] }
TRACE [neovide::channel_utils] neovim_handler GridLine { grid: 2, row: 15, column_start: 0, cells: [GridLineCell { text: "~", highlight_id: Some(73), repeat: None }, GridLineCell { text: " ", highlight_id: Some(73), repeat: Some(88) }] }
TRACE [neovide::channel_utils] neovim_handler GridLine { grid: 2, row: 16, column_start: 0, cells: [GridLineCell { text: "~", highlight_id: Some(73), repeat: None }, GridLineCell { text: " ", highlight_id: Some(73), repeat: Some(88) }] }
TRACE [neovide::channel_utils] neovim_handler GridLine { grid: 2, row: 17, column_start: 0, cells: [GridLineCell { text: "~", highlight_id: Some(73), repeat: None }, GridLineCell { text: " ", highlight_id: Some(73), repeat: Some(88) }] }
TRACE [neovide::channel_utils] neovim_handler GridLine { grid: 2, row: 18, column_start: 0, cells: [GridLineCell { text: "~", highlight_id: Some(73), repeat: None }, GridLineCell { text: " ", highlight_id: Some(73), repeat: Some(88) }] }
TRACE [neovide::channel_utils] neovim_handler GridLine { grid: 2, row: 19, column_start: 0, cells: [GridLineCell { text: "~", highlight_id: Some(73), repeat: None }, GridLineCell { text: " ", highlight_id: Some(73), repeat: Some(88) }] }
TRACE [neovide::channel_utils] neovim_handler GridLine { grid: 2, row: 20, column_start: 0, cells: [GridLineCell { text: "~", highlight_id: Some(73), repeat: None }, GridLineCell { text: " ", highlight_id: Some(73), repeat: Some(88) }] }
TRACE [neovide::channel_utils] neovim_handler GridLine { grid: 2, row: 21, column_start: 0, cells: [GridLineCell { text: "~", highlight_id: Some(73), repeat: None }, GridLineCell { text: " ", highlight_id: Some(73), repeat: Some(88) }] }
TRACE [neovide::channel_utils] neovim_handler GridLine { grid: 2, row: 22, column_start: 0, cells: [GridLineCell { text: "~", highlight_id: Some(73), repeat: None }, GridLineCell { text: " ", highlight_id: Some(73), repeat: Some(88) }] }
TRACE [neovide::channel_utils] neovim_handler GridLine { grid: 2, row: 23, column_start: 0, cells: [GridLineCell { text: "~", highlight_id: Some(73), repeat: None }, GridLineCell { text: " ", highlight_id: Some(73), repeat: Some(88) }] }
TRACE [neovide::channel_utils] neovim_handler GridLine { grid: 2, row: 24, column_start: 0, cells: [GridLineCell { text: "~", highlight_id: Some(73), repeat: None }, GridLineCell { text: " ", highlight_id: Some(73), repeat: Some(88) }] }
DEBUG [neovide::renderer::fonts::caching_shaper] Updating font: Source Code Pro,DejaVu Sans Mono,Courier New,monospace
TRACE [neovide::channel_utils] neovim_handler GridLine { grid: 2, row: 25, column_start: 0, cells: [GridLineCell { text: "~", highlight_id: Some(73), repeat: None }, GridLineCell { text: " ", highlight_id: Some(73), repeat: Some(88) }] }
TRACE [neovide::channel_utils] neovim_handler GridLine { grid: 2, row: 26, column_start: 0, cells: [GridLineCell { text: "~", highlight_id: Some(73), repeat: None }, GridLineCell { text: " ", highlight_id: Some(73), repeat: Some(88) }] }
DEBUG [neovide::renderer::fonts::caching_shaper] Updating font options: FontOptions { normal: [FontDescription { family: "Source Code Pro", style: None }, FontDescription { family: "DejaVu Sans Mono", style: None }, FontDescription { family: "Courier New", style: None }, FontDescription { family: "monospace", style: None }], italic: None, bold: None, bold_italic: None, features: {}, size: 18.666668, width: 0.0, hinting: Full, edging: AntiAlias, underline_offset: None }
TRACE [neovide::channel_utils] neovim_handler GridLine { grid: 2, row: 27, column_start: 0, cells: [GridLineCell { text: "~", highlight_id: Some(73), repeat: None }, GridLineCell { text: " ", highlight_id: Some(73), repeat: Some(88) }] }
TRACE [neovide::channel_utils] neovim_handler GridLine { grid: 2, row: 28, column_start: 0, cells: [GridLineCell { text: "~", highlight_id: Some(73), repeat: None }, GridLineCell { text: " ", highlight_id: Some(73), repeat: Some(88) }] }
TRACE [neovide::channel_utils] neovim_handler GridLine { grid: 2, row: 29, column_start: 0, cells: [GridLineCell { text: "~", highlight_id: Some(73), repeat: None }, GridLineCell { text: " ", highlight_id: Some(73), repeat: Some(88) }] }
TRACE [neovide::channel_utils] neovim_handler GridLine { grid: 2, row: 30, column_start: 0, cells: [GridLineCell { text: "~", highlight_id: Some(73), repeat: None }, GridLineCell { text: " ", highlight_id: Some(73), repeat: Some(88) }] }
TRACE [neovide::channel_utils] neovim_handler GridLine { grid: 2, row: 31, column_start: 0, cells: [GridLineCell { text: "~", highlight_id: Some(73), repeat: None }, GridLineCell { text: " ", highlight_id: Some(73), repeat: Some(88) }] }
TRACE [neovide::channel_utils] neovim_handler GridLine { grid: 2, row: 32, column_start: 0, cells: [GridLineCell { text: "~", highlight_id: Some(73), repeat: None }, GridLineCell { text: " ", highlight_id: Some(73), repeat: Some(88) }] }
TRACE [neovide::channel_utils] neovim_handler GridLine { grid: 2, row: 33, column_start: 0, cells: [GridLineCell { text: "~", highlight_id: Some(73), repeat: None }, GridLineCell { text: " ", highlight_id: Some(73), repeat: Some(88) }] }
TRACE [neovide::channel_utils] neovim_handler GridLine { grid: 2, row: 34, column_start: 0, cells: [GridLineCell { text: "~", highlight_id: Some(73), repeat: None }, GridLineCell { text: " ", highlight_id: Some(73), repeat: Some(88) }] }
TRACE [neovide::channel_utils] neovim_handler GridLine { grid: 2, row: 35, column_start: 0, cells: [GridLineCell { text: "~", highlight_id: Some(73), repeat: None }, GridLineCell { text: " ", highlight_id: Some(73), repeat: Some(88) }] }
TRACE [neovide::channel_utils] neovim_handler GridLine { grid: 2, row: 36, column_start: 0, cells: [GridLineCell { text: "~", highlight_id: Some(73), repeat: None }, GridLineCell { text: " ", highlight_id: Some(73), repeat: Some(88) }] }
TRACE [neovide::channel_utils] neovim_handler GridLine { grid: 2, row: 37, column_start: 0, cells: [GridLineCell { text: "~", highlight_id: Some(73), repeat: None }, GridLineCell { text: " ", highlight_id: Some(73), repeat: Some(88) }] }
TRACE [neovide::channel_utils] neovim_handler GridLine { grid: 2, row: 38, column_start: 0, cells: [GridLineCell { text: "~", highlight_id: Some(73), repeat: None }, GridLineCell { text: " ", highlight_id: Some(73), repeat: Some(88) }] }
TRACE [neovide::channel_utils] neovim_handler GridLine { grid: 2, row: 39, column_start: 0, cells: [GridLineCell { text: "~", highlight_id: Some(73), repeat: None }, GridLineCell { text: " ", highlight_id: Some(73), repeat: Some(88) }] }
TRACE [neovide::channel_utils] neovim_handler GridLine { grid: 2, row: 40, column_start: 0, cells: [GridLineCell { text: "~", highlight_id: Some(73), repeat: None }, GridLineCell { text: " ", highlight_id: Some(73), repeat: Some(88) }] }
TRACE [neovide::channel_utils] neovim_handler GridLine { grid: 2, row: 41, column_start: 0, cells: [GridLineCell { text: "~", highlight_id: Some(73), repeat: None }, GridLineCell { text: " ", highlight_id: Some(73), repeat: Some(88) }] }
TRACE [neovide::channel_utils] neovim_handler GridLine { grid: 2, row: 42, column_start: 0, cells: [GridLineCell { text: "~", highlight_id: Some(73), repeat: None }, GridLineCell { text: " ", highlight_id: Some(73), repeat: Some(88) }] }
TRACE [neovide::channel_utils] neovim_handler GridLine { grid: 2, row: 43, column_start: 0, cells: [GridLineCell { text: "~", highlight_id: Some(73), repeat: None }, GridLineCell { text: " ", highlight_id: Some(73), repeat: Some(88) }] }
TRACE [neovide::channel_utils] neovim_handler GridLine { grid: 2, row: 44, column_start: 0, cells: [GridLineCell { text: "~", highlight_id: Some(73), repeat: None }, GridLineCell { text: " ", highlight_id: Some(73), repeat: Some(88) }] }
TRACE [neovide::channel_utils] neovim_handler GridLine { grid: 2, row: 45, column_start: 0, cells: [GridLineCell { text: "~", highlight_id: Some(73), repeat: None }, GridLineCell { text: " ", highlight_id: Some(73), repeat: Some(88) }] }
TRACE [neovide::channel_utils] neovim_handler GridLine { grid: 2, row: 46, column_start: 0, cells: [GridLineCell { text: "~", highlight_id: Some(73), repeat: None }, GridLineCell { text: " ", highlight_id: Some(73), repeat: Some(88) }] }
TRACE [neovide::channel_utils] neovim_handler GridLine { grid: 2, row: 47, column_start: 0, cells: [GridLineCell { text: "~", highlight_id: Some(73), repeat: None }, GridLineCell { text: " ", highlight_id: Some(73), repeat: Some(88) }] }
TRACE [neovide::channel_utils] neovim_handler GridLine { grid: 2, row: 48, column_start: 0, cells: [GridLineCell { text: "~", highlight_id: Some(73), repeat: None }, GridLineCell { text: " ", highlight_id: Some(73), repeat: Some(88) }] }
TRACE [neovide::channel_utils] neovim_handler GridLine { grid: 2, row: 49, column_start: 0, cells: [GridLineCell { text: "~", highlight_id: Some(73), repeat: None }, GridLineCell { text: " ", highlight_id: Some(73), repeat: Some(88) }] }
TRACE [neovide::channel_utils] neovim_handler GridLine { grid: 2, row: 50, column_start: 0, cells: [GridLineCell { text: "~", highlight_id: Some(73), repeat: None }, GridLineCell { text: " ", highlight_id: Some(73), repeat: Some(88) }] }
TRACE [neovide::channel_utils] neovim_handler GridLine { grid: 2, row: 51, column_start: 0, cells: [GridLineCell { text: "~", highlight_id: Some(73), repeat: None }, GridLineCell { text: " ", highlight_id: Some(73), repeat: Some(88) }] }
TRACE [neovide::channel_utils] neovim_handler GridLine { grid: 2, row: 52, column_start: 0, cells: [GridLineCell { text: "~", highlight_id: Some(73), repeat: None }, GridLineCell { text: " ", highlight_id: Some(73), repeat: Some(88) }] }
DEBUG [neovide::bridge::events] Ignored style attribute: "nocombine"
TRACE [neovide::renderer::fonts::font_loader] Loading font FontKey { font_desc: Some(FontDescription { family: "Source Code Pro", style: Some("Bold Italic") }), hinting: Full, edging: AntiAlias }
TRACE [neovide::channel_utils] neovim_handler HighlightAttributesDefine { id: 264, style: Style { colors: Colors { foreground: Some(Color4f { r: 0.92156863, g: 0.85882354, b: 0.69803923, a: 1.0 }), background: Some(Color4f { r: 0.15686275, g: 0.15686275, b: 0.15686275, a: 1.0 }), special: None }, reverse: false, italic: false, bold: false, strikethrough: false, blend: 0, underline: None }, name: None }
TRACE [neovide::channel_utils] neovim_handler GridLine { grid: 1, row: 53, column_start: 0, cells: [GridLineCell { text: " ", highlight_id: Some(264), repeat: Some(89) }, GridLineCell { text: " ", highlight_id: Some(0), repeat: Some(0) }] }
TRACE [neovide::channel_utils] neovim_handler SetTitle { title: "[No Name]" }
TRACE [neovide::channel_utils] neovim_handler MessageSetPosition { grid: 3, row: 54, scrolled: false, separator_character: " ", z_index: Some(200), comp_index: Some(0) }
TRACE [neovide::channel_utils] neovim_handler Resize { grid: 3, width: 89, height: 55 }
TRACE [neovide::channel_utils] neovim_handler GridLine { grid: 3, row: 0, column_start: 0, cells: [GridLineCell { text: " ", highlight_id: Some(80), repeat: Some(89) }] }
TRACE [neovide::channel_utils] neovim_handler GridLine { grid: 2, row: 18, column_start: 41, cells: [GridLineCell { text: "│", highlight_id: Some(116), repeat: None }, GridLineCell { text: " ", highlight_id: Some(0), repeat: None }, GridLineCell { text: "╲", highlight_id: Some(77), repeat: None }, GridLineCell { text: " ", highlight_id: Some(0), repeat: None }, GridLineCell { text: "│", highlight_id: Some(77), repeat: Some(2) }] }
TRACE [neovide::channel_utils] neovim_handler GridLine { grid: 2, row: 19, column_start: 41, cells: [GridLineCell { text: "│", highlight_id: Some(116), repeat: Some(2) }, GridLineCell { text: "╲", highlight_id: Some(77), repeat: Some(2) }, GridLineCell { text: "│", highlight_id: Some(77), repeat: Some(2) }] }
TRACE [neovide::channel_utils] neovim_handler GridLine { grid: 2, row: 20, column_start: 41, cells: [GridLineCell { text: "│", highlight_id: Some(116), repeat: Some(2) }, GridLineCell { text: " ", highlight_id: Some(0), repeat: None }, GridLineCell { text: "╲", highlight_id: Some(77), repeat: None }, GridLineCell { text: " ", highlight_id: Some(0), repeat: None }, GridLineCell { text: "│", highlight_id: Some(77), repeat: None }] }
TRACE [neovide::channel_utils] neovim_handler GridLine { grid: 2, row: 22, column_start: 38, cells: [GridLineCell { text: "N", highlight_id: Some(77), repeat: None }, GridLineCell { text: "V", highlight_id: None, repeat: None }, GridLineCell { text: "I", highlight_id: None, repeat: None }, GridLineCell { text: "M", highlight_id: None, repeat: None }, GridLineCell { text: " ", highlight_id: None, repeat: None }, GridLineCell { text: "v", highlight_id: None, repeat: None }, GridLineCell { text: "0", highlight_id: None, repeat: None }, GridLineCell { text: ".", highlight_id: None, repeat: None }, GridLineCell { text: "1", highlight_id: None, repeat: None }, GridLineCell { text: "2", highlight_id: None, repeat: None }, GridLineCell { text: ".", highlight_id: None, repeat: None }, GridLineCell { text: "2", highlight_id: None, repeat: None }] }
TRACE [neovide::channel_utils] neovim_handler GridLine { grid: 2, row: 23, column_start: 22, cells: [GridLineCell { text: "─", highlight_id: Some(73), repeat: Some(44) }] }
TRACE [neovide::channel_utils] neovim_handler GridLine { grid: 2, row: 24, column_start: 22, cells: [GridLineCell { text: "N", highlight_id: Some(0), repeat: None }, GridLineCell { text: "v", highlight_id: None, repeat: None }, GridLineCell { text: "i", highlight_id: None, repeat: None }, GridLineCell { text: "m", highlight_id: None, repeat: None }, GridLineCell { text: " ", highlight_id: None, repeat: None }, GridLineCell { text: "i", highlight_id: None, repeat: None }, GridLineCell { text: "s", highlight_id: None, repeat: None }, GridLineCell { text: " ", highlight_id: None, repeat: None }, GridLineCell { text: "o", highlight_id: None, repeat: None }, GridLineCell { text: "p", highlight_id: None, repeat: None }, GridLineCell { text: "e", highlight_id: None, repeat: None }, GridLineCell { text: "n", highlight_id: None, repeat: None }, GridLineCell { text: " ", highlight_id: None, repeat: None }, GridLineCell { text: "s", highlight_id: None, repeat: None }, GridLineCell { text: "o", highlight_id: None, repeat: None }, GridLineCell { text: "u", highlight_id: None, repeat: None }, GridLineCell { text: "r", highlight_id: None, repeat: None }, GridLineCell { text: "c", highlight_id: None, repeat: None }, GridLineCell { text: "e", highlight_id: None, repeat: None }, GridLineCell { text: " ", highlight_id: None, repeat: None }, GridLineCell { text: "a", highlight_id: None, repeat: None }, GridLineCell { text: "n", highlight_id: None, repeat: None }, GridLineCell { text: "d", highlight_id: None, repeat: None }, GridLineCell { text: " ", highlight_id: None, repeat: None }, GridLineCell { text: "f", highlight_id: None, repeat: None }, GridLineCell { text: "r", highlight_id: None, repeat: None }, GridLineCell { text: "e", highlight_id: Some(0), repeat: Some(2) }, GridLineCell { text: "l", highlight_id: None, repeat: None }, GridLineCell { text: "y", highlight_id: None, repeat: None }, GridLineCell { text: " ", highlight_id: None, repeat: None }, GridLineCell { text: "d", highlight_id: None, repeat: None }, GridLineCell { text: "i", highlight_id: None, repeat: None }, GridLineCell { text: "s", highlight_id: None, repeat: None }, GridLineCell { text: "t", highlight_id: None, repeat: None }, GridLineCell { text: "r", highlight_id: None, repeat: None }, GridLineCell { text: "i", highlight_id: None, repeat: None }, GridLineCell { text: "b", highlight_id: None, repeat: None }, GridLineCell { text: "u", highlight_id: None, repeat: None }, GridLineCell { text: "t", highlight_id: None, repeat: None }, GridLineCell { text: "a", highlight_id: None, repeat: None }, GridLineCell { text: "b", highlight_id: None, repeat: None }, GridLineCell { text: "l", highlight_id: None, repeat: None }, GridLineCell { text: "e", highlight_id: None, repeat: None }] }
TRACE [neovide::channel_utils] neovim_handler GridLine { grid: 2, row: 25, column_start: 33, cells: [GridLineCell { text: "h", highlight_id: Some(0), repeat: None }, GridLineCell { text: "t", highlight_id: Some(0), repeat: Some(2) }, GridLineCell { text: "p", highlight_id: None, repeat: None }, GridLineCell { text: "s", highlight_id: None, repeat: None }, GridLineCell { text: ":", highlight_id: None, repeat: None }, GridLineCell { text: "/", highlight_id: Some(0), repeat: Some(2) }, GridLineCell { text: "n", highlight_id: None, repeat: None }, GridLineCell { text: "e", highlight_id: None, repeat: None }, GridLineCell { text: "o", highlight_id: None, repeat: None }, GridLineCell { text: "v", highlight_id: None, repeat: None }, GridLineCell { text: "i", highlight_id: None, repeat: None }, GridLineCell { text: "m", highlight_id: None, repeat: None }, GridLineCell { text: ".", highlight_id: None, repeat: None }, GridLineCell { text: "i", highlight_id: None, repeat: None }, GridLineCell { text: "o", highlight_id: None, repeat: None }, GridLineCell { text: "/", highlight_id: None, repeat: None }, GridLineCell { text: "#", highlight_id: None, repeat: None }, GridLineCell { text: "c", highlight_id: None, repeat: None }, GridLineCell { text: "h", highlight_id: None, repeat: None }, GridLineCell { text: "a", highlight_id: None, repeat: None }, GridLineCell { text: "t", highlight_id: None, repeat: None }] }
TRACE [neovide::channel_utils] neovim_handler GridLine { grid: 2, row: 26, column_start: 22, cells: [GridLineCell { text: "─", highlight_id: Some(73), repeat: Some(44) }] }
TRACE [neovide::channel_utils] neovim_handler GridLine { grid: 2, row: 27, column_start: 22, cells: [GridLineCell { text: "t", highlight_id: Some(0), repeat: None }, GridLineCell { text: "y", highlight_id: None, repeat: None }, GridLineCell { text: "p", highlight_id: None, repeat: None }, GridLineCell { text: "e", highlight_id: None, repeat: None }, GridLineCell { text: " ", highlight_id: Some(0), repeat: Some(2) }, GridLineCell { text: ":", highlight_id: Some(73), repeat: None }, GridLineCell { text: "h", highlight_id: Some(112), repeat: None }, GridLineCell { text: "e", highlight_id: None, repeat: None }, GridLineCell { text: "l", highlight_id: None, repeat: None }, GridLineCell { text: "p", highlight_id: None, repeat: None }, GridLineCell { text: " ", highlight_id: None, repeat: None }, GridLineCell { text: "n", highlight_id: None, repeat: None }, GridLineCell { text: "v", highlight_id: None, repeat: None }, GridLineCell { text: "i", highlight_id: None, repeat: None }, GridLineCell { text: "m", highlight_id: None, repeat: None }, GridLineCell { text: "<", highlight_id: Some(73), repeat: None }, GridLineCell { text: "E", highlight_id: None, repeat: None }, GridLineCell { text: "n", highlight_id: None, repeat: None }, GridLineCell { text: "t", highlight_id: None, repeat: None }, GridLineCell { text: "e", highlight_id: None, repeat: None }, GridLineCell { text: "r", highlight_id: None, repeat: None }, GridLineCell { text: ">", highlight_id: None, repeat: None }, GridLineCell { text: " ", highlight_id: Some(0), repeat: Some(5) }, GridLineCell { text: "i", highlight_id: None, repeat: None }, GridLineCell { text: "f", highlight_id: None, repeat: None }, GridLineCell { text: " ", highlight_id: None, repeat: None }, GridLineCell { text: "y", highlight_id: None, repeat: None }, GridLineCell { text: "o", highlight_id: None, repeat: None }, GridLineCell { text: "u", highlight_id: None, repeat: None }, GridLineCell { text: " ", highlight_id: None, repeat: None }, GridLineCell { text: "a", highlight_id: None, repeat: None }, GridLineCell { text: "r", highlight_id: None, repeat: None }, GridLineCell { text: "e", highlight_id: None, repeat: None }, GridLineCell { text: " ", highlight_id: None, repeat: None }, GridLineCell { text: "n", highlight_id: None, repeat: None }, GridLineCell { text: "e", highlight_id: None, repeat: None }, GridLineCell { text: "w", highlight_id: None, repeat: None }, GridLineCell { text: "!", highlight_id: None, repeat: None }, GridLineCell { text: " ", highlight_id: None, repeat: None }, GridLineCell { text: " ", highlight_id: Some(0), repeat: Some(0) }] }
TRACE [neovide::channel_utils] neovim_handler GridLine { grid: 2, row: 28, column_start: 22, cells: [GridLineCell { text: "t", highlight_id: Some(0), repeat: None }, GridLineCell { text: "y", highlight_id: None, repeat: None }, GridLineCell { text: "p", highlight_id: None, repeat: None }, GridLineCell { text: "e", highlight_id: None, repeat: None }, GridLineCell { text: " ", highlight_id: Some(0), repeat: Some(2) }, GridLineCell { text: ":", highlight_id: Some(73), repeat: None }, GridLineCell { text: "c", highlight_id: Some(112), repeat: None }, GridLineCell { text: "h", highlight_id: None, repeat: None }, GridLineCell { text: "e", highlight_id: None, repeat: None }, GridLineCell { text: "c", highlight_id: None, repeat: None }, GridLineCell { text: "k", highlight_id: None, repeat: None }, GridLineCell { text: "h", highlight_id: None, repeat: None }, GridLineCell { text: "e", highlight_id: None, repeat: None }, GridLineCell { text: "a", highlight_id: None, repeat: None }, GridLineCell { text: "l", highlight_id: None, repeat: None }, GridLineCell { text: "t", highlight_id: None, repeat: None }, GridLineCell { text: "h", highlight_id: None, repeat: None }, GridLineCell { text: "<", highlight_id: Some(73), repeat: None }, GridLineCell { text: "E", highlight_id: None, repeat: None }, GridLineCell { text: "n", highlight_id: None, repeat: None }, GridLineCell { text: "t", highlight_id: None, repeat: None }, GridLineCell { text: "e", highlight_id: None, repeat: None }, GridLineCell { text: "r", highlight_id: None, repeat: None }, GridLineCell { text: ">", highlight_id: None, repeat: None }, GridLineCell { text: " ", highlight_id: Some(0), repeat: Some(3) }, GridLineCell { text: "t", highlight_id: None, repeat: None }, GridLineCell { text: "o", highlight_id: None, repeat: None }, GridLineCell { text: " ", highlight_id: None, repeat: None }, GridLineCell { text: "o", highlight_id: None, repeat: None }, GridLineCell { text: "p", highlight_id: None, repeat: None }, GridLineCell { text: "t", highlight_id: None, repeat: None }, GridLineCell { text: "i", highlight_id: None, repeat: None }, GridLineCell { text: "m", highlight_id: None, repeat: None }, GridLineCell { text: "i", highlight_id: None, repeat: None }, GridLineCell { text: "z", highlight_id: None, repeat: None }, GridLineCell { text: "e", highlight_id: None, repeat: None }, GridLineCell { text: " ", highlight_id: None, repeat: None }, GridLineCell { text: "N", highlight_id: None, repeat: None }, GridLineCell { text: "v", highlight_id: None, repeat: None }, GridLineCell { text: "i", highlight_id: None, repeat: None }, GridLineCell { text: "m", highlight_id: None, repeat: None }] }
TRACE [neovide::channel_utils] neovim_handler GridLine { grid: 2, row: 29, column_start: 22, cells: [GridLineCell { text: "t", highlight_id: Some(0), repeat: None }, GridLineCell { text: "y", highlight_id: None, repeat: None }, GridLineCell { text: "p", highlight_id: None, repeat: None }, GridLineCell { text: "e", highlight_id: None, repeat: None }, GridLineCell { text: " ", highlight_id: Some(0), repeat: Some(2) }, GridLineCell { text: ":", highlight_id: Some(73), repeat: None }, GridLineCell { text: "q", highlight_id: Some(112), repeat: None }, GridLineCell { text: "<", highlight_id: Some(73), repeat: None }, GridLineCell { text: "E", highlight_id: None, repeat: None }, GridLineCell { text: "n", highlight_id: None, repeat: None }, GridLineCell { text: "t", highlight_id: None, repeat: None }, GridLineCell { text: "e", highlight_id: None, repeat: None }, GridLineCell { text: "r", highlight_id: None, repeat: None }, GridLineCell { text: ">", highlight_id: None, repeat: None }, GridLineCell { text: " ", highlight_id: Some(0), repeat: Some(13) }, GridLineCell { text: "t", highlight_id: None, repeat: None }, GridLineCell { text: "o", highlight_id: None, repeat: None }, GridLineCell { text: " ", highlight_id: None, repeat: None }, GridLineCell { text: "e", highlight_id: None, repeat: None }, GridLineCell { text: "x", highlight_id: None, repeat: None }, GridLineCell { text: "i", highlight_id: None, repeat: None }, GridLineCell { text: "t", highlight_id: None, repeat: None }, GridLineCell { text: " ", highlight_id: Some(0), repeat: Some(9) }, GridLineCell { text: " ", highlight_id: Some(0), repeat: Some(0) }] }
TRACE [neovide::channel_utils] neovim_handler GridLine { grid: 2, row: 30, column_start: 22, cells: [GridLineCell { text: "t", highlight_id: Some(0), repeat: None }, GridLineCell { text: "y", highlight_id: None, repeat: None }, GridLineCell { text: "p", highlight_id: None, repeat: None }, GridLineCell { text: "e", highlight_id: None, repeat: None }, GridLineCell { text: " ", highlight_id: Some(0), repeat: Some(2) }, GridLineCell { text: ":", highlight_id: Some(73), repeat: None }, GridLineCell { text: "h", highlight_id: Some(112), repeat: None }, GridLineCell { text: "e", highlight_id: None, repeat: None }, GridLineCell { text: "l", highlight_id: None, repeat: None }, GridLineCell { text: "p", highlight_id: None, repeat: None }, GridLineCell { text: "<", highlight_id: Some(73), repeat: None }, GridLineCell { text: "E", highlight_id: None, repeat: None }, GridLineCell { text: "n", highlight_id: None, repeat: None }, GridLineCell { text: "t", highlight_id: None, repeat: None }, GridLineCell { text: "e", highlight_id: None, repeat: None }, GridLineCell { text: "r", highlight_id: None, repeat: None }, GridLineCell { text: ">", highlight_id: None, repeat: None }, GridLineCell { text: " ", highlight_id: Some(0), repeat: Some(10) }, GridLineCell { text: "f", highlight_id: None, repeat: None }, GridLineCell { text: "o", highlight_id: None, repeat: None }, GridLineCell { text: "r", highlight_id: None, repeat: None }, GridLineCell { text: " ", highlight_id: None, repeat: None }, GridLineCell { text: "h", highlight_id: None, repeat: None }, GridLineCell { text: "e", highlight_id: None, repeat: None }, GridLineCell { text: "l", highlight_id: None, repeat: None }, GridLineCell { text: "p", highlight_id: None, repeat: None }, GridLineCell { text: " ", highlight_id: Some(0), repeat: Some(8) }, GridLineCell { text: " ", highlight_id: Some(0), repeat: Some(0) }] }
TRACE [neovide::channel_utils] neovim_handler GridLine { grid: 2, row: 31, column_start: 22, cells: [GridLineCell { text: "─", highlight_id: Some(73), repeat: Some(44) }] }
TRACE [neovide::channel_utils] neovim_handler GridLine { grid: 2, row: 32, column_start: 22, cells: [GridLineCell { text: "t", highlight_id: Some(0), repeat: None }, GridLineCell { text: "y", highlight_id: None, repeat: None }, GridLineCell { text: "p", highlight_id: None, repeat: None }, GridLineCell { text: "e", highlight_id: None, repeat: None }, GridLineCell { text: " ", highlight_id: Some(0), repeat: Some(2) }, GridLineCell { text: ":", highlight_id: Some(73), repeat: None }, GridLineCell { text: "h", highlight_id: Some(112), repeat: None }, GridLineCell { text: "e", highlight_id: None, repeat: None }, GridLineCell { text: "l", highlight_id: None, repeat: None }, GridLineCell { text: "p", highlight_id: None, repeat: None }, GridLineCell { text: " ", highlight_id: None, repeat: None }, GridLineCell { text: "n", highlight_id: None, repeat: None }, GridLineCell { text: "e", highlight_id: None, repeat: None }, GridLineCell { text: "w", highlight_id: None, repeat: None }, GridLineCell { text: "s", highlight_id: None, repeat: None }, GridLineCell { text: "<", highlight_id: Some(73), repeat: None }, GridLineCell { text: "E", highlight_id: None, repeat: None }, GridLineCell { text: "n", highlight_id: None, repeat: None }, GridLineCell { text: "t", highlight_id: None, repeat: None }, GridLineCell { text: "e", highlight_id: None, repeat: None }, GridLineCell { text: "r", highlight_id: None, repeat: None }, GridLineCell { text: ">", highlight_id: None, repeat: None }, GridLineCell { text: " ", highlight_id: Some(0), repeat: Some(5) }, GridLineCell { text: "f", highlight_id: None, repeat: None }, GridLineCell { text: "o", highlight_id: None, repeat: None }, GridLineCell { text: "r", highlight_id: None, repeat: None }, GridLineCell { text: " ", highlight_id: None, repeat: None }, GridLineCell { text: "v", highlight_id: None, repeat: None }, GridLineCell { text: "0", highlight_id: None, repeat: None }, GridLineCell { text: ".", highlight_id: None, repeat: None }, GridLineCell { text: "1", highlight_id: None, repeat: None }, GridLineCell { text: "2", highlight_id: None, repeat: None }, GridLineCell { text: " ", highlight_id: None, repeat: None }, GridLineCell { text: "n", highlight_id: None, repeat: None }, GridLineCell { text: "o", highlight_id: None, repeat: None }, GridLineCell { text: "t", highlight_id: None, repeat: None }, GridLineCell { text: "e", highlight_id: None, repeat: None }, GridLineCell { text: "s", highlight_id: None, repeat: None }, GridLineCell { text: " ", highlight_id: None, repeat: None }, GridLineCell { text: " ", highlight_id: Some(0), repeat: Some(0) }] }
TRACE [neovide::channel_utils] neovim_handler GridLine { grid: 2, row: 33, column_start: 22, cells: [GridLineCell { text: "─", highlight_id: Some(73), repeat: Some(44) }] }
TRACE [neovide::channel_utils] neovim_handler GridLine { grid: 2, row: 34, column_start: 30, cells: [GridLineCell { text: "H", highlight_id: Some(0), repeat: None }, GridLineCell { text: "e", highlight_id: None, repeat: None }, GridLineCell { text: "l", highlight_id: None, repeat: None }, GridLineCell { text: "p", highlight_id: None, repeat: None }, GridLineCell { text: " ", highlight_id: None, repeat: None }, GridLineCell { text: "p", highlight_id: None, repeat: None }, GridLineCell { text: "o", highlight_id: Some(0), repeat: Some(2) }, GridLineCell { text: "r", highlight_id: None, repeat: None }, GridLineCell { text: " ", highlight_id: None, repeat: None }, GridLineCell { text: "c", highlight_id: None, repeat: None }, GridLineCell { text: "h", highlight_id: None, repeat: None }, GridLineCell { text: "i", highlight_id: None, repeat: None }, GridLineCell { text: "l", highlight_id: None, repeat: None }, GridLineCell { text: "d", highlight_id: None, repeat: None }, GridLineCell { text: "r", highlight_id: None, repeat: None }, GridLineCell { text: "e", highlight_id: None, repeat: None }, GridLineCell { text: "n", highlight_id: None, repeat: None }, GridLineCell { text: " ", highlight_id: None, repeat: None }, GridLineCell { text: "i", highlight_id: None, repeat: None }, GridLineCell { text: "n", highlight_id: None, repeat: None }, GridLineCell { text: " ", highlight_id: None, repeat: None }, GridLineCell { text: "U", highlight_id: None, repeat: None }, GridLineCell { text: "g", highlight_id: None, repeat: None }, GridLineCell { text: "a", highlight_id: None, repeat: None }, GridLineCell { text: "n", highlight_id: None, repeat: None }, GridLineCell { text: "d", highlight_id: None, repeat: None }, GridLineCell { text: "a", highlight_id: None, repeat: None }, GridLineCell { text: "!", highlight_id: None, repeat: None }] }
TRACE [neovide::channel_utils] neovim_handler GridLine { grid: 2, row: 35, column_start: 22, cells: [GridLineCell { text: "t", highlight_id: Some(0), repeat: None }, GridLineCell { text: "y", highlight_id: None, repeat: None }, GridLineCell { text: "p", highlight_id: None, repeat: None }, GridLineCell { text: "e", highlight_id: None, repeat: None }, GridLineCell { text: " ", highlight_id: Some(0), repeat: Some(2) }, GridLineCell { text: ":", highlight_id: Some(73), repeat: None }, GridLineCell { text: "h", highlight_id: Some(112), repeat: None }, GridLineCell { text: "e", highlight_id: None, repeat: None }, GridLineCell { text: "l", highlight_id: None, repeat: None }, GridLineCell { text: "p", highlight_id: None, repeat: None }, GridLineCell { text: " ", highlight_id: None, repeat: None }, GridLineCell { text: "K", highlight_id: None, repeat: None }, GridLineCell { text: "u", highlight_id: None, repeat: None }, GridLineCell { text: "w", highlight_id: None, repeat: None }, GridLineCell { text: "a", highlight_id: None, repeat: None }, GridLineCell { text: "s", highlight_id: None, repeat: None }, GridLineCell { text: "h", highlight_id: None, repeat: None }, GridLineCell { text: "a", highlight_id: None, repeat: None }, GridLineCell { text: "<", highlight_id: Some(73), repeat: None }, GridLineCell { text: "E", highlight_id: None, repeat: None }, GridLineCell { text: "n", highlight_id: None, repeat: None }, GridLineCell { text: "t", highlight_id: None, repeat: None }, GridLineCell { text: "e", highlight_id: None, repeat: None }, GridLineCell { text: "r", highlight_id: None, repeat: None }, GridLineCell { text: ">", highlight_id: None, repeat: None }, GridLineCell { text: " ", highlight_id: Some(0), repeat: Some(2) }, GridLineCell { text: "f", highlight_id: None, repeat: None }, GridLineCell { text: "o", highlight_id: None, repeat: None }, GridLineCell { text: "r", highlight_id: None, repeat: None }, GridLineCell { text: " ", highlight_id: None, repeat: None }, GridLineCell { text: "i", highlight_id: None, repeat: None }, GridLineCell { text: "n", highlight_id: None, repeat: None }, GridLineCell { text: "f", highlight_id: None, repeat: None }, GridLineCell { text: "o", highlight_id: None, repeat: None }, GridLineCell { text: "r", highlight_id: None, repeat: None }, GridLineCell { text: "m", highlight_id: None, repeat: None }, GridLineCell { text: "a", highlight_id: None, repeat: None }, GridLineCell { text: "t", highlight_id: None, repeat: None }, GridLineCell { text: "i", highlight_id: None, repeat: None }, GridLineCell { text: "o", highlight_id: None, repeat: None }, GridLineCell { text: "n", highlight_id: None, repeat: None }, GridLineCell { text: " ", highlight_id: None, repeat: None }, GridLineCell { text: " ", highlight_id: Some(0), repeat: Some(0) }] }
TRACE [neovide::channel_utils] neovim_handler WindowPosition { grid: 2, start_row: 0, start_column: 0, width: 89, height: 53 }
TRACE [neovide::channel_utils] neovim_handler WindowViewport { grid: 2, top_line: 0.0, bottom_line: 2.0, current_line: 0.0, current_column: 0.0, line_count: Some(1.0), scroll_delta: Some(0.0) }
TRACE [neovide::channel_utils] neovim_handler MessageSetPosition { grid: 3, row: 54, scrolled: false, separator_character: " ", z_index: Some(200), comp_index: Some(1) }
TRACE [neovide::channel_utils] neovim_handler CursorGoto { grid: 2, row: 0, column: 4 }
TRACE [neovide::channel_utils] neovim_handler ModeInfoSet { cursor_modes: [CursorMode { shape: Some(Block), style_id: Some(0), cell_percentage: Some(0.0), blinkwait: Some(0), blinkon: Some(0), blinkoff: Some(0) }, CursorMode { shape: Some(Block), style_id: Some(0), cell_percentage: Some(0.0), blinkwait: Some(0), blinkon: Some(0), blinkoff: Some(0) }, CursorMode { shape: Some(Vertical), style_id: Some(0), cell_percentage: Some(0.25), blinkwait: Some(0), blinkon: Some(0), blinkoff: Some(0) }, CursorMode { shape: Some(Horizontal), style_id: Some(0), cell_percentage: Some(0.2), blinkwait: Some(0), blinkon: Some(0), blinkoff: Some(0) }, CursorMode { shape: Some(Block), style_id: Some(0), cell_percentage: Some(0.0), blinkwait: Some(0), blinkon: Some(0), blinkoff: Some(0) }, CursorMode { shape: Some(Vertical), style_id: Some(0), cell_percentage: Some(0.25), blinkwait: Some(0), blinkon: Some(0), blinkoff: Some(0) }, CursorMode { shape: Some(Horizontal), style_id: Some(0), cell_percentage: Some(0.2), blinkwait: Some(0), blinkon: Some(0), blinkoff: Some(0) }, CursorMode { shape: Some(Horizontal), style_id: Some(0), cell_percentage: Some(0.2), blinkwait: Some(0), blinkon: Some(0), blinkoff: Some(0) }, CursorMode { shape: Some(Vertical), style_id: Some(0), cell_percentage: Some(0.25), blinkwait: Some(0), blinkon: Some(0), blinkoff: Some(0) }, CursorMode { shape: None, style_id: None, cell_percentage: None, blinkwait: None, blinkon: None, blinkoff: None }, CursorMode { shape: None, style_id: None, cell_percentage: None, blinkwait: None, blinkon: None, blinkoff: None }, CursorMode { shape: None, style_id: None, cell_percentage: None, blinkwait: None, blinkon: None, blinkoff: None }, CursorMode { shape: None, style_id: None, cell_percentage: None, blinkwait: None, blinkon: None, blinkoff: None }, CursorMode { shape: None, style_id: None, cell_percentage: None, blinkwait: None, blinkon: None, blinkoff: None }, CursorMode { shape: None, style_id: None, cell_percentage: None, blinkwait: None, blinkon: None, blinkoff: None }, CursorMode { shape: None, style_id: None, cell_percentage: None, blinkwait: None, blinkon: None, blinkoff: None }, CursorMode { shape: Some(Block), style_id: Some(0), cell_percentage: Some(0.0), blinkwait: Some(0), blinkon: Some(0), blinkoff: Some(0) }, CursorMode { shape: Some(Block), style_id: Some(4), cell_percentage: Some(0.0), blinkwait: Some(0), blinkon: Some(500), blinkoff: Some(500) }] }
TRACE [neovide::bridge::handler] Neovim notification: "redraw"
TRACE [neovide::channel_utils] neovim_handler ModeChange { mode: Normal, mode_index: 0 }
TRACE [neovide::channel_utils] neovim_handler MouseOn
TRACE [neovide::channel_utils] neovim_handler Flush
TRACE [neovide::bridge::handler] Neovim notification: "neovide.intro_banner_allowed"
TRACE [neovide::channel_utils] neovim_handler NeovideIntroBannerAllowed(true)
TRACE [neovide::editor] Image flushed
TRACE [neovide::editor] send_batch
TRACE [neovide::renderer::fonts::font_loader] Loading font FontKey { font_desc: Some(FontDescription { family: "DejaVu Sans Mono", style: Some("Bold Italic") }), hinting: Full, edging: AntiAlias }
TRACE [neovide::renderer::fonts::font_loader] Loading font FontKey { font_desc: Some(FontDescription { family: "Courier New", style: Some("Bold Italic") }), hinting: Full, edging: AntiAlias }
TRACE [neovide::renderer::fonts::font_loader] Loading font FontKey { font_desc: Some(FontDescription { family: "monospace", style: Some("Bold Italic") }), hinting: Full, edging: AntiAlias }
TRACE [neovide::bridge::handler] Neovim notification: "redraw"
DEBUG [neovide::bridge::events] Ignored style attribute: "nocombine"
TRACE [neovide::channel_utils] neovim_handler HighlightAttributesDefine { id: 265, style: Style { colors: Colors { foreground: Some(Color4f { r: 0.17254902, g: 0.17254902, b: 0.17254902, a: 1.0 }), background: Some(Color4f { r: 0.34509805, g: 0.3137255, b: 0.29411766, a: 1.0 }), special: None }, reverse: false, italic: false, bold: false, strikethrough: false, blend: 0, underline: None }, name: None }
TRACE [neovide::channel_utils] neovim_handler GridLine { grid: 2, row: 18, column_start: 41, cells: [GridLineCell { text: " ", highlight_id: Some(73), repeat: Some(6) }] }
TRACE [neovide::channel_utils] neovim_handler GridLine { grid: 2, row: 19, column_start: 41, cells: [GridLineCell { text: " ", highlight_id: Some(73), repeat: Some(6) }] }
TRACE [neovide::channel_utils] neovim_handler GridLine { grid: 2, row: 20, column_start: 41, cells: [GridLineCell { text: " ", highlight_id: Some(73), repeat: Some(6) }] }
TRACE [neovide::channel_utils] neovim_handler GridLine { grid: 2, row: 22, column_start: 38, cells: [GridLineCell { text: " ", highlight_id: Some(73), repeat: Some(12) }] }
TRACE [neovide::channel_utils] neovim_handler GridLine { grid: 2, row: 23, column_start: 22, cells: [GridLineCell { text: " ", highlight_id: Some(73), repeat: Some(44) }] }
TRACE [neovide::channel_utils] neovim_handler GridLine { grid: 2, row: 24, column_start: 22, cells: [GridLineCell { text: " ", highlight_id: Some(73), repeat: Some(44) }] }
TRACE [neovide::channel_utils] neovim_handler GridLine { grid: 2, row: 25, column_start: 33, cells: [GridLineCell { text: " ", highlight_id: Some(73), repeat: Some(23) }] }
TRACE [neovide::channel_utils] neovim_handler GridLine { grid: 2, row: 26, column_start: 22, cells: [GridLineCell { text: " ", highlight_id: Some(73), repeat: Some(44) }] }
TRACE [neovide::channel_utils] neovim_handler GridLine { grid: 2, row: 27, column_start: 22, cells: [GridLineCell { text: " ", highlight_id: Some(73), repeat: Some(44) }] }
TRACE [neovide::channel_utils] neovim_handler GridLine { grid: 2, row: 28, column_start: 22, cells: [GridLineCell { text: " ", highlight_id: Some(73), repeat: Some(44) }] }
TRACE [neovide::channel_utils] neovim_handler GridLine { grid: 2, row: 29, column_start: 22, cells: [GridLineCell { text: " ", highlight_id: Some(73), repeat: Some(44) }] }
TRACE [neovide::channel_utils] neovim_handler GridLine { grid: 2, row: 30, column_start: 22, cells: [GridLineCell { text: " ", highlight_id: Some(73), repeat: Some(44) }] }
TRACE [neovide::channel_utils] neovim_handler GridLine { grid: 2, row: 31, column_start: 22, cells: [GridLineCell { text: " ", highlight_id: Some(73), repeat: Some(44) }] }
TRACE [neovide::channel_utils] neovim_handler GridLine { grid: 2, row: 32, column_start: 22, cells: [GridLineCell { text: " ", highlight_id: Some(73), repeat: Some(44) }] }
TRACE [neovide::channel_utils] neovim_handler GridLine { grid: 2, row: 33, column_start: 22, cells: [GridLineCell { text: " ", highlight_id: Some(73), repeat: Some(44) }] }
TRACE [neovide::channel_utils] neovim_handler GridLine { grid: 2, row: 34, column_start: 30, cells: [GridLineCell { text: " ", highlight_id: Some(73), repeat: Some(29) }] }
TRACE [neovide::channel_utils] neovim_handler GridLine { grid: 2, row: 35, column_start: 22, cells: [GridLineCell { text: " ", highlight_id: Some(73), repeat: Some(44) }] }
DEBUG [neovide::bridge::events] Ignored style attribute: "nocombine"
DEBUG [neovide::bridge::events] Ignored style attribute: "nocombine"
DEBUG [neovide::bridge::events] Ignored style attribute: "nocombine"
DEBUG [neovide::bridge::events] Ignored style attribute: "nocombine"
TRACE [neovide::channel_utils] neovim_handler HighlightAttributesDefine { id: 266, style: Style { colors: Colors { foreground: Some(Color4f { r: 0.17254902, g: 0.17254902, b: 0.17254902, a: 1.0 }), background: Some(Color4f { r: 1.0, g: 0.9411765, b: 0.7647059, a: 1.0 }), special: None }, reverse: false, italic: false, bold: true, strikethrough: false, blend: 0, underline: None }, name: None }
TRACE [neovide::channel_utils] neovim_handler HighlightAttributesDefine { id: 267, style: Style { colors: Colors { foreground: Some(Color4f { r: 1.0, g: 0.9411765, b: 0.7647059, a: 1.0 }), background: Some(Color4f { r: 0.17254902, g: 0.17254902, b: 0.17254902, a: 1.0 }), special: None }, reverse: false, italic: false, bold: false, strikethrough: false, blend: 0, underline: None }, name: None }
TRACE [neovide::channel_utils] neovim_handler HighlightAttributesDefine { id: 268, style: Style { colors: Colors { foreground: Some(Color4f { r: 0.17254902, g: 0.17254902, b: 0.17254902, a: 1.0 }), background: Some(Color4f { r: 0.34509805, g: 0.3137255, b: 0.29411766, a: 1.0 }), special: None }, reverse: false, italic: false, bold: false, strikethrough: false, blend: 0, underline: None }, name: None }
TRACE [neovide::channel_utils] neovim_handler HighlightAttributesDefine { id: 269, style: Style { colors: Colors { foreground: Some(Color4f { r: 1.0, g: 0.9411765, b: 0.7647059, a: 1.0 }), background: Some(Color4f { r: 0.34509805, g: 0.3137255, b: 0.29411766, a: 1.0 }), special: None }, reverse: false, italic: false, bold: false, strikethrough: false, blend: 0, underline: None }, name: None }
TRACE [neovide::channel_utils] neovim_handler GridLine { grid: 1, row: 53, column_start: 0, cells: [GridLineCell { text: " ", highlight_id: Some(266), repeat: None }, GridLineCell { text: "N", highlight_id: None, repeat: None }, GridLineCell { text: "O", highlight_id: None, repeat: None }, GridLineCell { text: "R", highlight_id: None, repeat: None }, GridLineCell { text: "M", highlight_id: None, repeat: None }, GridLineCell { text: "A", highlight_id: None, repeat: None }, GridLineCell { text: "L", highlight_id: None, repeat: None }, GridLineCell { text: " ", highlight_id: None, repeat: None }, GridLineCell { text: "\u{e0b0}", highlight_id: Some(267), repeat: None }, GridLineCell { text: " ", highlight_id: None, repeat: None }, GridLineCell { text: "\u{e0a0}", highlight_id: None, repeat: None }, GridLineCell { text: " ", highlight_id: None, repeat: None }, GridLineCell { text: "m", highlight_id: None, repeat: None }, GridLineCell { text: "a", highlight_id: None, repeat: None }, GridLineCell { text: "i", highlight_id: None, repeat: None }, GridLineCell { text: "n", highlight_id: None, repeat: None }, GridLineCell { text: " ", highlight_id: None, repeat: None }, GridLineCell { text: "\u{e0b0}", highlight_id: Some(268), repeat: None }, GridLineCell { text: " ", highlight_id: Some(269), repeat: None }, GridLineCell { text: "[", highlight_id: None, repeat: None }, GridLineCell { text: "N", highlight_id: None, repeat: None }, GridLineCell { text: "o", highlight_id: None, repeat: None }, GridLineCell { text: " ", highlight_id: None, repeat: None }, GridLineCell { text: "N", highlight_id: None, repeat: None }, GridLineCell { text: "a", highlight_id: None, repeat: None }, GridLineCell { text: "m", highlight_id: None, repeat: None }, GridLineCell { text: "e", highlight_id: None, repeat: None }, GridLineCell { text: "]", highlight_id: None, repeat: None }, GridLineCell { text: " ", highlight_id: Some(269), repeat: Some(44) }, GridLineCell { text: "\u{e712}", highlight_id: None, repeat: None }, GridLineCell { text: " ", highlight_id: None, repeat: None }, GridLineCell { text: "\u{e0b2}", highlight_id: Some(268), repeat: None }, GridLineCell { text: " ", highlight_id: Some(267), repeat: None }, GridLineCell { text: "T", highlight_id: None, repeat: None }, GridLineCell { text: "o", highlight_id: None, repeat: None }, GridLineCell { text: "p", highlight_id: None, repeat: None }, GridLineCell { text: " ", highlight_id: None, repeat: None }, GridLineCell { text: "\u{e0b2}", highlight_id: None, repeat: None }, GridLineCell { text: " ", highlight_id: Some(266), repeat: Some(3) }, GridLineCell { text: "1", highlight_id: None, repeat: None }, GridLineCell { text: ":", highlight_id: None, repeat: None }, GridLineCell { text: "1", highlight_id: None, repeat: None }, GridLineCell { text: " ", highlight_id: Some(266), repeat: Some(2) }, GridLineCell { text: " ", highlight_id: Some(0), repeat: Some(0) }] }
TRACE [neovide::channel_utils] neovim_handler GridLine { grid: 2, row: 18, column_start: 41, cells: [GridLineCell { text: "│", highlight_id: Some(116), repeat: None }, GridLineCell { text: " ", highlight_id: Some(0), repeat: None }, GridLineCell { text: "╲", highlight_id: Some(77), repeat: None }, GridLineCell { text: " ", highlight_id: Some(0), repeat: None }, GridLineCell { text: "│", highlight_id: Some(77), repeat: Some(2) }] }
TRACE [neovide::channel_utils] neovim_handler GridLine { grid: 2, row: 19, column_start: 41, cells: [GridLineCell { text: "│", highlight_id: Some(116), repeat: Some(2) }, GridLineCell { text: "╲", highlight_id: Some(77), repeat: Some(2) }, GridLineCell { text: "│", highlight_id: Some(77), repeat: Some(2) }] }
TRACE [neovide::channel_utils] neovim_handler GridLine { grid: 2, row: 20, column_start: 41, cells: [GridLineCell { text: "│", highlight_id: Some(116), repeat: Some(2) }, GridLineCell { text: " ", highlight_id: Some(0), repeat: None }, GridLineCell { text: "╲", highlight_id: Some(77), repeat: None }, GridLineCell { text: " ", highlight_id: Some(0), repeat: None }, GridLineCell { text: "│", highlight_id: Some(77), repeat: None }] }
TRACE [neovide::channel_utils] neovim_handler GridLine { grid: 2, row: 22, column_start: 38, cells: [GridLineCell { text: "N", highlight_id: Some(77), repeat: None }, GridLineCell { text: "V", highlight_id: None, repeat: None }, GridLineCell { text: "I", highlight_id: None, repeat: None }, GridLineCell { text: "M", highlight_id: None, repeat: None }, GridLineCell { text: " ", highlight_id: None, repeat: None }, GridLineCell { text: "v", highlight_id: None, repeat: None }, GridLineCell { text: "0", highlight_id: None, repeat: None }, GridLineCell { text: ".", highlight_id: None, repeat: None }, GridLineCell { text: "1", highlight_id: None, repeat: None }, GridLineCell { text: "2", highlight_id: None, repeat: None }, GridLineCell { text: ".", highlight_id: None, repeat: None }, GridLineCell { text: "2", highlight_id: None, repeat: None }] }
TRACE [neovide::channel_utils] neovim_handler GridLine { grid: 2, row: 23, column_start: 22, cells: [GridLineCell { text: "─", highlight_id: Some(73), repeat: Some(44) }] }
TRACE [neovide::channel_utils] neovim_handler GridLine { grid: 2, row: 24, column_start: 22, cells: [GridLineCell { text: "N", highlight_id: Some(0), repeat: None }, GridLineCell { text: "v", highlight_id: None, repeat: None }, GridLineCell { text: "i", highlight_id: None, repeat: None }, GridLineCell { text: "m", highlight_id: None, repeat: None }, GridLineCell { text: " ", highlight_id: None, repeat: None }, GridLineCell { text: "i", highlight_id: None, repeat: None }, GridLineCell { text: "s", highlight_id: None, repeat: None }, GridLineCell { text: " ", highlight_id: None, repeat: None }, GridLineCell { text: "o", highlight_id: None, repeat: None }, GridLineCell { text: "p", highlight_id: None, repeat: None }, GridLineCell { text: "e", highlight_id: None, repeat: None }, GridLineCell { text: "n", highlight_id: None, repeat: None }, GridLineCell { text: " ", highlight_id: None, repeat: None }, GridLineCell { text: "s", highlight_id: None, repeat: None }, GridLineCell { text: "o", highlight_id: None, repeat: None }, GridLineCell { text: "u", highlight_id: None, repeat: None }, GridLineCell { text: "r", highlight_id: None, repeat: None }, GridLineCell { text: "c", highlight_id: None, repeat: None }, GridLineCell { text: "e", highlight_id: None, repeat: None }, GridLineCell { text: " ", highlight_id: None, repeat: None }, GridLineCell { text: "a", highlight_id: None, repeat: None }, GridLineCell { text: "n", highlight_id: None, repeat: None }, GridLineCell { text: "d", highlight_id: None, repeat: None }, GridLineCell { text: " ", highlight_id: None, repeat: None }, GridLineCell { text: "f", highlight_id: None, repeat: None }, GridLineCell { text: "r", highlight_id: None, repeat: None }, GridLineCell { text: "e", highlight_id: Some(0), repeat: Some(2) }, GridLineCell { text: "l", highlight_id: None, repeat: None }, GridLineCell { text: "y", highlight_id: None, repeat: None }, GridLineCell { text: " ", highlight_id: None, repeat: None }, GridLineCell { text: "d", highlight_id: None, repeat: None }, GridLineCell { text: "i", highlight_id: None, repeat: None }, GridLineCell { text: "s", highlight_id: None, repeat: None }, GridLineCell { text: "t", highlight_id: None, repeat: None }, GridLineCell { text: "r", highlight_id: None, repeat: None }, GridLineCell { text: "i", highlight_id: None, repeat: None }, GridLineCell { text: "b", highlight_id: None, repeat: None }, GridLineCell { text: "u", highlight_id: None, repeat: None }, GridLineCell { text: "t", highlight_id: None, repeat: None }, GridLineCell { text: "a", highlight_id: None, repeat: None }, GridLineCell { text: "b", highlight_id: None, repeat: None }, GridLineCell { text: "l", highlight_id: None, repeat: None }, GridLineCell { text: "e", highlight_id: None, repeat: None }] }
TRACE [neovide::channel_utils] neovim_handler GridLine { grid: 2, row: 25, column_start: 33, cells: [GridLineCell { text: "h", highlight_id: Some(0), repeat: None }, GridLineCell { text: "t", highlight_id: Some(0), repeat: Some(2) }, GridLineCell { text: "p", highlight_id: None, repeat: None }, GridLineCell { text: "s", highlight_id: None, repeat: None }, GridLineCell { text: ":", highlight_id: None, repeat: None }, GridLineCell { text: "/", highlight_id: Some(0), repeat: Some(2) }, GridLineCell { text: "n", highlight_id: None, repeat: None }, GridLineCell { text: "e", highlight_id: None, repeat: None }, GridLineCell { text: "o", highlight_id: None, repeat: None }, GridLineCell { text: "v", highlight_id: None, repeat: None }, GridLineCell { text: "i", highlight_id: None, repeat: None }, GridLineCell { text: "m", highlight_id: None, repeat: None }, GridLineCell { text: ".", highlight_id: None, repeat: None }, GridLineCell { text: "i", highlight_id: None, repeat: None }, GridLineCell { text: "o", highlight_id: None, repeat: None }, GridLineCell { text: "/", highlight_id: None, repeat: None }, GridLineCell { text: "#", highlight_id: None, repeat: None }, GridLineCell { text: "c", highlight_id: None, repeat: None }, GridLineCell { text: "h", highlight_id: None, repeat: None }, GridLineCell { text: "a", highlight_id: None, repeat: None }, GridLineCell { text: "t", highlight_id: None, repeat: None }] }
TRACE [neovide::channel_utils] neovim_handler GridLine { grid: 2, row: 26, column_start: 22, cells: [GridLineCell { text: "─", highlight_id: Some(73), repeat: Some(44) }] }
TRACE [neovide::channel_utils] neovim_handler GridLine { grid: 2, row: 27, column_start: 22, cells: [GridLineCell { text: "t", highlight_id: Some(0), repeat: None }, GridLineCell { text: "y", highlight_id: None, repeat: None }, GridLineCell { text: "p", highlight_id: None, repeat: None }, GridLineCell { text: "e", highlight_id: None, repeat: None }, GridLineCell { text: " ", highlight_id: Some(0), repeat: Some(2) }, GridLineCell { text: ":", highlight_id: Some(73), repeat: None }, GridLineCell { text: "h", highlight_id: Some(112), repeat: None }, GridLineCell { text: "e", highlight_id: None, repeat: None }, GridLineCell { text: "l", highlight_id: None, repeat: None }, GridLineCell { text: "p", highlight_id: None, repeat: None }, GridLineCell { text: " ", highlight_id: None, repeat: None }, GridLineCell { text: "n", highlight_id: None, repeat: None }, GridLineCell { text: "v", highlight_id: None, repeat: None }, GridLineCell { text: "i", highlight_id: None, repeat: None }, GridLineCell { text: "m", highlight_id: None, repeat: None }, GridLineCell { text: "<", highlight_id: Some(73), repeat: None }, GridLineCell { text: "E", highlight_id: None, repeat: None }, GridLineCell { text: "n", highlight_id: None, repeat: None }, GridLineCell { text: "t", highlight_id: None, repeat: None }, GridLineCell { text: "e", highlight_id: None, repeat: None }, GridLineCell { text: "r", highlight_id: None, repeat: None }, GridLineCell { text: ">", highlight_id: None, repeat: None }, GridLineCell { text: " ", highlight_id: Some(0), repeat: Some(5) }, GridLineCell { text: "i", highlight_id: None, repeat: None }, GridLineCell { text: "f", highlight_id: None, repeat: None }, GridLineCell { text: " ", highlight_id: None, repeat: None }, GridLineCell { text: "y", highlight_id: None, repeat: None }, GridLineCell { text: "o", highlight_id: None, repeat: None }, GridLineCell { text: "u", highlight_id: None, repeat: None }, GridLineCell { text: " ", highlight_id: None, repeat: None }, GridLineCell { text: "a", highlight_id: None, repeat: None }, GridLineCell { text: "r", highlight_id: None, repeat: None }, GridLineCell { text: "e", highlight_id: None, repeat: None }, GridLineCell { text: " ", highlight_id: None, repeat: None }, GridLineCell { text: "n", highlight_id: None, repeat: None }, GridLineCell { text: "e", highlight_id: None, repeat: None }, GridLineCell { text: "w", highlight_id: None, repeat: None }, GridLineCell { text: "!", highlight_id: None, repeat: None }, GridLineCell { text: " ", highlight_id: None, repeat: None }, GridLineCell { text: " ", highlight_id: Some(0), repeat: Some(0) }] }
TRACE [neovide::channel_utils] neovim_handler GridLine { grid: 2, row: 28, column_start: 22, cells: [GridLineCell { text: "t", highlight_id: Some(0), repeat: None }, GridLineCell { text: "y", highlight_id: None, repeat: None }, GridLineCell { text: "p", highlight_id: None, repeat: None }, GridLineCell { text: "e", highlight_id: None, repeat: None }, GridLineCell { text: " ", highlight_id: Some(0), repeat: Some(2) }, GridLineCell { text: ":", highlight_id: Some(73), repeat: None }, GridLineCell { text: "c", highlight_id: Some(112), repeat: None }, GridLineCell { text: "h", highlight_id: None, repeat: None }, GridLineCell { text: "e", highlight_id: None, repeat: None }, GridLineCell { text: "c", highlight_id: None, repeat: None }, GridLineCell { text: "k", highlight_id: None, repeat: None }, GridLineCell { text: "h", highlight_id: None, repeat: None }, GridLineCell { text: "e", highlight_id: None, repeat: None }, GridLineCell { text: "a", highlight_id: None, repeat: None }, GridLineCell { text: "l", highlight_id: None, repeat: None }, GridLineCell { text: "t", highlight_id: None, repeat: None }, GridLineCell { text: "h", highlight_id: None, repeat: None }, GridLineCell { text: "<", highlight_id: Some(73), repeat: None }, GridLineCell { text: "E", highlight_id: None, repeat: None }, GridLineCell { text: "n", highlight_id: None, repeat: None }, GridLineCell { text: "t", highlight_id: None, repeat: None }, GridLineCell { text: "e", highlight_id: None, repeat: None }, GridLineCell { text: "r", highlight_id: None, repeat: None }, GridLineCell { text: ">", highlight_id: None, repeat: None }, GridLineCell { text: " ", highlight_id: Some(0), repeat: Some(3) }, GridLineCell { text: "t", highlight_id: None, repeat: None }, GridLineCell { text: "o", highlight_id: None, repeat: None }, GridLineCell { text: " ", highlight_id: None, repeat: None }, GridLineCell { text: "o", highlight_id: None, repeat: None }, GridLineCell { text: "p", highlight_id: None, repeat: None }, GridLineCell { text: "t", highlight_id: None, repeat: None }, GridLineCell { text: "i", highlight_id: None, repeat: None }, GridLineCell { text: "m", highlight_id: None, repeat: None }, GridLineCell { text: "i", highlight_id: None, repeat: None }, GridLineCell { text: "z", highlight_id: None, repeat: None }, GridLineCell { text: "e", highlight_id: None, repeat: None }, GridLineCell { text: " ", highlight_id: None, repeat: None }, GridLineCell { text: "N", highlight_id: None, repeat: None }, GridLineCell { text: "v", highlight_id: None, repeat: None }, GridLineCell { text: "i", highlight_id: None, repeat: None }, GridLineCell { text: "m", highlight_id: None, repeat: None }] }
TRACE [neovide::channel_utils] neovim_handler GridLine { grid: 2, row: 29, column_start: 22, cells: [GridLineCell { text: "t", highlight_id: Some(0), repeat: None }, GridLineCell { text: "y", highlight_id: None, repeat: None }, GridLineCell { text: "p", highlight_id: None, repeat: None }, GridLineCell { text: "e", highlight_id: None, repeat: None }, GridLineCell { text: " ", highlight_id: Some(0), repeat: Some(2) }, GridLineCell { text: ":", highlight_id: Some(73), repeat: None }, GridLineCell { text: "q", highlight_id: Some(112), repeat: None }, GridLineCell { text: "<", highlight_id: Some(73), repeat: None }, GridLineCell { text: "E", highlight_id: None, repeat: None }, GridLineCell { text: "n", highlight_id: None, repeat: None }, GridLineCell { text: "t", highlight_id: None, repeat: None }, GridLineCell { text: "e", highlight_id: None, repeat: None }, GridLineCell { text: "r", highlight_id: None, repeat: None }, GridLineCell { text: ">", highlight_id: None, repeat: None }, GridLineCell { text: " ", highlight_id: Some(0), repeat: Some(13) }, GridLineCell { text: "t", highlight_id: None, repeat: None }, GridLineCell { text: "o", highlight_id: None, repeat: None }, GridLineCell { text: " ", highlight_id: None, repeat: None }, GridLineCell { text: "e", highlight_id: None, repeat: None }, GridLineCell { text: "x", highlight_id: None, repeat: None }, GridLineCell { text: "i", highlight_id: None, repeat: None }, GridLineCell { text: "t", highlight_id: None, repeat: None }, GridLineCell { text: " ", highlight_id: Some(0), repeat: Some(9) }, GridLineCell { text: " ", highlight_id: Some(0), repeat: Some(0) }] }
TRACE [neovide::channel_utils] neovim_handler GridLine { grid: 2, row: 30, column_start: 22, cells: [GridLineCell { text: "t", highlight_id: Some(0), repeat: None }, GridLineCell { text: "y", highlight_id: None, repeat: None }, GridLineCell { text: "p", highlight_id: None, repeat: None }, GridLineCell { text: "e", highlight_id: None, repeat: None }, GridLineCell { text: " ", highlight_id: Some(0), repeat: Some(2) }, GridLineCell { text: ":", highlight_id: Some(73), repeat: None }, GridLineCell { text: "h", highlight_id: Some(112), repeat: None }, GridLineCell { text: "e", highlight_id: None, repeat: None }, GridLineCell { text: "l", highlight_id: None, repeat: None }, GridLineCell { text: "p", highlight_id: None, repeat: None }, GridLineCell { text: "<", highlight_id: Some(73), repeat: None }, GridLineCell { text: "E", highlight_id: None, repeat: None }, GridLineCell { text: "n", highlight_id: None, repeat: None }, GridLineCell { text: "t", highlight_id: None, repeat: None }, GridLineCell { text: "e", highlight_id: None, repeat: None }, GridLineCell { text: "r", highlight_id: None, repeat: None }, GridLineCell { text: ">", highlight_id: None, repeat: None }, GridLineCell { text: " ", highlight_id: Some(0), repeat: Some(10) }, GridLineCell { text: "f", highlight_id: None, repeat: None }, GridLineCell { text: "o", highlight_id: None, repeat: None }, GridLineCell { text: "r", highlight_id: None, repeat: None }, GridLineCell { text: " ", highlight_id: None, repeat: None }, GridLineCell { text: "h", highlight_id: None, repeat: None }, GridLineCell { text: "e", highlight_id: None, repeat: None }, GridLineCell { text: "l", highlight_id: None, repeat: None }, GridLineCell { text: "p", highlight_id: None, repeat: None }, GridLineCell { text: " ", highlight_id: Some(0), repeat: Some(8) }, GridLineCell { text: " ", highlight_id: Some(0), repeat: Some(0) }] }
TRACE [neovide::channel_utils] neovim_handler GridLine { grid: 2, row: 31, column_start: 22, cells: [GridLineCell { text: "─", highlight_id: Some(73), repeat: Some(44) }] }
TRACE [neovide::channel_utils] neovim_handler GridLine { grid: 2, row: 32, column_start: 22, cells: [GridLineCell { text: "t", highlight_id: Some(0), repeat: None }, GridLineCell { text: "y", highlight_id: None, repeat: None }, GridLineCell { text: "p", highlight_id: None, repeat: None }, GridLineCell { text: "e", highlight_id: None, repeat: None }, GridLineCell { text: " ", highlight_id: Some(0), repeat: Some(2) }, GridLineCell { text: ":", highlight_id: Some(73), repeat: None }, GridLineCell { text: "h", highlight_id: Some(112), repeat: None }, GridLineCell { text: "e", highlight_id: None, repeat: None }, GridLineCell { text: "l", highlight_id: None, repeat: None }, GridLineCell { text: "p", highlight_id: None, repeat: None }, GridLineCell { text: " ", highlight_id: None, repeat: None }, GridLineCell { text: "n", highlight_id: None, repeat: None }, GridLineCell { text: "e", highlight_id: None, repeat: None }, GridLineCell { text: "w", highlight_id: None, repeat: None }, GridLineCell { text: "s", highlight_id: None, repeat: None }, GridLineCell { text: "<", highlight_id: Some(73), repeat: None }, GridLineCell { text: "E", highlight_id: None, repeat: None }, GridLineCell { text: "n", highlight_id: None, repeat: None }, GridLineCell { text: "t", highlight_id: None, repeat: None }, GridLineCell { text: "e", highlight_id: None, repeat: None }, GridLineCell { text: "r", highlight_id: None, repeat: None }, GridLineCell { text: ">", highlight_id: None, repeat: None }, GridLineCell { text: " ", highlight_id: Some(0), repeat: Some(5) }, GridLineCell { text: "f", highlight_id: None, repeat: None }, GridLineCell { text: "o", highlight_id: None, repeat: None }, GridLineCell { text: "r", highlight_id: None, repeat: None }, GridLineCell { text: " ", highlight_id: None, repeat: None }, GridLineCell { text: "v", highlight_id: None, repeat: None }, GridLineCell { text: "0", highlight_id: None, repeat: None }, GridLineCell { text: ".", highlight_id: None, repeat: None }, GridLineCell { text: "1", highlight_id: None, repeat: None }, GridLineCell { text: "2", highlight_id: None, repeat: None }, GridLineCell { text: " ", highlight_id: None, repeat: None }, GridLineCell { text: "n", highlight_id: None, repeat: None }, GridLineCell { text: "o", highlight_id: None, repeat: None }, GridLineCell { text: "t", highlight_id: None, repeat: None }, GridLineCell { text: "e", highlight_id: None, repeat: None }, GridLineCell { text: "s", highlight_id: None, repeat: None }, GridLineCell { text: " ", highlight_id: None, repeat: None }, GridLineCell { text: " ", highlight_id: Some(0), repeat: Some(0) }] }
TRACE [neovide::channel_utils] neovim_handler GridLine { grid: 2, row: 33, column_start: 22, cells: [GridLineCell { text: "─", highlight_id: Some(73), repeat: Some(44) }] }
TRACE [neovide::channel_utils] neovim_handler GridLine { grid: 2, row: 34, column_start: 30, cells: [GridLineCell { text: "H", highlight_id: Some(0), repeat: None }, GridLineCell { text: "e", highlight_id: None, repeat: None }, GridLineCell { text: "l", highlight_id: None, repeat: None }, GridLineCell { text: "p", highlight_id: None, repeat: None }, GridLineCell { text: " ", highlight_id: None, repeat: None }, GridLineCell { text: "p", highlight_id: None, repeat: None }, GridLineCell { text: "o", highlight_id: Some(0), repeat: Some(2) }, GridLineCell { text: "r", highlight_id: None, repeat: None }, GridLineCell { text: " ", highlight_id: None, repeat: None }, GridLineCell { text: "c", highlight_id: None, repeat: None }, GridLineCell { text: "h", highlight_id: None, repeat: None }, GridLineCell { text: "i", highlight_id: None, repeat: None }, GridLineCell { text: "l", highlight_id: None, repeat: None }, GridLineCell { text: "d", highlight_id: None, repeat: None }, GridLineCell { text: "r", highlight_id: None, repeat: None }, GridLineCell { text: "e", highlight_id: None, repeat: None }, GridLineCell { text: "n", highlight_id: None, repeat: None }, GridLineCell { text: " ", highlight_id: None, repeat: None }, GridLineCell { text: "i", highlight_id: None, repeat: None }, GridLineCell { text: "n", highlight_id: None, repeat: None }, GridLineCell { text: " ", highlight_id: None, repeat: None }, GridLineCell { text: "U", highlight_id: None, repeat: None }, GridLineCell { text: "g", highlight_id: None, repeat: None }, GridLineCell { text: "a", highlight_id: None, repeat: None }, GridLineCell { text: "n", highlight_id: None, repeat: None }, GridLineCell { text: "d", highlight_id: None, repeat: None }, GridLineCell { text: "a", highlight_id: None, repeat: None }, GridLineCell { text: "!", highlight_id: None, repeat: None }] }
TRACE [neovide::channel_utils] neovim_handler GridLine { grid: 2, row: 35, column_start: 22, cells: [GridLineCell { text: "t", highlight_id: Some(0), repeat: None }, GridLineCell { text: "y", highlight_id: None, repeat: None }, GridLineCell { text: "p", highlight_id: None, repeat: None }, GridLineCell { text: "e", highlight_id: None, repeat: None }, GridLineCell { text: " ", highlight_id: Some(0), repeat: Some(2) }, GridLineCell { text: ":", highlight_id: Some(73), repeat: None }, GridLineCell { text: "h", highlight_id: Some(112), repeat: None }, GridLineCell { text: "e", highlight_id: None, repeat: None }, GridLineCell { text: "l", highlight_id: None, repeat: None }, GridLineCell { text: "p", highlight_id: None, repeat: None }, GridLineCell { text: " ", highlight_id: None, repeat: None }, GridLineCell { text: "K", highlight_id: None, repeat: None }, GridLineCell { text: "u", highlight_id: None, repeat: None }, GridLineCell { text: "w", highlight_id: None, repeat: None }, GridLineCell { text: "a", highlight_id: None, repeat: None }, GridLineCell { text: "s", highlight_id: None, repeat: None }, GridLineCell { text: "h", highlight_id: None, repeat: None }, GridLineCell { text: "a", highlight_id: None, repeat: None }, GridLineCell { text: "<", highlight_id: Some(73), repeat: None }, GridLineCell { text: "E", highlight_id: None, repeat: None }, GridLineCell { text: "n", highlight_id: None, repeat: None }, GridLineCell { text: "t", highlight_id: None, repeat: None }, GridLineCell { text: "e", highlight_id: None, repeat: None }, GridLineCell { text: "r", highlight_id: None, repeat: None }, GridLineCell { text: ">", highlight_id: None, repeat: None }, GridLineCell { text: " ", highlight_id: Some(0), repeat: Some(2) }, GridLineCell { text: "f", highlight_id: None, repeat: None }, GridLineCell { text: "o", highlight_id: None, repeat: None }, GridLineCell { text: "r", highlight_id: None, repeat: None }, GridLineCell { text: " ", highlight_id: None, repeat: None }, GridLineCell { text: "i", highlight_id: None, repeat: None }, GridLineCell { text: "n", highlight_id: None, repeat: None }, GridLineCell { text: "f", highlight_id: None, repeat: None }, GridLineCell { text: "o", highlight_id: None, repeat: None }, GridLineCell { text: "r", highlight_id: None, repeat: None }, GridLineCell { text: "m", highlight_id: None, repeat: None }, GridLineCell { text: "a", highlight_id: None, repeat: None }, GridLineCell { text: "t", highlight_id: None, repeat: None }, GridLineCell { text: "i", highlight_id: None, repeat: None }, GridLineCell { text: "o", highlight_id: None, repeat: None }, GridLineCell { text: "n", highlight_id: None, repeat: None }, GridLineCell { text: " ", highlight_id: None, repeat: None }, GridLineCell { text: " ", highlight_id: Some(0), repeat: Some(0) }] }
TRACE [neovide::channel_utils] neovim_handler WindowViewport { grid: 2, top_line: 0.0, bottom_line: 2.0, current_line: 0.0, current_column: 0.0, line_count: Some(1.0), scroll_delta: Some(0.0) }
TRACE [neovide::channel_utils] neovim_handler Flush
TRACE [neovide::editor] Image flushed
TRACE [neovide::editor] send_batch
TRACE [neovide::renderer::fonts::font_loader] Loading font FontKey { font_desc: Some(FontDescription { family: "Source Code Pro", style: Some("Bold") }), hinting: Full, edging: AntiAlias }
TRACE [neovide::renderer::fonts::font_loader] Loading font FontKey { font_desc: Some(FontDescription { family: "DejaVu Sans Mono", style: Some("Bold") }), hinting: Full, edging: AntiAlias }
TRACE [neovide::renderer::fonts::font_loader] Loading font FontKey { font_desc: Some(FontDescription { family: "Courier New", style: Some("Bold") }), hinting: Full, edging: AntiAlias }
TRACE [neovide::renderer::fonts::font_loader] Loading font FontKey { font_desc: Some(FontDescription { family: "monospace", style: Some("Bold") }), hinting: Full, edging: AntiAlias }
TRACE [neovide::renderer::fonts::font_loader] Loading font FontKey { font_desc: Some(FontDescription { family: "Source Code Pro", style: Some("Italic") }), hinting: Full, edging: AntiAlias }
TRACE [neovide::renderer::fonts::font_loader] Loading font FontKey { font_desc: Some(FontDescription { family: "DejaVu Sans Mono", style: Some("Italic") }), hinting: Full, edging: AntiAlias }
TRACE [neovide::renderer::fonts::font_loader] Loading font FontKey { font_desc: Some(FontDescription { family: "Courier New", style: Some("Italic") }), hinting: Full, edging: AntiAlias }
TRACE [neovide::renderer::fonts::font_loader] Loading font FontKey { font_desc: Some(FontDescription { family: "monospace", style: Some("Italic") }), hinting: Full, edging: AntiAlias }
TRACE [neovide::renderer::fonts::font_loader] Loading font FontKey { font_desc: Some(FontDescription { family: "Source Code Pro", style: None }), hinting: Full, edging: AntiAlias }
TRACE [neovide::renderer::fonts::font_loader] Loading font FontKey { font_desc: Some(FontDescription { family: "DejaVu Sans Mono", style: None }), hinting: Full, edging: AntiAlias }
TRACE [neovide::renderer::fonts::font_loader] Loading font FontKey { font_desc: Some(FontDescription { family: "Courier New", style: None }), hinting: Full, edging: AntiAlias }
TRACE [neovide::renderer::fonts::font_loader] Loading font FontKey { font_desc: Some(FontDescription { family: "monospace", style: None }), hinting: Full, edging: AntiAlias }
WARN [neovide::renderer::fonts::caching_shaper] Some configured fonts could not be loaded and will be skipped: FontKey { font_desc: Some(FontDescription { family: "Source Code Pro", style: Some("Bold Italic") }), hinting: Full, edging: AntiAlias }, FontKey { font_desc: Some(FontDescription { family: "Source Code Pro", style: Some("Bold") }), hinting: Full, edging: AntiAlias }, FontKey { font_desc: Some(FontDescription { family: "Source Code Pro", style: Some("Italic") }), hinting: Full, edging: AntiAlias }, FontKey { font_desc: Some(FontDescription { family: "Source Code Pro", style: None }), hinting: Full, edging: AntiAlias }
DEBUG [neovide::renderer::fonts::caching_shaper] Font updated to: FontOptions { normal: [FontDescription { family: "DejaVu Sans Mono", style: None }, FontDescription { family: "Courier New", style: None }, FontDescription { family: "monospace", style: None }], italic: None, bold: None, bold_italic: None, features: {}, size: 18.666668, width: 0.0, hinting: Full, edging: AntiAlias, underline_offset: None }
TRACE [neovide::renderer::fonts::font_loader] Loading font FontKey { font_desc: Some(FontDescription { family: "DejaVu Sans Mono", style: None }), hinting: Full, edging: AntiAlias }
INFO [neovide::renderer::fonts::caching_shaper] Reset Font Loader: font_size: 18.67px, font_width: 11.24px
TRACE [neovide::renderer::grid_renderer] Updated font dimensions: GridScale { transform: Transform2 { matrix: [(11.238282, 0.0, 0.0), (0.0, 22.0, 0.0), (0.0, 0.0, 1.0)] } }
DEBUG [neovide::renderer::fonts::caching_shaper] Updating linespace: 0
DEBUG [neovide::renderer::fonts::caching_shaper] Linespace updated to: 0
TRACE [neovide::renderer::fonts::font_loader] Loading font FontKey { font_desc: Some(FontDescription { family: "DejaVu Sans Mono", style: None }), hinting: Full, edging: AntiAlias }
INFO [neovide::renderer::fonts::caching_shaper] Reset Font Loader: font_size: 18.67px, font_width: 11.24px
TRACE [neovide::renderer::grid_renderer] Updated font dimensions: GridScale { transform: Transform2 { matrix: [(11.238282, 0.0, 0.0), (0.0, 22.0, 0.0), (0.0, 0.0, 1.0)] } }
DEBUG [neovide::renderer::fonts::caching_shaper] Updating font: AtyknsonMono Nerd Font:h12
DEBUG [neovide::renderer::fonts::caching_shaper] Updating font options: FontOptions { normal: [FontDescription { family: "AtyknsonMono Nerd Font", style: None }], italic: None, bold: None, bold_italic: None, features: {}, size: 16.0, width: 0.0, hinting: Full, edging: AntiAlias, underline_offset: None }
TRACE [neovide::renderer::fonts::font_loader] Loading font FontKey { font_desc: Some(FontDescription { family: "AtyknsonMono Nerd Font", style: Some("Bold Italic") }), hinting: Full, edging: AntiAlias }
TRACE [neovide::renderer::fonts::font_loader] Loading font FontKey { font_desc: Some(FontDescription { family: "AtyknsonMono Nerd Font", style: Some("Bold") }), hinting: Full, edging: AntiAlias }
TRACE [neovide::renderer::fonts::font_loader] Loading font FontKey { font_desc: Some(FontDescription { family: "AtyknsonMono Nerd Font", style: Some("Italic") }), hinting: Full, edging: AntiAlias }
TRACE [neovide::renderer::fonts::font_loader] Loading font FontKey { font_desc: Some(FontDescription { family: "AtyknsonMono Nerd Font", style: None }), hinting: Full, edging: AntiAlias }
ERROR [neovide::renderer::fonts::caching_shaper] Font can't be updated to: FontOptions {
    normal: [
        FontDescription {
            family: "AtyknsonMono Nerd Font",
            style: None,
        },
    ],
    italic: None,
    bold: None,
    bold_italic: None,
    features: {},
    size: 16.0,
    width: 0.0,
    hinting: Full,
    edging: AntiAlias,
    underline_offset: None,
}
No candidate fonts could be loaded: FontKey { font_desc: Some(FontDescription { family: "AtyknsonMono Nerd Font", style: Some("Bold Italic") }), hinting: Full, edging: AntiAlias },
FontKey { font_desc: Some(FontDescription { family: "AtyknsonMono Nerd Font", style: Some("Bold") }), hinting: Full, edging: AntiAlias },
FontKey { font_desc: Some(FontDescription { family: "AtyknsonMono Nerd Font", style: Some("Italic") }), hinting: Full, edging: AntiAlias },
FontKey { font_desc: Some(FontDescription { family: "AtyknsonMono Nerd Font", style: None }), hinting: Full, edging: AntiAlias }
TRACE [neovide::channel_utils] UICommand Parallel(ShowError { lines: ["Font can't be updated to: FontOptions {", "    normal: [", "        FontDescription {", "            family: \"AtyknsonMono Nerd Font\",", "            style: None,", "        },", "    ],", "    italic: None,", "    bold: None,", "    bold_italic: None,", "    features: {},", "    size: 16.0,", "    width: 0.0,", "    hinting: Full,", "    edging: AntiAlias,", "    underline_offset: None,", "}", "No candidate fonts could be loaded: FontKey { font_desc: Some(FontDescription { family: \"AtyknsonMono Nerd Font\", style: Some(\"Bold Italic\") }), hinting: Full, edging: AntiAlias },", "FontKey { font_desc: Some(FontDescription { family: \"AtyknsonMono Nerd Font\", style: Some(\"Bold\") }), hinting: Full, edging: AntiAlias },", "FontKey { font_desc: Some(FontDescription { family: \"AtyknsonMono Nerd Font\", style: Some(\"Italic\") }), hinting: Full, edging: AntiAlias },", "FontKey { font_desc: Some(FontDescription { family: \"AtyknsonMono Nerd Font\", style: None }), hinting: Full, edging: AntiAlias }"] })
TRACE [neovide::renderer::grid_renderer] Updated font dimensions: GridScale { transform: Transform2 { matrix: [(11.238282, 0.0, 0.0), (0.0, 22.0, 0.0), (0.0, 0.0, 1.0)] } }
TRACE [neovide::renderer::rendered_window] Handling Viewport 2
INFO [neovide::window::window_wrapper] Route ready for initial window creation
DEBUG [neovide::settings::window_size] Loaded window settings: Maximized { grid_size: Some(Size2 { width: 89, height: 55 }) }
TRACE [neovide::channel_utils] UICommand Parallel(ShowError { lines: ["Font can't be updated to: FontOptions {", "    normal: [", "        FontDescription {", "            family: \"AtyknsonMono Nerd Font\",", "            style: None,", "        },", "    ],", "    italic: None,", "    bold: None,", "    bold_italic: None,", "    features: {},", "    size: 16.0,", "    width: 0.0,", "    hinting: Full,", "    edging: AntiAlias,", "    underline_offset: None,", "}", "No candidate fonts could be loaded: FontKey { font_desc: Some(FontDescription { family: \"AtyknsonMono Nerd Font\", style: Some(\"Bold Italic\") }), hinting: Full, edging: AntiAlias },", "FontKey { font_desc: Some(FontDescription { family: \"AtyknsonMono Nerd Font\", style: Some(\"Bold\") }), hinting: Full, edging: AntiAlias },", "FontKey { font_desc: Some(FontDescription { family: \"AtyknsonMono Nerd Font\", style: Some(\"Italic\") }), hinting: Full, edging: AntiAlias },", "FontKey { font_desc: Some(FontDescription { family: \"AtyknsonMono Nerd Font\", style: None }), hinting: Full, edging: AntiAlias }"] })
DEBUG [neovide::settings::window_size] Loaded window settings: Maximized { grid_size: Some(Size2 { width: 89, height: 55 }) }
TRACE [neovide::bridge::handler] Neovim notification: "redraw"
TRACE [neovide::channel_utils] neovim_handler HighlightAttributesDefine { id: 270, style: Style { colors: Colors { foreground: Some(Color4f { r: 0.8, g: 0.14117648, b: 0.11372549, a: 1.0 }), background: Some(Color4f { r: 0.15686275, g: 0.15686275, b: 0.15686275, a: 1.0 }), special: None }, reverse: false, italic: false, bold: false, strikethrough: false, blend: 0, underline: None }, name: None }
TRACE [neovide::channel_utils] neovim_handler GridLine { grid: 3, row: 0, column_start: 0, cells: [GridLineCell { text: "E", highlight_id: Some(270), repeat: None }, GridLineCell { text: "r", highlight_id: Some(270), repeat: Some(2) }, GridLineCell { text: "o", highlight_id: None, repeat: None }, GridLineCell { text: "r", highlight_id: None, repeat: None }, GridLineCell { text: ":", highlight_id: None, repeat: None }, GridLineCell { text: " ", highlight_id: None, repeat: None }, GridLineCell { text: " ", highlight_id: Some(0), repeat: Some(0) }] }
TRACE [neovide::channel_utils] neovim_handler GridLine { grid: 3, row: 0, column_start: 7, cells: [GridLineCell { text: "F", highlight_id: Some(270), repeat: None }, GridLineCell { text: "o", highlight_id: None, repeat: None }, GridLineCell { text: "n", highlight_id: None, repeat: None }, GridLineCell { text: "t", highlight_id: None, repeat: None }, GridLineCell { text: " ", highlight_id: None, repeat: None }, GridLineCell { text: "c", highlight_id: None, repeat: None }, GridLineCell { text: "a", highlight_id: None, repeat: None }, GridLineCell { text: "n", highlight_id: None, repeat: None }, GridLineCell { text: "'", highlight_id: None, repeat: None }, GridLineCell { text: "t", highlight_id: None, repeat: None }, GridLineCell { text: " ", highlight_id: None, repeat: None }, GridLineCell { text: "b", highlight_id: None, repeat: None }, GridLineCell { text: "e", highlight_id: None, repeat: None }, GridLineCell { text: " ", highlight_id: None, repeat: None }, GridLineCell { text: "u", highlight_id: None, repeat: None }, GridLineCell { text: "p", highlight_id: None, repeat: None }, GridLineCell { text: "d", highlight_id: None, repeat: None }, GridLineCell { text: "a", highlight_id: None, repeat: None }, GridLineCell { text: "t", highlight_id: None, repeat: None }, GridLineCell { text: "e", highlight_id: None, repeat: None }, GridLineCell { text: "d", highlight_id: None, repeat: None }, GridLineCell { text: " ", highlight_id: None, repeat: None }, GridLineCell { text: "t", highlight_id: None, repeat: None }, GridLineCell { text: "o", highlight_id: None, repeat: None }, GridLineCell { text: ":", highlight_id: None, repeat: None }, GridLineCell { text: " ", highlight_id: None, repeat: None }, GridLineCell { text: "F", highlight_id: None, repeat: None }, GridLineCell { text: "o", highlight_id: None, repeat: None }, GridLineCell { text: "n", highlight_id: None, repeat: None }, GridLineCell { text: "t", highlight_id: None, repeat: None }, GridLineCell { text: "O", highlight_id: None, repeat: None }, GridLineCell { text: "p", highlight_id: None, repeat: None }, GridLineCell { text: "t", highlight_id: None, repeat: None }, GridLineCell { text: "i", highlight_id: None, repeat: None }, GridLineCell { text: "o", highlight_id: None, repeat: None }, GridLineCell { text: "n", highlight_id: None, repeat: None }, GridLineCell { text: "s", highlight_id: None, repeat: None }, GridLineCell { text: " ", highlight_id: None, repeat: None }, GridLineCell { text: "{", highlight_id: None, repeat: None }] }
TRACE [neovide::channel_utils] neovim_handler HighlightAttributesDefine { id: 271, style: Style { colors: Colors { foreground: Some(Color4f { r: 0.27058825, g: 0.52156866, b: 0.53333336, a: 1.0 }), background: Some(Color4f { r: 0.15686275, g: 0.15686275, b: 0.15686275, a: 1.0 }), special: None }, reverse: false, italic: false, bold: false, strikethrough: false, blend: 0, underline: None }, name: None }
TRACE [neovide::channel_utils] neovim_handler MessageSetPosition { grid: 3, row: 28, scrolled: true, separator_character: " ", z_index: Some(200), comp_index: Some(1) }
TRACE [neovide::channel_utils] neovim_handler GridLine { grid: 3, row: 1, column_start: 0, cells: [GridLineCell { text: " ", highlight_id: Some(270), repeat: Some(4) }, GridLineCell { text: "n", highlight_id: None, repeat: None }, GridLineCell { text: "o", highlight_id: None, repeat: None }, GridLineCell { text: "r", highlight_id: None, repeat: None }, GridLineCell { text: "m", highlight_id: None, repeat: None }, GridLineCell { text: "a", highlight_id: None, repeat: None }, GridLineCell { text: "l", highlight_id: None, repeat: None }, GridLineCell { text: ":", highlight_id: None, repeat: None }, GridLineCell { text: " ", highlight_id: None, repeat: None }, GridLineCell { text: "[", highlight_id: None, repeat: None }, GridLineCell { text: " ", highlight_id: Some(80), repeat: Some(76) }, GridLineCell { text: " ", highlight_id: Some(80), repeat: Some(0) }] }
TRACE [neovide::channel_utils] neovim_handler GridLine { grid: 3, row: 2, column_start: 0, cells: [GridLineCell { text: " ", highlight_id: Some(270), repeat: Some(8) }, GridLineCell { text: "F", highlight_id: None, repeat: None }, GridLineCell { text: "o", highlight_id: None, repeat: None }, GridLineCell { text: "n", highlight_id: None, repeat: None }, GridLineCell { text: "t", highlight_id: None, repeat: None }, GridLineCell { text: "D", highlight_id: None, repeat: None }, GridLineCell { text: "e", highlight_id: None, repeat: None }, GridLineCell { text: "s", highlight_id: None, repeat: None }, GridLineCell { text: "c", highlight_id: None, repeat: None }, GridLineCell { text: "r", highlight_id: None, repeat: None }, GridLineCell { text: "i", highlight_id: None, repeat: None }, GridLineCell { text: "p", highlight_id: None, repeat: None }, GridLineCell { text: "t", highlight_id: None, repeat: None }, GridLineCell { text: "i", highlight_id: None, repeat: None }, GridLineCell { text: "o", highlight_id: None, repeat: None }, GridLineCell { text: "n", highlight_id: None, repeat: None }, GridLineCell { text: " ", highlight_id: None, repeat: None }, GridLineCell { text: "{", highlight_id: None, repeat: None }, GridLineCell { text: " ", highlight_id: Some(80), repeat: Some(64) }, GridLineCell { text: " ", highlight_id: Some(80), repeat: Some(0) }] }
TRACE [neovide::channel_utils] neovim_handler GridLine { grid: 3, row: 3, column_start: 0, cells: [GridLineCell { text: " ", highlight_id: Some(270), repeat: Some(12) }, GridLineCell { text: "f", highlight_id: None, repeat: None }, GridLineCell { text: "a", highlight_id: None, repeat: None }, GridLineCell { text: "m", highlight_id: None, repeat: None }, GridLineCell { text: "i", highlight_id: None, repeat: None }, GridLineCell { text: "l", highlight_id: None, repeat: None }, GridLineCell { text: "y", highlight_id: None, repeat: None }, GridLineCell { text: ":", highlight_id: None, repeat: None }, GridLineCell { text: " ", highlight_id: None, repeat: None }, GridLineCell { text: "\"", highlight_id: None, repeat: None }, GridLineCell { text: "A", highlight_id: None, repeat: None }, GridLineCell { text: "t", highlight_id: None, repeat: None }, GridLineCell { text: "y", highlight_id: None, repeat: None }, GridLineCell { text: "k", highlight_id: None, repeat: None }, GridLineCell { text: "n", highlight_id: None, repeat: None }, GridLineCell { text: "s", highlight_id: None, repeat: None }, GridLineCell { text: "o", highlight_id: None, repeat: None }, GridLineCell { text: "n", highlight_id: None, repeat: None }, GridLineCell { text: "M", highlight_id: None, repeat: None }, GridLineCell { text: "o", highlight_id: None, repeat: None }, GridLineCell { text: "n", highlight_id: None, repeat: None }, GridLineCell { text: "o", highlight_id: None, repeat: None }, GridLineCell { text: " ", highlight_id: None, repeat: None }, GridLineCell { text: "N", highlight_id: None, repeat: None }, GridLineCell { text: "e", highlight_id: None, repeat: None }, GridLineCell { text: "r", highlight_id: None, repeat: None }, GridLineCell { text: "d", highlight_id: None, repeat: None }, GridLineCell { text: " ", highlight_id: None, repeat: None }, GridLineCell { text: "F", highlight_id: None, repeat: None }, GridLineCell { text: "o", highlight_id: None, repeat: None }, GridLineCell { text: "n", highlight_id: None, repeat: None }, GridLineCell { text: "t", highlight_id: None, repeat: None }, GridLineCell { text: "\"", highlight_id: None, repeat: None }, GridLineCell { text: ",", highlight_id: None, repeat: None }, GridLineCell { text: " ", highlight_id: Some(80), repeat: Some(44) }, GridLineCell { text: " ", highlight_id: Some(80), repeat: Some(0) }] }
TRACE [neovide::channel_utils] neovim_handler GridLine { grid: 3, row: 4, column_start: 0, cells: [GridLineCell { text: " ", highlight_id: Some(270), repeat: Some(12) }, GridLineCell { text: "s", highlight_id: None, repeat: None }, GridLineCell { text: "t", highlight_id: None, repeat: None }, GridLineCell { text: "y", highlight_id: None, repeat: None }, GridLineCell { text: "l", highlight_id: None, repeat: None }, GridLineCell { text: "e", highlight_id: None, repeat: None }, GridLineCell { text: ":", highlight_id: None, repeat: None }, GridLineCell { text: " ", highlight_id: None, repeat: None }, GridLineCell { text: "N", highlight_id: None, repeat: None }, GridLineCell { text: "o", highlight_id: None, repeat: None }, GridLineCell { text: "n", highlight_id: None, repeat: None }, GridLineCell { text: "e", highlight_id: None, repeat: None }, GridLineCell { text: ",", highlight_id: None, repeat: None }, GridLineCell { text: " ", highlight_id: Some(80), repeat: Some(65) }, GridLineCell { text: " ", highlight_id: Some(80), repeat: Some(0) }] }
TRACE [neovide::channel_utils] neovim_handler GridLine { grid: 3, row: 5, column_start: 0, cells: [GridLineCell { text: " ", highlight_id: Some(270), repeat: Some(8) }, GridLineCell { text: "}", highlight_id: None, repeat: None }, GridLineCell { text: ",", highlight_id: None, repeat: None }, GridLineCell { text: " ", highlight_id: Some(80), repeat: Some(79) }, GridLineCell { text: " ", highlight_id: Some(80), repeat: Some(0) }] }
TRACE [neovide::channel_utils] neovim_handler GridLine { grid: 3, row: 6, column_start: 0, cells: [GridLineCell { text: " ", highlight_id: Some(270), repeat: Some(4) }, GridLineCell { text: "]", highlight_id: None, repeat: None }, GridLineCell { text: ",", highlight_id: None, repeat: None }, GridLineCell { text: " ", highlight_id: Some(80), repeat: Some(83) }, GridLineCell { text: " ", highlight_id: Some(80), repeat: Some(0) }] }
TRACE [neovide::channel_utils] neovim_handler GridLine { grid: 3, row: 7, column_start: 0, cells: [GridLineCell { text: " ", highlight_id: Some(270), repeat: Some(4) }, GridLineCell { text: "i", highlight_id: None, repeat: None }, GridLineCell { text: "t", highlight_id: None, repeat: None }, GridLineCell { text: "a", highlight_id: None, repeat: None }, GridLineCell { text: "l", highlight_id: None, repeat: None }, GridLineCell { text: "i", highlight_id: None, repeat: None }, GridLineCell { text: "c", highlight_id: None, repeat: None }, GridLineCell { text: ":", highlight_id: None, repeat: None }, GridLineCell { text: " ", highlight_id: None, repeat: None }, GridLineCell { text: "N", highlight_id: None, repeat: None }, GridLineCell { text: "o", highlight_id: None, repeat: None }, GridLineCell { text: "n", highlight_id: None, repeat: None }, GridLineCell { text: "e", highlight_id: None, repeat: None }, GridLineCell { text: ",", highlight_id: None, repeat: None }, GridLineCell { text: " ", highlight_id: Some(80), repeat: Some(72) }, GridLineCell { text: " ", highlight_id: Some(80), repeat: Some(0) }] }
TRACE [neovide::channel_utils] neovim_handler GridLine { grid: 3, row: 8, column_start: 0, cells: [GridLineCell { text: " ", highlight_id: Some(270), repeat: Some(4) }, GridLineCell { text: "b", highlight_id: None, repeat: None }, GridLineCell { text: "o", highlight_id: None, repeat: None }, GridLineCell { text: "l", highlight_id: None, repeat: None }, GridLineCell { text: "d", highlight_id: None, repeat: None }, GridLineCell { text: ":", highlight_id: None, repeat: None }, GridLineCell { text: " ", highlight_id: None, repeat: None }, GridLineCell { text: "N", highlight_id: None, repeat: None }, GridLineCell { text: "o", highlight_id: None, repeat: None }, GridLineCell { text: "n", highlight_id: None, repeat: None }, GridLineCell { text: "e", highlight_id: None, repeat: None }, GridLineCell { text: ",", highlight_id: None, repeat: None }, GridLineCell { text: " ", highlight_id: Some(80), repeat: Some(74) }, GridLineCell { text: " ", highlight_id: Some(80), repeat: Some(0) }] }
TRACE [neovide::channel_utils] neovim_handler GridLine { grid: 3, row: 9, column_start: 0, cells: [GridLineCell { text: " ", highlight_id: Some(270), repeat: Some(4) }, GridLineCell { text: "b", highlight_id: None, repeat: None }, GridLineCell { text: "o", highlight_id: None, repeat: None }, GridLineCell { text: "l", highlight_id: None, repeat: None }, GridLineCell { text: "d", highlight_id: None, repeat: None }, GridLineCell { text: "_", highlight_id: None, repeat: None }, GridLineCell { text: "i", highlight_id: None, repeat: None }, GridLineCell { text: "t", highlight_id: None, repeat: None }, GridLineCell { text: "a", highlight_id: None, repeat: None }, GridLineCell { text: "l", highlight_id: None, repeat: None }, GridLineCell { text: "i", highlight_id: None, repeat: None }, GridLineCell { text: "c", highlight_id: None, repeat: None }, GridLineCell { text: ":", highlight_id: None, repeat: None }, GridLineCell { text: " ", highlight_id: None, repeat: None }, GridLineCell { text: "N", highlight_id: None, repeat: None }, GridLineCell { text: "o", highlight_id: None, repeat: None }, GridLineCell { text: "n", highlight_id: None, repeat: None }, GridLineCell { text: "e", highlight_id: None, repeat: None }, GridLineCell { text: ",", highlight_id: None, repeat: None }, GridLineCell { text: " ", highlight_id: Some(80), repeat: Some(67) }, GridLineCell { text: " ", highlight_id: Some(80), repeat: Some(0) }] }
TRACE [neovide::channel_utils] neovim_handler GridLine { grid: 3, row: 10, column_start: 0, cells: [GridLineCell { text: " ", highlight_id: Some(270), repeat: Some(4) }, GridLineCell { text: "f", highlight_id: None, repeat: None }, GridLineCell { text: "e", highlight_id: None, repeat: None }, GridLineCell { text: "a", highlight_id: None, repeat: None }, GridLineCell { text: "t", highlight_id: None, repeat: None }, GridLineCell { text: "u", highlight_id: None, repeat: None }, GridLineCell { text: "r", highlight_id: None, repeat: None }, GridLineCell { text: "e", highlight_id: None, repeat: None }, GridLineCell { text: "s", highlight_id: None, repeat: None }, GridLineCell { text: ":", highlight_id: None, repeat: None }, GridLineCell { text: " ", highlight_id: None, repeat: None }, GridLineCell { text: "{", highlight_id: None, repeat: None }, GridLineCell { text: "}", highlight_id: None, repeat: None }, GridLineCell { text: ",", highlight_id: None, repeat: None }, GridLineCell { text: " ", highlight_id: Some(80), repeat: Some(72) }, GridLineCell { text: " ", highlight_id: Some(80), repeat: Some(0) }] }
TRACE [neovide::channel_utils] neovim_handler GridLine { grid: 3, row: 11, column_start: 0, cells: [GridLineCell { text: " ", highlight_id: Some(270), repeat: Some(4) }, GridLineCell { text: "s", highlight_id: None, repeat: None }, GridLineCell { text: "i", highlight_id: None, repeat: None }, GridLineCell { text: "z", highlight_id: None, repeat: None }, GridLineCell { text: "e", highlight_id: None, repeat: None }, GridLineCell { text: ":", highlight_id: None, repeat: None }, GridLineCell { text: " ", highlight_id: None, repeat: None }, GridLineCell { text: "1", highlight_id: None, repeat: None }, GridLineCell { text: "6", highlight_id: None, repeat: None }, GridLineCell { text: ".", highlight_id: None, repeat: None }, GridLineCell { text: "0", highlight_id: None, repeat: None }, GridLineCell { text: ",", highlight_id: None, repeat: None }, GridLineCell { text: " ", highlight_id: Some(80), repeat: Some(74) }, GridLineCell { text: " ", highlight_id: Some(80), repeat: Some(0) }] }
TRACE [neovide::channel_utils] neovim_handler GridLine { grid: 3, row: 12, column_start: 0, cells: [GridLineCell { text: " ", highlight_id: Some(270), repeat: Some(4) }, GridLineCell { text: "w", highlight_id: None, repeat: None }, GridLineCell { text: "i", highlight_id: None, repeat: None }, GridLineCell { text: "d", highlight_id: None, repeat: None }, GridLineCell { text: "t", highlight_id: None, repeat: None }, GridLineCell { text: "h", highlight_id: None, repeat: None }, GridLineCell { text: ":", highlight_id: None, repeat: None }, GridLineCell { text: " ", highlight_id: None, repeat: None }, GridLineCell { text: "0", highlight_id: None, repeat: None }, GridLineCell { text: ".", highlight_id: None, repeat: None }, GridLineCell { text: "0", highlight_id: None, repeat: None }, GridLineCell { text: ",", highlight_id: None, repeat: None }, GridLineCell { text: " ", highlight_id: Some(80), repeat: Some(74) }, GridLineCell { text: " ", highlight_id: Some(80), repeat: Some(0) }] }
TRACE [neovide::channel_utils] neovim_handler GridLine { grid: 3, row: 13, column_start: 0, cells: [GridLineCell { text: " ", highlight_id: Some(270), repeat: Some(4) }, GridLineCell { text: "h", highlight_id: None, repeat: None }, GridLineCell { text: "i", highlight_id: None, repeat: None }, GridLineCell { text: "n", highlight_id: None, repeat: None }, GridLineCell { text: "t", highlight_id: None, repeat: None }, GridLineCell { text: "i", highlight_id: None, repeat: None }, GridLineCell { text: "n", highlight_id: None, repeat: None }, GridLineCell { text: "g", highlight_id: None, repeat: None }, GridLineCell { text: ":", highlight_id: None, repeat: None }, GridLineCell { text: " ", highlight_id: None, repeat: None }, GridLineCell { text: "F", highlight_id: None, repeat: None }, GridLineCell { text: "u", highlight_id: None, repeat: None }, GridLineCell { text: "l", highlight_id: Some(270), repeat: Some(2) }, GridLineCell { text: ",", highlight_id: None, repeat: None }, GridLineCell { text: " ", highlight_id: Some(80), repeat: Some(71) }, GridLineCell { text: " ", highlight_id: Some(80), repeat: Some(0) }] }
TRACE [neovide::channel_utils] neovim_handler GridLine { grid: 3, row: 14, column_start: 0, cells: [GridLineCell { text: " ", highlight_id: Some(270), repeat: Some(4) }, GridLineCell { text: "e", highlight_id: None, repeat: None }, GridLineCell { text: "d", highlight_id: None, repeat: None }, GridLineCell { text: "g", highlight_id: None, repeat: None }, GridLineCell { text: "i", highlight_id: None, repeat: None }, GridLineCell { text: "n", highlight_id: None, repeat: None }, GridLineCell { text: "g", highlight_id: None, repeat: None }, GridLineCell { text: ":", highlight_id: None, repeat: None }, GridLineCell { text: " ", highlight_id: None, repeat: None }, GridLineCell { text: "A", highlight_id: None, repeat: None }, GridLineCell { text: "n", highlight_id: None, repeat: None }, GridLineCell { text: "t", highlight_id: None, repeat: None }, GridLineCell { text: "i", highlight_id: None, repeat: None }, GridLineCell { text: "A", highlight_id: None, repeat: None }, GridLineCell { text: "l", highlight_id: None, repeat: None }, GridLineCell { text: "i", highlight_id: None, repeat: None }, GridLineCell { text: "a", highlight_id: None, repeat: None }, GridLineCell { text: "s", highlight_id: None, repeat: None }, GridLineCell { text: ",", highlight_id: None, repeat: None }, GridLineCell { text: " ", highlight_id: Some(80), repeat: Some(67) }, GridLineCell { text: " ", highlight_id: Some(80), repeat: Some(0) }] }
TRACE [neovide::channel_utils] neovim_handler GridLine { grid: 3, row: 15, column_start: 0, cells: [GridLineCell { text: " ", highlight_id: Some(270), repeat: Some(4) }, GridLineCell { text: "u", highlight_id: None, repeat: None }, GridLineCell { text: "n", highlight_id: None, repeat: None }, GridLineCell { text: "d", highlight_id: None, repeat: None }, GridLineCell { text: "e", highlight_id: None, repeat: None }, GridLineCell { text: "r", highlight_id: None, repeat: None }, GridLineCell { text: "l", highlight_id: None, repeat: None }, GridLineCell { text: "i", highlight_id: None, repeat: None }, GridLineCell { text: "n", highlight_id: None, repeat: None }, GridLineCell { text: "e", highlight_id: None, repeat: None }, GridLineCell { text: "_", highlight_id: None, repeat: None }, GridLineCell { text: "o", highlight_id: None, repeat: None }, GridLineCell { text: "f", highlight_id: Some(270), repeat: Some(2) }, GridLineCell { text: "s", highlight_id: None, repeat: None }, GridLineCell { text: "e", highlight_id: None, repeat: None }, GridLineCell { text: "t", highlight_id: None, repeat: None }, GridLineCell { text: ":", highlight_id: None, repeat: None }, GridLineCell { text: " ", highlight_id: None, repeat: None }, GridLineCell { text: "N", highlight_id: None, repeat: None }, GridLineCell { text: "o", highlight_id: None, repeat: None }, GridLineCell { text: "n", highlight_id: None, repeat: None }, GridLineCell { text: "e", highlight_id: None, repeat: None }, GridLineCell { text: ",", highlight_id: None, repeat: None }, GridLineCell { text: " ", highlight_id: Some(80), repeat: Some(62) }, GridLineCell { text: " ", highlight_id: Some(80), repeat: Some(0) }] }
TRACE [neovide::channel_utils] neovim_handler GridLine { grid: 3, row: 16, column_start: 0, cells: [GridLineCell { text: "}", highlight_id: Some(270), repeat: None }, GridLineCell { text: " ", highlight_id: Some(80), repeat: Some(88) }, GridLineCell { text: " ", highlight_id: Some(80), repeat: Some(0) }] }
TRACE [neovide::channel_utils] neovim_handler GridLine { grid: 3, row: 17, column_start: 0, cells: [GridLineCell { text: "N", highlight_id: Some(270), repeat: None }, GridLineCell { text: "o", highlight_id: None, repeat: None }, GridLineCell { text: " ", highlight_id: None, repeat: None }, GridLineCell { text: "c", highlight_id: None, repeat: None }, GridLineCell { text: "a", highlight_id: None, repeat: None }, GridLineCell { text: "n", highlight_id: None, repeat: None }, GridLineCell { text: "d", highlight_id: None, repeat: None }, GridLineCell { text: "i", highlight_id: None, repeat: None }, GridLineCell { text: "d", highlight_id: None, repeat: None }, GridLineCell { text: "a", highlight_id: None, repeat: None }, GridLineCell { text: "t", highlight_id: None, repeat: None }, GridLineCell { text: "e", highlight_id: None, repeat: None }, GridLineCell { text: " ", highlight_id: None, repeat: None }, GridLineCell { text: "f", highlight_id: None, repeat: None }, GridLineCell { text: "o", highlight_id: None, repeat: None }, GridLineCell { text: "n", highlight_id: None, repeat: None }, GridLineCell { text: "t", highlight_id: None, repeat: None }, GridLineCell { text: "s", highlight_id: None, repeat: None }, GridLineCell { text: " ", highlight_id: None, repeat: None }, GridLineCell { text: "c", highlight_id: None, repeat: None }, GridLineCell { text: "o", highlight_id: None, repeat: None }, GridLineCell { text: "u", highlight_id: None, repeat: None }, GridLineCell { text: "l", highlight_id: None, repeat: None }, GridLineCell { text: "d", highlight_id: None, repeat: None }, GridLineCell { text: " ", highlight_id: None, repeat: None }, GridLineCell { text: "b", highlight_id: None, repeat: None }, GridLineCell { text: "e", highlight_id: None, repeat: None }, GridLineCell { text: " ", highlight_id: None, repeat: None }, GridLineCell { text: "l", highlight_id: None, repeat: None }, GridLineCell { text: "o", highlight_id: None, repeat: None }, GridLineCell { text: "a", highlight_id: None, repeat: None }, GridLineCell { text: "d", highlight_id: None, repeat: None }, GridLineCell { text: "e", highlight_id: None, repeat: None }, GridLineCell { text: "d", highlight_id: None, repeat: None }, GridLineCell { text: ":", highlight_id: None, repeat: None }, GridLineCell { text: " ", highlight_id: None, repeat: None }, GridLineCell { text: "F", highlight_id: None, repeat: None }, GridLineCell { text: "o", highlight_id: None, repeat: None }, GridLineCell { text: "n", highlight_id: None, repeat: None }, GridLineCell { text: "t", highlight_id: None, repeat: None }, GridLineCell { text: "K", highlight_id: None, repeat: None }, GridLineCell { text: "e", highlight_id: None, repeat: None }, GridLineCell { text: "y", highlight_id: None, repeat: None }, GridLineCell { text: " ", highlight_id: None, repeat: None }, GridLineCell { text: "{", highlight_id: None, repeat: None }, GridLineCell { text: " ", highlight_id: None, repeat: None }, GridLineCell { text: "f", highlight_id: None, repeat: None }, GridLineCell { text: "o", highlight_id: None, repeat: None }, GridLineCell { text: "n", highlight_id: None, repeat: None }, GridLineCell { text: "t", highlight_id: None, repeat: None }, GridLineCell { text: "_", highlight_id: None, repeat: None }, GridLineCell { text: "d", highlight_id: None, repeat: None }, GridLineCell { text: "e", highlight_id: None, repeat: None }, GridLineCell { text: "s", highlight_id: None, repeat: None }, GridLineCell { text: "c", highlight_id: None, repeat: None }, GridLineCell { text: ":", highlight_id: None, repeat: None }, GridLineCell { text: " ", highlight_id: None, repeat: None }, GridLineCell { text: "S", highlight_id: None, repeat: None }, GridLineCell { text: "o", highlight_id: None, repeat: None }, GridLineCell { text: "m", highlight_id: None, repeat: None }, GridLineCell { text: "e", highlight_id: None, repeat: None }, GridLineCell { text: "(", highlight_id: None, repeat: None }, GridLineCell { text: "F", highlight_id: None, repeat: None }, GridLineCell { text: "o", highlight_id: None, repeat: None }, GridLineCell { text: "n", highlight_id: None, repeat: None }, GridLineCell { text: "t", highlight_id: None, repeat: None }, GridLineCell { text: "D", highlight_id: None, repeat: None }, GridLineCell { text: "e", highlight_id: None, repeat: None }, GridLineCell { text: "s", highlight_id: None, repeat: None }, GridLineCell { text: "c", highlight_id: None, repeat: None }, GridLineCell { text: "r", highlight_id: None, repeat: None }, GridLineCell { text: "i", highlight_id: None, repeat: None }, GridLineCell { text: "p", highlight_id: None, repeat: None }, GridLineCell { text: "t", highlight_id: None, repeat: None }, GridLineCell { text: "i", highlight_id: None, repeat: None }, GridLineCell { text: "o", highlight_id: None, repeat: None }, GridLineCell { text: "n", highlight_id: None, repeat: None }, GridLineCell { text: " ", highlight_id: None, repeat: None }, GridLineCell { text: "{", highlight_id: None, repeat: None }, GridLineCell { text: " ", highlight_id: None, repeat: None }, GridLineCell { text: "f", highlight_id: None, repeat: None }, GridLineCell { text: "a", highlight_id: None, repeat: None }, GridLineCell { text: "m", highlight_id: None, repeat: None }, GridLineCell { text: "i", highlight_id: None, repeat: None }, GridLineCell { text: "l", highlight_id: None, repeat: None }, GridLineCell { text: "y", highlight_id: None, repeat: None }, GridLineCell { text: ":", highlight_id: None, repeat: None }, GridLineCell { text: " ", highlight_id: None, repeat: None }, GridLineCell { text: "\"", highlight_id: None, repeat: None }] }
TRACE [neovide::channel_utils] neovim_handler GridLine { grid: 3, row: 18, column_start: 0, cells: [GridLineCell { text: "A", highlight_id: Some(270), repeat: None }, GridLineCell { text: "t", highlight_id: None, repeat: None }, GridLineCell { text: "y", highlight_id: None, repeat: None }, GridLineCell { text: "k", highlight_id: None, repeat: None }, GridLineCell { text: "n", highlight_id: None, repeat: None }, GridLineCell { text: "s", highlight_id: None, repeat: None }, GridLineCell { text: "o", highlight_id: None, repeat: None }, GridLineCell { text: "n", highlight_id: None, repeat: None }, GridLineCell { text: "M", highlight_id: None, repeat: None }, GridLineCell { text: "o", highlight_id: None, repeat: None }, GridLineCell { text: "n", highlight_id: None, repeat: None }, GridLineCell { text: "o", highlight_id: None, repeat: None }, GridLineCell { text: " ", highlight_id: None, repeat: None }, GridLineCell { text: "N", highlight_id: None, repeat: None }, GridLineCell { text: "e", highlight_id: None, repeat: None }, GridLineCell { text: "r", highlight_id: None, repeat: None }, GridLineCell { text: "d", highlight_id: None, repeat: None }, GridLineCell { text: " ", highlight_id: None, repeat: None }, GridLineCell { text: "F", highlight_id: None, repeat: None }, GridLineCell { text: "o", highlight_id: None, repeat: None }, GridLineCell { text: "n", highlight_id: None, repeat: None }, GridLineCell { text: "t", highlight_id: None, repeat: None }, GridLineCell { text: "\"", highlight_id: None, repeat: None }, GridLineCell { text: ",", highlight_id: None, repeat: None }, GridLineCell { text: " ", highlight_id: None, repeat: None }, GridLineCell { text: "s", highlight_id: None, repeat: None }, GridLineCell { text: "t", highlight_id: None, repeat: None }, GridLineCell { text: "y", highlight_id: None, repeat: None }, GridLineCell { text: "l", highlight_id: None, repeat: None }, GridLineCell { text: "e", highlight_id: None, repeat: None }, GridLineCell { text: ":", highlight_id: None, repeat: None }, GridLineCell { text: " ", highlight_id: None, repeat: None }, GridLineCell { text: "S", highlight_id: None, repeat: None }, GridLineCell { text: "o", highlight_id: None, repeat: None }, GridLineCell { text: "m", highlight_id: None, repeat: None }, GridLineCell { text: "e", highlight_id: None, repeat: None }, GridLineCell { text: "(", highlight_id: None, repeat: None }, GridLineCell { text: "\"", highlight_id: None, repeat: None }, GridLineCell { text: "B", highlight_id: None, repeat: None }, GridLineCell { text: "o", highlight_id: None, repeat: None }, GridLineCell { text: "l", highlight_id: None, repeat: None }, GridLineCell { text: "d", highlight_id: None, repeat: None }, GridLineCell { text: " ", highlight_id: None, repeat: None }, GridLineCell { text: "I", highlight_id: None, repeat: None }, GridLineCell { text: "t", highlight_id: None, repeat: None }, GridLineCell { text: "a", highlight_id: None, repeat: None }, GridLineCell { text: "l", highlight_id: None, repeat: None }, GridLineCell { text: "i", highlight_id: None, repeat: None }, GridLineCell { text: "c", highlight_id: None, repeat: None }, GridLineCell { text: "\"", highlight_id: None, repeat: None }, GridLineCell { text: ")", highlight_id: None, repeat: None }, GridLineCell { text: " ", highlight_id: None, repeat: None }, GridLineCell { text: "}", highlight_id: None, repeat: None }, GridLineCell { text: ")", highlight_id: None, repeat: None }, GridLineCell { text: ",", highlight_id: None, repeat: None }, GridLineCell { text: " ", highlight_id: None, repeat: None }, GridLineCell { text: "h", highlight_id: None, repeat: None }, GridLineCell { text: "i", highlight_id: None, repeat: None }, GridLineCell { text: "n", highlight_id: None, repeat: None }, GridLineCell { text: "t", highlight_id: None, repeat: None }, GridLineCell { text: "i", highlight_id: None, repeat: None }, GridLineCell { text: "n", highlight_id: None, repeat: None }, GridLineCell { text: "g", highlight_id: None, repeat: None }, GridLineCell { text: ":", highlight_id: None, repeat: None }, GridLineCell { text: " ", highlight_id: None, repeat: None }, GridLineCell { text: "F", highlight_id: None, repeat: None }, GridLineCell { text: "u", highlight_id: None, repeat: None }, GridLineCell { text: "l", highlight_id: Some(270), repeat: Some(2) }, GridLineCell { text: ",", highlight_id: None, repeat: None }, GridLineCell { text: " ", highlight_id: None, repeat: None }, GridLineCell { text: "e", highlight_id: None, repeat: None }, GridLineCell { text: "d", highlight_id: None, repeat: None }, GridLineCell { text: "g", highlight_id: None, repeat: None }, GridLineCell { text: "i", highlight_id: None, repeat: None }, GridLineCell { text: "n", highlight_id: None, repeat: None }, GridLineCell { text: "g", highlight_id: None, repeat: None }, GridLineCell { text: ":", highlight_id: None, repeat: None }] }
TRACE [neovide::bridge::handler] Neovim notification: "redraw"
TRACE [neovide::channel_utils] neovim_handler GridLine { grid: 3, row: 18, column_start: 78, cells: [GridLineCell { text: " ", highlight_id: Some(270), repeat: None }, GridLineCell { text: "A", highlight_id: None, repeat: None }, GridLineCell { text: "n", highlight_id: None, repeat: None }, GridLineCell { text: "t", highlight_id: None, repeat: None }, GridLineCell { text: "i", highlight_id: None, repeat: None }, GridLineCell { text: "A", highlight_id: None, repeat: None }, GridLineCell { text: "l", highlight_id: None, repeat: None }, GridLineCell { text: "i", highlight_id: None, repeat: None }, GridLineCell { text: "a", highlight_id: None, repeat: None }, GridLineCell { text: "s", highlight_id: None, repeat: None }, GridLineCell { text: " ", highlight_id: None, repeat: None }, GridLineCell { text: " ", highlight_id: Some(80), repeat: Some(0) }] }
TRACE [neovide::channel_utils] neovim_handler GridLine { grid: 3, row: 19, column_start: 0, cells: [GridLineCell { text: "}", highlight_id: Some(270), repeat: None }, GridLineCell { text: ",", highlight_id: None, repeat: None }, GridLineCell { text: " ", highlight_id: Some(80), repeat: Some(87) }, GridLineCell { text: " ", highlight_id: Some(80), repeat: Some(0) }] }
TRACE [neovide::channel_utils] neovim_handler GridLine { grid: 3, row: 20, column_start: 0, cells: [GridLineCell { text: "F", highlight_id: Some(270), repeat: None }, GridLineCell { text: "o", highlight_id: None, repeat: None }, GridLineCell { text: "n", highlight_id: None, repeat: None }, GridLineCell { text: "t", highlight_id: None, repeat: None }, GridLineCell { text: "K", highlight_id: None, repeat: None }, GridLineCell { text: "e", highlight_id: None, repeat: None }, GridLineCell { text: "y", highlight_id: None, repeat: None }, GridLineCell { text: " ", highlight_id: None, repeat: None }, GridLineCell { text: "{", highlight_id: None, repeat: None }, GridLineCell { text: " ", highlight_id: None, repeat: None }, GridLineCell { text: "f", highlight_id: None, repeat: None }, GridLineCell { text: "o", highlight_id: None, repeat: None }, GridLineCell { text: "n", highlight_id: None, repeat: None }, GridLineCell { text: "t", highlight_id: None, repeat: None }, GridLineCell { text: "_", highlight_id: None, repeat: None }, GridLineCell { text: "d", highlight_id: None, repeat: None }, GridLineCell { text: "e", highlight_id: None, repeat: None }, GridLineCell { text: "s", highlight_id: None, repeat: None }, GridLineCell { text: "c", highlight_id: None, repeat: None }, GridLineCell { text: ":", highlight_id: None, repeat: None }, GridLineCell { text: " ", highlight_id: None, repeat: None }, GridLineCell { text: "S", highlight_id: None, repeat: None }, GridLineCell { text: "o", highlight_id: None, repeat: None }, GridLineCell { text: "m", highlight_id: None, repeat: None }, GridLineCell { text: "e", highlight_id: None, repeat: None }, GridLineCell { text: "(", highlight_id: None, repeat: None }, GridLineCell { text: "F", highlight_id: None, repeat: None }, GridLineCell { text: "o", highlight_id: None, repeat: None }, GridLineCell { text: "n", highlight_id: None, repeat: None }, GridLineCell { text: "t", highlight_id: None, repeat: None }, GridLineCell { text: "D", highlight_id: None, repeat: None }, GridLineCell { text: "e", highlight_id: None, repeat: None }, GridLineCell { text: "s", highlight_id: None, repeat: None }, GridLineCell { text: "c", highlight_id: None, repeat: None }, GridLineCell { text: "r", highlight_id: None, repeat: None }, GridLineCell { text: "i", highlight_id: None, repeat: None }, GridLineCell { text: "p", highlight_id: None, repeat: None }, GridLineCell { text: "t", highlight_id: None, repeat: None }, GridLineCell { text: "i", highlight_id: None, repeat: None }, GridLineCell { text: "o", highlight_id: None, repeat: None }, GridLineCell { text: "n", highlight_id: None, repeat: None }, GridLineCell { text: " ", highlight_id: None, repeat: None }, GridLineCell { text: "{", highlight_id: None, repeat: None }, GridLineCell { text: " ", highlight_id: None, repeat: None }, GridLineCell { text: "f", highlight_id: None, repeat: None }, GridLineCell { text: "a", highlight_id: None, repeat: None }, GridLineCell { text: "m", highlight_id: None, repeat: None }, GridLineCell { text: "i", highlight_id: None, repeat: None }, GridLineCell { text: "l", highlight_id: None, repeat: None }, GridLineCell { text: "y", highlight_id: None, repeat: None }, GridLineCell { text: ":", highlight_id: None, repeat: None }, GridLineCell { text: " ", highlight_id: None, repeat: None }, GridLineCell { text: "\"", highlight_id: None, repeat: None }, GridLineCell { text: "A", highlight_id: None, repeat: None }, GridLineCell { text: "t", highlight_id: None, repeat: None }, GridLineCell { text: "y", highlight_id: None, repeat: None }, GridLineCell { text: "k", highlight_id: None, repeat: None }, GridLineCell { text: "n", highlight_id: None, repeat: None }, GridLineCell { text: "s", highlight_id: None, repeat: None }, GridLineCell { text: "o", highlight_id: None, repeat: None }, GridLineCell { text: "n", highlight_id: None, repeat: None }, GridLineCell { text: "M", highlight_id: None, repeat: None }, GridLineCell { text: "o", highlight_id: None, repeat: None }, GridLineCell { text: "n", highlight_id: None, repeat: None }, GridLineCell { text: "o", highlight_id: None, repeat: None }, GridLineCell { text: " ", highlight_id: None, repeat: None }, GridLineCell { text: "N", highlight_id: None, repeat: None }, GridLineCell { text: "e", highlight_id: None, repeat: None }, GridLineCell { text: "r", highlight_id: None, repeat: None }, GridLineCell { text: "d", highlight_id: None, repeat: None }, GridLineCell { text: " ", highlight_id: None, repeat: None }, GridLineCell { text: "F", highlight_id: None, repeat: None }, GridLineCell { text: "o", highlight_id: None, repeat: None }, GridLineCell { text: "n", highlight_id: None, repeat: None }, GridLineCell { text: "t", highlight_id: None, repeat: None }, GridLineCell { text: "\"", highlight_id: None, repeat: None }, GridLineCell { text: ",", highlight_id: None, repeat: None }, GridLineCell { text: " ", highlight_id: None, repeat: None }, GridLineCell { text: "s", highlight_id: None, repeat: None }, GridLineCell { text: "t", highlight_id: None, repeat: None }, GridLineCell { text: "y", highlight_id: None, repeat: None }, GridLineCell { text: "l", highlight_id: None, repeat: None }, GridLineCell { text: "e", highlight_id: None, repeat: None }, GridLineCell { text: ":", highlight_id: None, repeat: None }, GridLineCell { text: " ", highlight_id: None, repeat: None }, GridLineCell { text: "S", highlight_id: None, repeat: None }, GridLineCell { text: "o", highlight_id: None, repeat: None }, GridLineCell { text: "m", highlight_id: None, repeat: None }, GridLineCell { text: "e", highlight_id: None, repeat: None }] }
TRACE [neovide::channel_utils] neovim_handler GridLine { grid: 3, row: 21, column_start: 0, cells: [GridLineCell { text: "(", highlight_id: Some(270), repeat: None }, GridLineCell { text: "\"", highlight_id: None, repeat: None }, GridLineCell { text: "B", highlight_id: None, repeat: None }, GridLineCell { text: "o", highlight_id: None, repeat: None }, GridLineCell { text: "l", highlight_id: None, repeat: None }, GridLineCell { text: "d", highlight_id: None, repeat: None }, GridLineCell { text: "\"", highlight_id: None, repeat: None }, GridLineCell { text: ")", highlight_id: None, repeat: None }, GridLineCell { text: " ", highlight_id: None, repeat: None }, GridLineCell { text: "}", highlight_id: None, repeat: None }, GridLineCell { text: ")", highlight_id: None, repeat: None }, GridLineCell { text: ",", highlight_id: None, repeat: None }, GridLineCell { text: " ", highlight_id: None, repeat: None }, GridLineCell { text: "h", highlight_id: None, repeat: None }, GridLineCell { text: "i", highlight_id: None, repeat: None }, GridLineCell { text: "n", highlight_id: None, repeat: None }, GridLineCell { text: "t", highlight_id: None, repeat: None }, GridLineCell { text: "i", highlight_id: None, repeat: None }, GridLineCell { text: "n", highlight_id: None, repeat: None }, GridLineCell { text: "g", highlight_id: None, repeat: None }, GridLineCell { text: ":", highlight_id: None, repeat: None }, GridLineCell { text: " ", highlight_id: None, repeat: None }, GridLineCell { text: "F", highlight_id: None, repeat: None }, GridLineCell { text: "u", highlight_id: None, repeat: None }, GridLineCell { text: "l", highlight_id: Some(270), repeat: Some(2) }, GridLineCell { text: ",", highlight_id: None, repeat: None }, GridLineCell { text: " ", highlight_id: None, repeat: None }, GridLineCell { text: "e", highlight_id: None, repeat: None }, GridLineCell { text: "d", highlight_id: None, repeat: None }, GridLineCell { text: "g", highlight_id: None, repeat: None }, GridLineCell { text: "i", highlight_id: None, repeat: None }, GridLineCell { text: "n", highlight_id: None, repeat: None }, GridLineCell { text: "g", highlight_id: None, repeat: None }, GridLineCell { text: ":", highlight_id: None, repeat: None }, GridLineCell { text: " ", highlight_id: None, repeat: None }, GridLineCell { text: "A", highlight_id: None, repeat: None }, GridLineCell { text: "n", highlight_id: None, repeat: None }, GridLineCell { text: "t", highlight_id: None, repeat: None }, GridLineCell { text: "i", highlight_id: None, repeat: None }, GridLineCell { text: "A", highlight_id: None, repeat: None }, GridLineCell { text: "l", highlight_id: None, repeat: None }, GridLineCell { text: "i", highlight_id: None, repeat: None }, GridLineCell { text: "a", highlight_id: None, repeat: None }, GridLineCell { text: "s", highlight_id: None, repeat: None }, GridLineCell { text: " ", highlight_id: None, repeat: None }, GridLineCell { text: "}", highlight_id: None, repeat: None }, GridLineCell { text: ",", highlight_id: None, repeat: None }, GridLineCell { text: " ", highlight_id: Some(80), repeat: Some(41) }, GridLineCell { text: " ", highlight_id: Some(80), repeat: Some(0) }] }
TRACE [neovide::channel_utils] neovim_handler GridLine { grid: 3, row: 22, column_start: 0, cells: [GridLineCell { text: "F", highlight_id: Some(270), repeat: None }, GridLineCell { text: "o", highlight_id: None, repeat: None }, GridLineCell { text: "n", highlight_id: None, repeat: None }, GridLineCell { text: "t", highlight_id: None, repeat: None }, GridLineCell { text: "K", highlight_id: None, repeat: None }, GridLineCell { text: "e", highlight_id: None, repeat: None }, GridLineCell { text: "y", highlight_id: None, repeat: None }, GridLineCell { text: " ", highlight_id: None, repeat: None }, GridLineCell { text: "{", highlight_id: None, repeat: None }, GridLineCell { text: " ", highlight_id: None, repeat: None }, GridLineCell { text: "f", highlight_id: None, repeat: None }, GridLineCell { text: "o", highlight_id: None, repeat: None }, GridLineCell { text: "n", highlight_id: None, repeat: None }, GridLineCell { text: "t", highlight_id: None, repeat: None }, GridLineCell { text: "_", highlight_id: None, repeat: None }, GridLineCell { text: "d", highlight_id: None, repeat: None }, GridLineCell { text: "e", highlight_id: None, repeat: None }, GridLineCell { text: "s", highlight_id: None, repeat: None }, GridLineCell { text: "c", highlight_id: None, repeat: None }, GridLineCell { text: ":", highlight_id: None, repeat: None }, GridLineCell { text: " ", highlight_id: None, repeat: None }, GridLineCell { text: "S", highlight_id: None, repeat: None }, GridLineCell { text: "o", highlight_id: None, repeat: None }, GridLineCell { text: "m", highlight_id: None, repeat: None }, GridLineCell { text: "e", highlight_id: None, repeat: None }, GridLineCell { text: "(", highlight_id: None, repeat: None }, GridLineCell { text: "F", highlight_id: None, repeat: None }, GridLineCell { text: "o", highlight_id: None, repeat: None }, GridLineCell { text: "n", highlight_id: None, repeat: None }, GridLineCell { text: "t", highlight_id: None, repeat: None }, GridLineCell { text: "D", highlight_id: None, repeat: None }, GridLineCell { text: "e", highlight_id: None, repeat: None }, GridLineCell { text: "s", highlight_id: None, repeat: None }, GridLineCell { text: "c", highlight_id: None, repeat: None }, GridLineCell { text: "r", highlight_id: None, repeat: None }, GridLineCell { text: "i", highlight_id: None, repeat: None }, GridLineCell { text: "p", highlight_id: None, repeat: None }, GridLineCell { text: "t", highlight_id: None, repeat: None }, GridLineCell { text: "i", highlight_id: None, repeat: None }, GridLineCell { text: "o", highlight_id: None, repeat: None }, GridLineCell { text: "n", highlight_id: None, repeat: None }, GridLineCell { text: " ", highlight_id: None, repeat: None }, GridLineCell { text: "{", highlight_id: None, repeat: None }, GridLineCell { text: " ", highlight_id: None, repeat: None }, GridLineCell { text: "f", highlight_id: None, repeat: None }, GridLineCell { text: "a", highlight_id: None, repeat: None }, GridLineCell { text: "m", highlight_id: None, repeat: None }, GridLineCell { text: "i", highlight_id: None, repeat: None }, GridLineCell { text: "l", highlight_id: None, repeat: None }, GridLineCell { text: "y", highlight_id: None, repeat: None }, GridLineCell { text: ":", highlight_id: None, repeat: None }, GridLineCell { text: " ", highlight_id: None, repeat: None }, GridLineCell { text: "\"", highlight_id: None, repeat: None }, GridLineCell { text: "A", highlight_id: None, repeat: None }, GridLineCell { text: "t", highlight_id: None, repeat: None }, GridLineCell { text: "y", highlight_id: None, repeat: None }, GridLineCell { text: "k", highlight_id: None, repeat: None }, GridLineCell { text: "n", highlight_id: None, repeat: None }, GridLineCell { text: "s", highlight_id: None, repeat: None }, GridLineCell { text: "o", highlight_id: None, repeat: None }, GridLineCell { text: "n", highlight_id: None, repeat: None }, GridLineCell { text: "M", highlight_id: None, repeat: None }, GridLineCell { text: "o", highlight_id: None, repeat: None }, GridLineCell { text: "n", highlight_id: None, repeat: None }, GridLineCell { text: "o", highlight_id: None, repeat: None }, GridLineCell { text: " ", highlight_id: None, repeat: None }, GridLineCell { text: "N", highlight_id: None, repeat: None }, GridLineCell { text: "e", highlight_id: None, repeat: None }, GridLineCell { text: "r", highlight_id: None, repeat: None }, GridLineCell { text: "d", highlight_id: None, repeat: None }, GridLineCell { text: " ", highlight_id: None, repeat: None }, GridLineCell { text: "F", highlight_id: None, repeat: None }, GridLineCell { text: "o", highlight_id: None, repeat: None }, GridLineCell { text: "n", highlight_id: None, repeat: None }, GridLineCell { text: "t", highlight_id: None, repeat: None }, GridLineCell { text: "\"", highlight_id: None, repeat: None }, GridLineCell { text: ",", highlight_id: None, repeat: None }, GridLineCell { text: " ", highlight_id: None, repeat: None }, GridLineCell { text: "s", highlight_id: None, repeat: None }, GridLineCell { text: "t", highlight_id: None, repeat: None }, GridLineCell { text: "y", highlight_id: None, repeat: None }, GridLineCell { text: "l", highlight_id: None, repeat: None }, GridLineCell { text: "e", highlight_id: None, repeat: None }, GridLineCell { text: ":", highlight_id: None, repeat: None }, GridLineCell { text: " ", highlight_id: None, repeat: None }, GridLineCell { text: "S", highlight_id: None, repeat: None }, GridLineCell { text: "o", highlight_id: None, repeat: None }, GridLineCell { text: "m", highlight_id: None, repeat: None }, GridLineCell { text: "e", highlight_id: None, repeat: None }] }
TRACE [neovide::channel_utils] neovim_handler GridLine { grid: 3, row: 23, column_start: 0, cells: [GridLineCell { text: "(", highlight_id: Some(270), repeat: None }, GridLineCell { text: "\"", highlight_id: None, repeat: None }, GridLineCell { text: "I", highlight_id: None, repeat: None }, GridLineCell { text: "t", highlight_id: None, repeat: None }, GridLineCell { text: "a", highlight_id: None, repeat: None }, GridLineCell { text: "l", highlight_id: None, repeat: None }, GridLineCell { text: "i", highlight_id: None, repeat: None }, GridLineCell { text: "c", highlight_id: None, repeat: None }, GridLineCell { text: "\"", highlight_id: None, repeat: None }, GridLineCell { text: ")", highlight_id: None, repeat: None }, GridLineCell { text: " ", highlight_id: None, repeat: None }, GridLineCell { text: "}", highlight_id: None, repeat: None }, GridLineCell { text: ")", highlight_id: None, repeat: None }, GridLineCell { text: ",", highlight_id: None, repeat: None }, GridLineCell { text: " ", highlight_id: None, repeat: None }, GridLineCell { text: "h", highlight_id: None, repeat: None }, GridLineCell { text: "i", highlight_id: None, repeat: None }, GridLineCell { text: "n", highlight_id: None, repeat: None }, GridLineCell { text: "t", highlight_id: None, repeat: None }, GridLineCell { text: "i", highlight_id: None, repeat: None }, GridLineCell { text: "n", highlight_id: None, repeat: None }, GridLineCell { text: "g", highlight_id: None, repeat: None }, GridLineCell { text: ":", highlight_id: None, repeat: None }, GridLineCell { text: " ", highlight_id: None, repeat: None }, GridLineCell { text: "F", highlight_id: None, repeat: None }, GridLineCell { text: "u", highlight_id: None, repeat: None }, GridLineCell { text: "l", highlight_id: Some(270), repeat: Some(2) }, GridLineCell { text: ",", highlight_id: None, repeat: None }, GridLineCell { text: " ", highlight_id: None, repeat: None }, GridLineCell { text: "e", highlight_id: None, repeat: None }, GridLineCell { text: "d", highlight_id: None, repeat: None }, GridLineCell { text: "g", highlight_id: None, repeat: None }, GridLineCell { text: "i", highlight_id: None, repeat: None }, GridLineCell { text: "n", highlight_id: None, repeat: None }, GridLineCell { text: "g", highlight_id: None, repeat: None }, GridLineCell { text: ":", highlight_id: None, repeat: None }, GridLineCell { text: " ", highlight_id: None, repeat: None }, GridLineCell { text: "A", highlight_id: None, repeat: None }, GridLineCell { text: "n", highlight_id: None, repeat: None }, GridLineCell { text: "t", highlight_id: None, repeat: None }, GridLineCell { text: "i", highlight_id: None, repeat: None }, GridLineCell { text: "A", highlight_id: None, repeat: None }, GridLineCell { text: "l", highlight_id: None, repeat: None }, GridLineCell { text: "i", highlight_id: None, repeat: None }, GridLineCell { text: "a", highlight_id: None, repeat: None }, GridLineCell { text: "s", highlight_id: None, repeat: None }, GridLineCell { text: " ", highlight_id: None, repeat: None }, GridLineCell { text: "}", highlight_id: None, repeat: None }, GridLineCell { text: ",", highlight_id: None, repeat: None }, GridLineCell { text: " ", highlight_id: Some(80), repeat: Some(39) }, GridLineCell { text: " ", highlight_id: Some(80), repeat: Some(0) }] }
TRACE [neovide::channel_utils] neovim_handler GridLine { grid: 3, row: 24, column_start: 0, cells: [GridLineCell { text: "F", highlight_id: Some(270), repeat: None }, GridLineCell { text: "o", highlight_id: None, repeat: None }, GridLineCell { text: "n", highlight_id: None, repeat: None }, GridLineCell { text: "t", highlight_id: None, repeat: None }, GridLineCell { text: "K", highlight_id: None, repeat: None }, GridLineCell { text: "e", highlight_id: None, repeat: None }, GridLineCell { text: "y", highlight_id: None, repeat: None }, GridLineCell { text: " ", highlight_id: None, repeat: None }, GridLineCell { text: "{", highlight_id: None, repeat: None }, GridLineCell { text: " ", highlight_id: None, repeat: None }, GridLineCell { text: "f", highlight_id: None, repeat: None }, GridLineCell { text: "o", highlight_id: None, repeat: None }, GridLineCell { text: "n", highlight_id: None, repeat: None }, GridLineCell { text: "t", highlight_id: None, repeat: None }, GridLineCell { text: "_", highlight_id: None, repeat: None }, GridLineCell { text: "d", highlight_id: None, repeat: None }, GridLineCell { text: "e", highlight_id: None, repeat: None }, GridLineCell { text: "s", highlight_id: None, repeat: None }, GridLineCell { text: "c", highlight_id: None, repeat: None }, GridLineCell { text: ":", highlight_id: None, repeat: None }, GridLineCell { text: " ", highlight_id: None, repeat: None }, GridLineCell { text: "S", highlight_id: None, repeat: None }, GridLineCell { text: "o", highlight_id: None, repeat: None }, GridLineCell { text: "m", highlight_id: None, repeat: None }, GridLineCell { text: "e", highlight_id: None, repeat: None }, GridLineCell { text: "(", highlight_id: None, repeat: None }, GridLineCell { text: "F", highlight_id: None, repeat: None }, GridLineCell { text: "o", highlight_id: None, repeat: None }, GridLineCell { text: "n", highlight_id: None, repeat: None }, GridLineCell { text: "t", highlight_id: None, repeat: None }, GridLineCell { text: "D", highlight_id: None, repeat: None }, GridLineCell { text: "e", highlight_id: None, repeat: None }, GridLineCell { text: "s", highlight_id: None, repeat: None }, GridLineCell { text: "c", highlight_id: None, repeat: None }, GridLineCell { text: "r", highlight_id: None, repeat: None }, GridLineCell { text: "i", highlight_id: None, repeat: None }, GridLineCell { text: "p", highlight_id: None, repeat: None }, GridLineCell { text: "t", highlight_id: None, repeat: None }, GridLineCell { text: "i", highlight_id: None, repeat: None }, GridLineCell { text: "o", highlight_id: None, repeat: None }, GridLineCell { text: "n", highlight_id: None, repeat: None }, GridLineCell { text: " ", highlight_id: None, repeat: None }, GridLineCell { text: "{", highlight_id: None, repeat: None }, GridLineCell { text: " ", highlight_id: None, repeat: None }, GridLineCell { text: "f", highlight_id: None, repeat: None }, GridLineCell { text: "a", highlight_id: None, repeat: None }, GridLineCell { text: "m", highlight_id: None, repeat: None }, GridLineCell { text: "i", highlight_id: None, repeat: None }, GridLineCell { text: "l", highlight_id: None, repeat: None }, GridLineCell { text: "y", highlight_id: None, repeat: None }, GridLineCell { text: ":", highlight_id: None, repeat: None }, GridLineCell { text: " ", highlight_id: None, repeat: None }, GridLineCell { text: "\"", highlight_id: None, repeat: None }, GridLineCell { text: "A", highlight_id: None, repeat: None }, GridLineCell { text: "t", highlight_id: None, repeat: None }, GridLineCell { text: "y", highlight_id: None, repeat: None }, GridLineCell { text: "k", highlight_id: None, repeat: None }, GridLineCell { text: "n", highlight_id: None, repeat: None }, GridLineCell { text: "s", highlight_id: None, repeat: None }, GridLineCell { text: "o", highlight_id: None, repeat: None }, GridLineCell { text: "n", highlight_id: None, repeat: None }, GridLineCell { text: "M", highlight_id: None, repeat: None }, GridLineCell { text: "o", highlight_id: None, repeat: None }, GridLineCell { text: "n", highlight_id: None, repeat: None }, GridLineCell { text: "o", highlight_id: None, repeat: None }, GridLineCell { text: " ", highlight_id: None, repeat: None }, GridLineCell { text: "N", highlight_id: None, repeat: None }, GridLineCell { text: "e", highlight_id: None, repeat: None }, GridLineCell { text: "r", highlight_id: None, repeat: None }, GridLineCell { text: "d", highlight_id: None, repeat: None }, GridLineCell { text: " ", highlight_id: None, repeat: None }, GridLineCell { text: "F", highlight_id: None, repeat: None }, GridLineCell { text: "o", highlight_id: None, repeat: None }, GridLineCell { text: "n", highlight_id: None, repeat: None }, GridLineCell { text: "t", highlight_id: None, repeat: None }, GridLineCell { text: "\"", highlight_id: None, repeat: None }, GridLineCell { text: ",", highlight_id: None, repeat: None }, GridLineCell { text: " ", highlight_id: None, repeat: None }, GridLineCell { text: "s", highlight_id: None, repeat: None }, GridLineCell { text: "t", highlight_id: None, repeat: None }, GridLineCell { text: "y", highlight_id: None, repeat: None }, GridLineCell { text: "l", highlight_id: None, repeat: None }, GridLineCell { text: "e", highlight_id: None, repeat: None }, GridLineCell { text: ":", highlight_id: None, repeat: None }, GridLineCell { text: " ", highlight_id: None, repeat: None }, GridLineCell { text: "N", highlight_id: None, repeat: None }, GridLineCell { text: "o", highlight_id: None, repeat: None }, GridLineCell { text: "n", highlight_id: None, repeat: None }, GridLineCell { text: "e", highlight_id: None, repeat: None }] }
TRACE [neovide::channel_utils] neovim_handler GridLine { grid: 3, row: 25, column_start: 0, cells: [GridLineCell { text: " ", highlight_id: Some(270), repeat: None }, GridLineCell { text: "}", highlight_id: None, repeat: None }, GridLineCell { text: ")", highlight_id: None, repeat: None }, GridLineCell { text: ",", highlight_id: None, repeat: None }, GridLineCell { text: " ", highlight_id: None, repeat: None }, GridLineCell { text: "h", highlight_id: None, repeat: None }, GridLineCell { text: "i", highlight_id: None, repeat: None }, GridLineCell { text: "n", highlight_id: None, repeat: None }, GridLineCell { text: "t", highlight_id: None, repeat: None }, GridLineCell { text: "i", highlight_id: None, repeat: None }, GridLineCell { text: "n", highlight_id: None, repeat: None }, GridLineCell { text: "g", highlight_id: None, repeat: None }, GridLineCell { text: ":", highlight_id: None, repeat: None }, GridLineCell { text: " ", highlight_id: None, repeat: None }, GridLineCell { text: "F", highlight_id: None, repeat: None }, GridLineCell { text: "u", highlight_id: None, repeat: None }, GridLineCell { text: "l", highlight_id: Some(270), repeat: Some(2) }, GridLineCell { text: ",", highlight_id: None, repeat: None }, GridLineCell { text: " ", highlight_id: None, repeat: None }, GridLineCell { text: "e", highlight_id: None, repeat: None }, GridLineCell { text: "d", highlight_id: None, repeat: None }, GridLineCell { text: "g", highlight_id: None, repeat: None }, GridLineCell { text: "i", highlight_id: None, repeat: None }, GridLineCell { text: "n", highlight_id: None, repeat: None }, GridLineCell { text: "g", highlight_id: None, repeat: None }, GridLineCell { text: ":", highlight_id: None, repeat: None }, GridLineCell { text: " ", highlight_id: None, repeat: None }, GridLineCell { text: "A", highlight_id: None, repeat: None }, GridLineCell { text: "n", highlight_id: None, repeat: None }, GridLineCell { text: "t", highlight_id: None, repeat: None }, GridLineCell { text: "i", highlight_id: None, repeat: None }, GridLineCell { text: "A", highlight_id: None, repeat: None }, GridLineCell { text: "l", highlight_id: None, repeat: None }, GridLineCell { text: "i", highlight_id: None, repeat: None }, GridLineCell { text: "a", highlight_id: None, repeat: None }, GridLineCell { text: "s", highlight_id: None, repeat: None }, GridLineCell { text: " ", highlight_id: None, repeat: None }, GridLineCell { text: "}", highlight_id: None, repeat: None }, GridLineCell { text: " ", highlight_id: Some(80), repeat: Some(50) }, GridLineCell { text: " ", highlight_id: Some(80), repeat: Some(0) }] }
TRACE [neovide::channel_utils] neovim_handler GridLine { grid: 3, row: 26, column_start: 0, cells: [GridLineCell { text: "P", highlight_id: Some(271), repeat: None }, GridLineCell { text: "r", highlight_id: None, repeat: None }, GridLineCell { text: "e", highlight_id: None, repeat: None }, GridLineCell { text: "s", highlight_id: Some(271), repeat: Some(2) }, GridLineCell { text: " ", highlight_id: None, repeat: None }, GridLineCell { text: "E", highlight_id: None, repeat: None }, GridLineCell { text: "N", highlight_id: None, repeat: None }, GridLineCell { text: "T", highlight_id: None, repeat: None }, GridLineCell { text: "E", highlight_id: None, repeat: None }, GridLineCell { text: "R", highlight_id: None, repeat: None }, GridLineCell { text: " ", highlight_id: None, repeat: None }, GridLineCell { text: "o", highlight_id: None, repeat: None }, GridLineCell { text: "r", highlight_id: None, repeat: None }, GridLineCell { text: " ", highlight_id: None, repeat: None }, GridLineCell { text: "t", highlight_id: None, repeat: None }, GridLineCell { text: "y", highlight_id: None, repeat: None }, GridLineCell { text: "p", highlight_id: None, repeat: None }, GridLineCell { text: "e", highlight_id: None, repeat: None }, GridLineCell { text: " ", highlight_id: None, repeat: None }, GridLineCell { text: "c", highlight_id: None, repeat: None }, GridLineCell { text: "o", highlight_id: None, repeat: None }, GridLineCell { text: "m", highlight_id: Some(271), repeat: Some(2) }, GridLineCell { text: "a", highlight_id: None, repeat: None }, GridLineCell { text: "n", highlight_id: None, repeat: None }, GridLineCell { text: "d", highlight_id: None, repeat: None }, GridLineCell { text: " ", highlight_id: None, repeat: None }, GridLineCell { text: "t", highlight_id: None, repeat: None }, GridLineCell { text: "o", highlight_id: None, repeat: None }, GridLineCell { text: " ", highlight_id: None, repeat: None }, GridLineCell { text: "c", highlight_id: None, repeat: None }, GridLineCell { text: "o", highlight_id: None, repeat: None }, GridLineCell { text: "n", highlight_id: None, repeat: None }, GridLineCell { text: "t", highlight_id: None, repeat: None }, GridLineCell { text: "i", highlight_id: None, repeat: None }, GridLineCell { text: "n", highlight_id: None, repeat: None }, GridLineCell { text: "u", highlight_id: None, repeat: None }, GridLineCell { text: "e", highlight_id: None, repeat: None }, GridLineCell { text: " ", highlight_id: Some(80), repeat: Some(50) }, GridLineCell { text: " ", highlight_id: Some(80), repeat: Some(0) }] }
TRACE [neovide::channel_utils] neovim_handler CursorGoto { grid: 3, row: 26, column: 39 }
TRACE [neovide::channel_utils] neovim_handler MouseOff
TRACE [neovide::channel_utils] neovim_handler Flush
TRACE [neovide::editor] Cursor unexpectedly sent to message buffer 3 (39, 26)
TRACE [neovide::editor] Image flushed
TRACE [neovide::editor] send_batch
DEBUG [neovide::renderer::fonts::caching_shaper] scale_factor changed: 1.00
TRACE [neovide::renderer::fonts::font_loader] Loading font FontKey { font_desc: Some(FontDescription { family: "DejaVu Sans Mono", style: None }), hinting: Full, edging: AntiAlias }
INFO [neovide::renderer::fonts::caching_shaper] Reset Font Loader: font_size: 18.67px, font_width: 11.24px
TRACE [neovide::renderer::grid_renderer] Updated font dimensions: GridScale { transform: Transform2 { matrix: [(11.238282, 0.0, 0.0), (0.0, 22.0, 0.0), (0.0, 0.0, 1.0)] } }
DEBUG [neovide::renderer::fonts::caching_shaper] scale_factor changed: 1.00
TRACE [neovide::renderer::fonts::font_loader] Loading font FontKey { font_desc: Some(FontDescription { family: "DejaVu Sans Mono", style: None }), hinting: Full, edging: AntiAlias }
INFO [neovide::renderer::fonts::caching_shaper] Reset Font Loader: font_size: 18.67px, font_width: 11.24px
TRACE [neovide::renderer::grid_renderer] Updated font dimensions: GridScale { transform: Transform2 { matrix: [(11.238282, 0.0, 0.0), (0.0, 22.0, 0.0), (0.0, 0.0, 1.0)] } }
INFO [neovide::window::window_wrapper] Showing window size: PhysicalSize {
    width: 0,
    height: 0,
}, maximized: true
INFO [neovide::window::window_wrapper] window created (scale_factor: 1.0000, font_dimensions: GridScale { transform: Transform2 { matrix: [(11.238282, 0.0, 0.0), (0.0, 22.0, 0.0), (0.0, 0.0, 1.0)] } })
TRACE [neovide::renderer::rendered_window] Handling Viewport 2
INFO [neovide::window::window_wrapper] Resizing grid based on window size. Grid Size: Size2 { width: 90, height: 56 }, Window Size PhysicalSize { width: 1019, height: 1244 }
TRACE [neovide::channel_utils] UICommand Parallel(Resize { width: 90, height: 56 })
TRACE [neovide::renderer::fonts::caching_shaper] Shaping text: "1"
TRACE [neovide::channel_utils] UICommand Parallel(Resize { width: 90, height: 56 })
TRACE [neovide::renderer::fonts::caching_shaper] Shaping text: "~"
TRACE [neovide::renderer::fonts::caching_shaper] Shaping text: "NVIM"
TRACE [neovide::renderer::fonts::caching_shaper] Shaping text: "v0.12.2"
TRACE [neovide::renderer::fonts::caching_shaper] Shaping text: "Nvim"
TRACE [neovide::renderer::fonts::caching_shaper] Shaping text: "is"
TRACE [neovide::renderer::fonts::caching_shaper] Shaping text: "open"
TRACE [neovide::renderer::fonts::caching_shaper] Shaping text: "source"
TRACE [neovide::renderer::fonts::caching_shaper] Shaping text: "and"
TRACE [neovide::renderer::fonts::caching_shaper] Shaping text: "freely"
TRACE [neovide::renderer::fonts::caching_shaper] Shaping text: "distributable"
TRACE [neovide::renderer::fonts::caching_shaper] Shaping text: "https://neovim.io/#chat"
TRACE [neovide::renderer::fonts::caching_shaper] Shaping text: "type"
TRACE [neovide::renderer::fonts::caching_shaper] Shaping text: ":"
TRACE [neovide::renderer::fonts::caching_shaper] Shaping text: "help"
TRACE [neovide::renderer::fonts::caching_shaper] Shaping text: "nvim"
TRACE [neovide::renderer::fonts::caching_shaper] Shaping text: "<Enter>"
TRACE [neovide::renderer::fonts::caching_shaper] Shaping text: "if"
TRACE [neovide::renderer::fonts::caching_shaper] Shaping text: "you"
TRACE [neovide::renderer::fonts::caching_shaper] Shaping text: "are"
TRACE [neovide::renderer::fonts::caching_shaper] Shaping text: "new!"
TRACE [neovide::renderer::fonts::caching_shaper] Shaping text: "checkhealth"
TRACE [neovide::renderer::fonts::caching_shaper] Shaping text: "to"
TRACE [neovide::renderer::fonts::caching_shaper] Shaping text: "optimize"
TRACE [neovide::renderer::fonts::caching_shaper] Shaping text: "q"
TRACE [neovide::renderer::fonts::caching_shaper] Shaping text: "exit"
TRACE [neovide::renderer::fonts::caching_shaper] Shaping text: "for"
TRACE [neovide::renderer::fonts::caching_shaper] Shaping text: "news"
TRACE [neovide::renderer::fonts::caching_shaper] Shaping text: "v0.12"
TRACE [neovide::renderer::fonts::caching_shaper] Shaping text: "notes"
TRACE [neovide::renderer::fonts::caching_shaper] Shaping text: "Help"
TRACE [neovide::renderer::fonts::caching_shaper] Shaping text: "poor"
TRACE [neovide::renderer::fonts::caching_shaper] Shaping text: "children"
TRACE [neovide::renderer::fonts::caching_shaper] Shaping text: "in"
TRACE [neovide::renderer::fonts::caching_shaper] Shaping text: "Uganda!"
TRACE [neovide::renderer::fonts::caching_shaper] Shaping text: "Kuwasha"
TRACE [neovide::renderer::fonts::caching_shaper] Shaping text: "information"
TRACE [neovide::renderer::fonts::caching_shaper] Shaping text: "Sponsor"
TRACE [neovide::renderer::fonts::caching_shaper] Shaping text: "Neovide:"
TRACE [neovide::renderer::fonts::caching_shaper] Shaping text: "https://github.com/sponsors/neovide"
TRACE [neovide::renderer::fonts::caching_shaper] Shaping text: "NORMAL"
TRACE [neovide::renderer::fonts::font_loader] Loading font FontKey { font_desc: Some(FontDescription { family: "DejaVu Sans Mono", style: Some("Bold") }), hinting: Full, edging: AntiAlias }
TRACE [neovide::renderer::fonts::caching_shaper] Shaping text: "\u{e0a0}"
TRACE [neovide::renderer::fonts::font_loader] Loading font FontKey { font_desc: Some(FontDescription { family: "Courier New", style: None }), hinting: Full, edging: AntiAlias }
TRACE [neovide::renderer::fonts::font_loader] Loading font FontKey { font_desc: Some(FontDescription { family: "monospace", style: None }), hinting: Full, edging: AntiAlias }
TRACE [neovide::renderer::fonts::caching_shaper] Shaping text: "main"
TRACE [neovide::renderer::fonts::caching_shaper] Shaping text: "[No"
TRACE [neovide::renderer::fonts::caching_shaper] Shaping text: "Name]"
TRACE [neovide::renderer::fonts::caching_shaper] Shaping text: "\u{e712}"
TRACE [neovide::renderer::fonts::caching_shaper] Shaping text: "Top"
TRACE [neovide::renderer::fonts::caching_shaper] Shaping text: "1:1"
INFO [neovide::renderer::grid_renderer] blend 0
DEBUG [neovide::renderer] zindex: 200, base: 0
DEBUG [neovide::renderer] layer: [(3, SortOrder { z_index: 200, composition_order: 1 })]
TRACE [neovide::renderer::rendered_window] region: Box2 { min: Point2 { x: 0.0, y: 0.0 }, max: Point2 { x: 1000.2071, y: 1210.0 } }, inner: Rect { left: 0.0, top: 0.0, right: 1000.2071, bottom: 1210.0 }, pics: 1
TRACE [neovide::renderer::rendered_window] region: Box2 { min: Point2 { x: 0.0, y: 0.0 }, max: Point2 { x: 1000.2071, y: 1166.0 } }, inner: Rect { left: 0.0, top: 0.0, right: 1000.2071, bottom: 1166.0 }, pics: 1
TRACE [neovide::renderer::rendered_window] region: Box2 { min: Point2 { x: 0.0, y: 1188.0 }, max: Point2 { x: 1000.2071, y: 1210.0 } }, inner: Rect { left: 0.0, top: 1188.0, right: 1000.2071, bottom: 1210.0 }, pics: 0
TRACE [neovide::renderer::fonts::caching_shaper] Shaping text: " "
TRACE [neovide::renderer::fonts::caching_shaper] Shaping text: "Error:"
TRACE [neovide::renderer::fonts::caching_shaper] Shaping text: "Font"
TRACE [neovide::renderer::fonts::caching_shaper] Shaping text: "can't"
TRACE [neovide::renderer::fonts::caching_shaper] Shaping text: "be"
TRACE [neovide::renderer::fonts::caching_shaper] Shaping text: "updated"
TRACE [neovide::renderer::fonts::caching_shaper] Shaping text: "to:"
TRACE [neovide::renderer::fonts::caching_shaper] Shaping text: "FontOptions"
TRACE [neovide::renderer::fonts::caching_shaper] Shaping text: "{"
TRACE [neovide::renderer::fonts::caching_shaper] Shaping text: "normal:"
TRACE [neovide::renderer::fonts::caching_shaper] Shaping text: "["
TRACE [neovide::renderer::fonts::caching_shaper] Shaping text: "FontDescription"
TRACE [neovide::renderer::fonts::caching_shaper] Shaping text: "family:"
TRACE [neovide::renderer::fonts::caching_shaper] Shaping text: "\"AtyknsonMono"
TRACE [neovide::renderer::fonts::caching_shaper] Shaping text: "Nerd"
TRACE [neovide::renderer::fonts::caching_shaper] Shaping text: "Font\","
TRACE [neovide::renderer::fonts::caching_shaper] Shaping text: "style:"
TRACE [neovide::renderer::fonts::caching_shaper] Shaping text: "None,"
TRACE [neovide::renderer::fonts::caching_shaper] Shaping text: "},"
TRACE [neovide::renderer::fonts::caching_shaper] Shaping text: "],"
TRACE [neovide::renderer::fonts::caching_shaper] Shaping text: "italic:"
TRACE [neovide::renderer::fonts::caching_shaper] Shaping text: "bold:"
TRACE [neovide::renderer::fonts::caching_shaper] Shaping text: "bold_italic:"
TRACE [neovide::renderer::fonts::caching_shaper] Shaping text: "features:"
TRACE [neovide::renderer::fonts::caching_shaper] Shaping text: "{},"
TRACE [neovide::renderer::fonts::caching_shaper] Shaping text: "size:"
TRACE [neovide::renderer::fonts::caching_shaper] Shaping text: "16.0,"
TRACE [neovide::renderer::fonts::caching_shaper] Shaping text: "width:"
TRACE [neovide::renderer::fonts::caching_shaper] Shaping text: "0.0,"
TRACE [neovide::renderer::fonts::caching_shaper] Shaping text: "hinting:"
TRACE [neovide::renderer::fonts::caching_shaper] Shaping text: "Full,"
TRACE [neovide::renderer::fonts::caching_shaper] Shaping text: "edging:"
TRACE [neovide::renderer::fonts::caching_shaper] Shaping text: "AntiAlias,"
TRACE [neovide::renderer::fonts::caching_shaper] Shaping text: "underline_offset:"
TRACE [neovide::renderer::fonts::caching_shaper] Shaping text: "}"
TRACE [neovide::renderer::fonts::caching_shaper] Shaping text: "No"
TRACE [neovide::renderer::fonts::caching_shaper] Shaping text: "candidate"
TRACE [neovide::renderer::fonts::caching_shaper] Shaping text: "fonts"
TRACE [neovide::renderer::fonts::caching_shaper] Shaping text: "could"
TRACE [neovide::renderer::fonts::caching_shaper] Shaping text: "loaded:"
TRACE [neovide::renderer::fonts::caching_shaper] Shaping text: "FontKey"
TRACE [neovide::renderer::fonts::caching_shaper] Shaping text: "font_desc:"
TRACE [neovide::renderer::fonts::caching_shaper] Shaping text: "Some(FontDescription"
TRACE [neovide::renderer::fonts::caching_shaper] Shaping text: "\""
TRACE [neovide::renderer::fonts::caching_shaper] Shaping text: "AtyknsonMono"
TRACE [neovide::renderer::fonts::caching_shaper] Shaping text: "Some(\"Bold"
TRACE [neovide::renderer::fonts::caching_shaper] Shaping text: "Italic\")"
TRACE [neovide::renderer::fonts::caching_shaper] Shaping text: "}),"
TRACE [neovide::renderer::fonts::caching_shaper] Shaping text: "AntiAlias"
TRACE [neovide::renderer::fonts::caching_shaper] Shaping text: "Some"
TRACE [neovide::renderer::fonts::caching_shaper] Shaping text: "(\"Bold\")"
TRACE [neovide::renderer::fonts::caching_shaper] Shaping text: "(\"Italic\")"
TRACE [neovide::renderer::fonts::caching_shaper] Shaping text: "None"
TRACE [neovide::renderer::fonts::caching_shaper] Shaping text: "Press"
TRACE [neovide::renderer::fonts::caching_shaper] Shaping text: "ENTER"
TRACE [neovide::renderer::fonts::caching_shaper] Shaping text: "or"
TRACE [neovide::renderer::fonts::caching_shaper] Shaping text: "command"
TRACE [neovide::renderer::fonts::caching_shaper] Shaping text: "continue"
DEBUG [neovide::renderer::fonts::caching_shaper] scale_factor changed: 1.25
TRACE [neovide::renderer::fonts::font_loader] Loading font FontKey { font_desc: Some(FontDescription { family: "DejaVu Sans Mono", style: None }), hinting: Full, edging: AntiAlias }
INFO [neovide::renderer::fonts::caching_shaper] Reset Font Loader: font_size: 23.33px, font_width: 14.05px
TRACE [neovide::renderer::grid_renderer] Updated font dimensions: GridScale { transform: Transform2 { matrix: [(14.047853, 0.0, 0.0), (0.0, 28.0, 0.0), (0.0, 0.0, 1.0)] } }
TRACE [neovide::channel_utils] UICommand Parallel(FocusGained)
TRACE [neovide::window::keyboard_manager] Modifiers { state: ModifiersState(0x0), pressed_mods: ModifiersKeys(0x0) }
INFO [neovide::renderer::grid_renderer] blend 0
DEBUG [neovide::renderer] zindex: 200, base: 0
DEBUG [neovide::renderer] layer: [(3, SortOrder { z_index: 200, composition_order: 1 })]
TRACE [neovide::renderer::rendered_window] region: Box2 { min: Point2 { x: 0.0, y: 0.0 }, max: Point2 { x: 1250.2589, y: 1540.0 } }, inner: Rect { left: 0.0, top: 0.0, right: 1250.2589, bottom: 1540.0 }, pics: 1
TRACE [neovide::channel_utils] UICommand Parallel(FocusGained)
TRACE [neovide::renderer::rendered_window] region: Box2 { min: Point2 { x: 0.0, y: 0.0 }, max: Point2 { x: 1250.2589, y: 1484.0 } }, inner: Rect { left: 0.0, top: 0.0, right: 1250.2589, bottom: 1484.0 }, pics: 1
TRACE [neovide::renderer::rendered_window] region: Box2 { min: Point2 { x: 0.0, y: 1116.0 }, max: Point2 { x: 1250.2589, y: 1872.0 } }, inner: Rect { left: 0.0, top: 1116.0, right: 1250.2589, bottom: 1872.0 }, pics: 0
TRACE [neovide::renderer::fonts::caching_shaper] Shaping text: " "
INFO [neovide::window::window_wrapper] Resizing grid based on window size. Grid Size: Size2 { width: 89, height: 55 }, Window Size PhysicalSize { width: 1263, height: 1550 }
TRACE [neovide::channel_utils] UICommand Parallel(Resize { width: 89, height: 55 })
TRACE [neovide::channel_utils] UICommand Parallel(Resize { width: 89, height: 55 })
INFO [neovide::renderer::grid_renderer] blend 0
DEBUG [neovide::renderer] zindex: 200, base: 0
DEBUG [neovide::renderer] layer: [(3, SortOrder { z_index: 200, composition_order: 1 })]
TRACE [neovide::renderer::rendered_window] region: Box2 { min: Point2 { x: 0.0, y: 0.0 }, max: Point2 { x: 1263.0, y: 1540.0 } }, inner: Rect { left: 0.0, top: 0.0, right: 1263.0, bottom: 1540.0 }, pics: 1
TRACE [neovide::renderer::rendered_window] region: Box2 { min: Point2 { x: 0.0, y: 0.0 }, max: Point2 { x: 1263.0, y: 1484.0 } }, inner: Rect { left: 0.0, top: 0.0, right: 1263.0, bottom: 1484.0 }, pics: 1
TRACE [neovide::renderer::rendered_window] region: Box2 { min: Point2 { x: 0.0, y: 963.0 }, max: Point2 { x: 1250.2589, y: 1719.0 } }, inner: Rect { left: 0.0, top: 963.0, right: 1250.2589, bottom: 1719.0 }, pics: 0
INFO [neovide::renderer::grid_renderer] blend 0
DEBUG [neovide::renderer] zindex: 200, base: 0
DEBUG [neovide::renderer] layer: [(3, SortOrder { z_index: 200, composition_order: 1 })]
TRACE [neovide::renderer::rendered_window] region: Box2 { min: Point2 { x: 0.0, y: 0.0 }, max: Point2 { x: 1263.0, y: 1540.0 } }, inner: Rect { left: 0.0, top: 0.0, right: 1263.0, bottom: 1540.0 }, pics: 1
TRACE [neovide::renderer::rendered_window] region: Box2 { min: Point2 { x: 0.0, y: 0.0 }, max: Point2 { x: 1263.0, y: 1484.0 } }, inner: Rect { left: 0.0, top: 0.0, right: 1263.0, bottom: 1484.0 }, pics: 1
TRACE [neovide::renderer::rendered_window] region: Box2 { min: Point2 { x: 0.0, y: 881.0 }, max: Point2 { x: 1250.2589, y: 1637.0 } }, inner: Rect { left: 0.0, top: 881.0, right: 1250.2589, bottom: 1637.0 }, pics: 0
INFO [neovide::renderer::grid_renderer] blend 0
DEBUG [neovide::renderer] zindex: 200, base: 0
DEBUG [neovide::renderer] layer: [(3, SortOrder { z_index: 200, composition_order: 1 })]
TRACE [neovide::renderer::rendered_window] region: Box2 { min: Point2 { x: 0.0, y: 0.0 }, max: Point2 { x: 1263.0, y: 1540.0 } }, inner: Rect { left: 0.0, top: 0.0, right: 1263.0, bottom: 1540.0 }, pics: 1
TRACE [neovide::renderer::rendered_window] region: Box2 { min: Point2 { x: 0.0, y: 0.0 }, max: Point2 { x: 1263.0, y: 1484.0 } }, inner: Rect { left: 0.0, top: 0.0, right: 1263.0, bottom: 1484.0 }, pics: 1
TRACE [neovide::renderer::rendered_window] region: Box2 { min: Point2 { x: 0.0, y: 836.0 }, max: Point2 { x: 1250.2589, y: 1592.0 } }, inner: Rect { left: 0.0, top: 836.0, right: 1250.2589, bottom: 1592.0 }, pics: 0
INFO [neovide::renderer::grid_renderer] blend 0
DEBUG [neovide::renderer] zindex: 200, base: 0
DEBUG [neovide::renderer] layer: [(3, SortOrder { z_index: 200, composition_order: 1 })]
TRACE [neovide::renderer::rendered_window] region: Box2 { min: Point2 { x: 0.0, y: 0.0 }, max: Point2 { x: 1263.0, y: 1540.0 } }, inner: Rect { left: 0.0, top: 0.0, right: 1263.0, bottom: 1540.0 }, pics: 1
TRACE [neovide::renderer::rendered_window] region: Box2 { min: Point2 { x: 0.0, y: 0.0 }, max: Point2 { x: 1263.0, y: 1484.0 } }, inner: Rect { left: 0.0, top: 0.0, right: 1263.0, bottom: 1484.0 }, pics: 1
TRACE [neovide::renderer::rendered_window] region: Box2 { min: Point2 { x: 0.0, y: 812.0 }, max: Point2 { x: 1250.2589, y: 1568.0 } }, inner: Rect { left: 0.0, top: 812.0, right: 1250.2589, bottom: 1568.0 }, pics: 0
INFO [neovide::renderer::grid_renderer] blend 0
DEBUG [neovide::renderer] zindex: 200, base: 0
DEBUG [neovide::renderer] layer: [(3, SortOrder { z_index: 200, composition_order: 1 })]
TRACE [neovide::renderer::rendered_window] region: Box2 { min: Point2 { x: 0.0, y: 0.0 }, max: Point2 { x: 1263.0, y: 1540.0 } }, inner: Rect { left: 0.0, top: 0.0, right: 1263.0, bottom: 1540.0 }, pics: 1
TRACE [neovide::renderer::rendered_window] region: Box2 { min: Point2 { x: 0.0, y: 0.0 }, max: Point2 { x: 1263.0, y: 1484.0 } }, inner: Rect { left: 0.0, top: 0.0, right: 1263.0, bottom: 1484.0 }, pics: 1
TRACE [neovide::renderer::rendered_window] region: Box2 { min: Point2 { x: 0.0, y: 799.0 }, max: Point2 { x: 1250.2589, y: 1555.0 } }, inner: Rect { left: 0.0, top: 799.0, right: 1250.2589, bottom: 1555.0 }, pics: 0
INFO [neovide::renderer::grid_renderer] blend 0
DEBUG [neovide::renderer] zindex: 200, base: 0
DEBUG [neovide::renderer] layer: [(3, SortOrder { z_index: 200, composition_order: 1 })]
TRACE [neovide::renderer::rendered_window] region: Box2 { min: Point2 { x: 0.0, y: 0.0 }, max: Point2 { x: 1263.0, y: 1540.0 } }, inner: Rect { left: 0.0, top: 0.0, right: 1263.0, bottom: 1540.0 }, pics: 1
TRACE [neovide::renderer::rendered_window] region: Box2 { min: Point2 { x: 0.0, y: 0.0 }, max: Point2 { x: 1263.0, y: 1484.0 } }, inner: Rect { left: 0.0, top: 0.0, right: 1263.0, bottom: 1484.0 }, pics: 1
TRACE [neovide::renderer::rendered_window] region: Box2 { min: Point2 { x: 0.0, y: 792.0 }, max: Point2 { x: 1250.2589, y: 1548.0 } }, inner: Rect { left: 0.0, top: 792.0, right: 1250.2589, bottom: 1548.0 }, pics: 0
INFO [neovide::renderer::grid_renderer] blend 0
DEBUG [neovide::renderer] zindex: 200, base: 0
DEBUG [neovide::renderer] layer: [(3, SortOrder { z_index: 200, composition_order: 1 })]
TRACE [neovide::renderer::rendered_window] region: Box2 { min: Point2 { x: 0.0, y: 0.0 }, max: Point2 { x: 1263.0, y: 1540.0 } }, inner: Rect { left: 0.0, top: 0.0, right: 1263.0, bottom: 1540.0 }, pics: 1
TRACE [neovide::renderer::rendered_window] region: Box2 { min: Point2 { x: 0.0, y: 0.0 }, max: Point2 { x: 1263.0, y: 1484.0 } }, inner: Rect { left: 0.0, top: 0.0, right: 1263.0, bottom: 1484.0 }, pics: 1
TRACE [neovide::renderer::rendered_window] region: Box2 { min: Point2 { x: 0.0, y: 788.0 }, max: Point2 { x: 1250.2589, y: 1544.0 } }, inner: Rect { left: 0.0, top: 788.0, right: 1250.2589, bottom: 1544.0 }, pics: 0
INFO [neovide::renderer::grid_renderer] blend 0
DEBUG [neovide::renderer] zindex: 200, base: 0
DEBUG [neovide::renderer] layer: [(3, SortOrder { z_index: 200, composition_order: 1 })]
TRACE [neovide::renderer::rendered_window] region: Box2 { min: Point2 { x: 0.0, y: 0.0 }, max: Point2 { x: 1263.0, y: 1540.0 } }, inner: Rect { left: 0.0, top: 0.0, right: 1263.0, bottom: 1540.0 }, pics: 1
TRACE [neovide::renderer::rendered_window] region: Box2 { min: Point2 { x: 0.0, y: 0.0 }, max: Point2 { x: 1263.0, y: 1484.0 } }, inner: Rect { left: 0.0, top: 0.0, right: 1263.0, bottom: 1484.0 }, pics: 1
TRACE [neovide::renderer::rendered_window] region: Box2 { min: Point2 { x: 0.0, y: 786.0 }, max: Point2 { x: 1250.2589, y: 1542.0 } }, inner: Rect { left: 0.0, top: 786.0, right: 1250.2589, bottom: 1542.0 }, pics: 0
INFO [neovide::renderer::grid_renderer] blend 0
DEBUG [neovide::renderer] zindex: 200, base: 0
DEBUG [neovide::renderer] layer: [(3, SortOrder { z_index: 200, composition_order: 1 })]
TRACE [neovide::renderer::rendered_window] region: Box2 { min: Point2 { x: 0.0, y: 0.0 }, max: Point2 { x: 1263.0, y: 1540.0 } }, inner: Rect { left: 0.0, top: 0.0, right: 1263.0, bottom: 1540.0 }, pics: 1
TRACE [neovide::renderer::rendered_window] region: Box2 { min: Point2 { x: 0.0, y: 0.0 }, max: Point2 { x: 1263.0, y: 1484.0 } }, inner: Rect { left: 0.0, top: 0.0, right: 1263.0, bottom: 1484.0 }, pics: 1
TRACE [neovide::renderer::rendered_window] region: Box2 { min: Point2 { x: 0.0, y: 785.0 }, max: Point2 { x: 1250.2589, y: 1541.0 } }, inner: Rect { left: 0.0, top: 785.0, right: 1250.2589, bottom: 1541.0 }, pics: 0
INFO [neovide::renderer::grid_renderer] blend 0
DEBUG [neovide::renderer] zindex: 200, base: 0
DEBUG [neovide::renderer] layer: [(3, SortOrder { z_index: 200, composition_order: 1 })]
TRACE [neovide::renderer::rendered_window] region: Box2 { min: Point2 { x: 0.0, y: 0.0 }, max: Point2 { x: 1263.0, y: 1540.0 } }, inner: Rect { left: 0.0, top: 0.0, right: 1263.0, bottom: 1540.0 }, pics: 1
TRACE [neovide::renderer::rendered_window] region: Box2 { min: Point2 { x: 0.0, y: 0.0 }, max: Point2 { x: 1263.0, y: 1484.0 } }, inner: Rect { left: 0.0, top: 0.0, right: 1263.0, bottom: 1484.0 }, pics: 1
TRACE [neovide::renderer::rendered_window] region: Box2 { min: Point2 { x: 0.0, y: 784.0 }, max: Point2 { x: 1250.2589, y: 1540.0 } }, inner: Rect { left: 0.0, top: 784.0, right: 1250.2589, bottom: 1540.0 }, pics: 0
INFO [neovide::renderer::grid_renderer] blend 0
DEBUG [neovide::renderer] zindex: 200, base: 0
DEBUG [neovide::renderer] layer: [(3, SortOrder { z_index: 200, composition_order: 1 })]
TRACE [neovide::renderer::rendered_window] region: Box2 { min: Point2 { x: 0.0, y: 0.0 }, max: Point2 { x: 1263.0, y: 1540.0 } }, inner: Rect { left: 0.0, top: 0.0, right: 1263.0, bottom: 1540.0 }, pics: 1
TRACE [neovide::renderer::rendered_window] region: Box2 { min: Point2 { x: 0.0, y: 0.0 }, max: Point2 { x: 1263.0, y: 1484.0 } }, inner: Rect { left: 0.0, top: 0.0, right: 1263.0, bottom: 1484.0 }, pics: 1
TRACE [neovide::renderer::rendered_window] region: Box2 { min: Point2 { x: 0.0, y: 784.0 }, max: Point2 { x: 1250.2589, y: 1540.0 } }, inner: Rect { left: 0.0, top: 784.0, right: 1250.2589, bottom: 1540.0 }, pics: 0
INFO [neovide::renderer::grid_renderer] blend 0
DEBUG [neovide::renderer] zindex: 200, base: 0
DEBUG [neovide::renderer] layer: [(3, SortOrder { z_index: 200, composition_order: 1 })]
TRACE [neovide::renderer::rendered_window] region: Box2 { min: Point2 { x: 0.0, y: 0.0 }, max: Point2 { x: 1263.0, y: 1540.0 } }, inner: Rect { left: 0.0, top: 0.0, right: 1263.0, bottom: 1540.0 }, pics: 1
TRACE [neovide::renderer::rendered_window] region: Box2 { min: Point2 { x: 0.0, y: 0.0 }, max: Point2 { x: 1263.0, y: 1484.0 } }, inner: Rect { left: 0.0, top: 0.0, right: 1263.0, bottom: 1484.0 }, pics: 1
TRACE [neovide::renderer::rendered_window] region: Box2 { min: Point2 { x: 0.0, y: 784.0 }, max: Point2 { x: 1250.2589, y: 1540.0 } }, inner: Rect { left: 0.0, top: 784.0, right: 1250.2589, bottom: 1540.0 }, pics: 0
INFO [neovide::renderer::grid_renderer] blend 0
DEBUG [neovide::renderer] zindex: 200, base: 0
DEBUG [neovide::renderer] layer: [(3, SortOrder { z_index: 200, composition_order: 1 })]
TRACE [neovide::renderer::rendered_window] region: Box2 { min: Point2 { x: 0.0, y: 0.0 }, max: Point2 { x: 1263.0, y: 1540.0 } }, inner: Rect { left: 0.0, top: 0.0, right: 1263.0, bottom: 1540.0 }, pics: 1
TRACE [neovide::renderer::rendered_window] region: Box2 { min: Point2 { x: 0.0, y: 0.0 }, max: Point2 { x: 1263.0, y: 1484.0 } }, inner: Rect { left: 0.0, top: 0.0, right: 1263.0, bottom: 1484.0 }, pics: 1
TRACE [neovide::renderer::rendered_window] region: Box2 { min: Point2 { x: 0.0, y: 784.0 }, max: Point2 { x: 1250.2589, y: 1540.0 } }, inner: Rect { left: 0.0, top: 784.0, right: 1250.2589, bottom: 1540.0 }, pics: 0
INFO [neovide::renderer::grid_renderer] blend 0
DEBUG [neovide::renderer] zindex: 200, base: 0
DEBUG [neovide::renderer] layer: [(3, SortOrder { z_index: 200, composition_order: 1 })]
TRACE [neovide::renderer::rendered_window] region: Box2 { min: Point2 { x: 0.0, y: 0.0 }, max: Point2 { x: 1263.0, y: 1540.0 } }, inner: Rect { left: 0.0, top: 0.0, right: 1263.0, bottom: 1540.0 }, pics: 1
TRACE [neovide::renderer::rendered_window] region: Box2 { min: Point2 { x: 0.0, y: 0.0 }, max: Point2 { x: 1263.0, y: 1484.0 } }, inner: Rect { left: 0.0, top: 0.0, right: 1263.0, bottom: 1484.0 }, pics: 1
TRACE [neovide::renderer::rendered_window] region: Box2 { min: Point2 { x: 0.0, y: 784.0 }, max: Point2 { x: 1250.2589, y: 1540.0 } }, inner: Rect { left: 0.0, top: 784.0, right: 1250.2589, bottom: 1540.0 }, pics: 0
INFO [neovide::renderer::grid_renderer] blend 0
DEBUG [neovide::renderer] zindex: 200, base: 0
DEBUG [neovide::renderer] layer: [(3, SortOrder { z_index: 200, composition_order: 1 })]
TRACE [neovide::renderer::rendered_window] region: Box2 { min: Point2 { x: 0.0, y: 0.0 }, max: Point2 { x: 1263.0, y: 1540.0 } }, inner: Rect { left: 0.0, top: 0.0, right: 1263.0, bottom: 1540.0 }, pics: 1
TRACE [neovide::renderer::rendered_window] region: Box2 { min: Point2 { x: 0.0, y: 0.0 }, max: Point2 { x: 1263.0, y: 1484.0 } }, inner: Rect { left: 0.0, top: 0.0, right: 1263.0, bottom: 1484.0 }, pics: 1
TRACE [neovide::renderer::rendered_window] region: Box2 { min: Point2 { x: 0.0, y: 784.0 }, max: Point2 { x: 1250.2589, y: 1540.0 } }, inner: Rect { left: 0.0, top: 784.0, right: 1250.2589, bottom: 1540.0 }, pics: 0
INFO [neovide::renderer::grid_renderer] blend 0
DEBUG [neovide::renderer] zindex: 200, base: 0
DEBUG [neovide::renderer] layer: [(3, SortOrder { z_index: 200, composition_order: 1 })]
TRACE [neovide::renderer::rendered_window] region: Box2 { min: Point2 { x: 0.0, y: 0.0 }, max: Point2 { x: 1263.0, y: 1540.0 } }, inner: Rect { left: 0.0, top: 0.0, right: 1263.0, bottom: 1540.0 }, pics: 1
TRACE [neovide::renderer::rendered_window] region: Box2 { min: Point2 { x: 0.0, y: 0.0 }, max: Point2 { x: 1263.0, y: 1484.0 } }, inner: Rect { left: 0.0, top: 0.0, right: 1263.0, bottom: 1484.0 }, pics: 1
TRACE [neovide::renderer::rendered_window] region: Box2 { min: Point2 { x: 0.0, y: 784.0 }, max: Point2 { x: 1250.2589, y: 1540.0 } }, inner: Rect { left: 0.0, top: 784.0, right: 1250.2589, bottom: 1540.0 }, pics: 0
INFO [neovide::renderer::grid_renderer] blend 0
DEBUG [neovide::renderer] zindex: 200, base: 0
DEBUG [neovide::renderer] layer: [(3, SortOrder { z_index: 200, composition_order: 1 })]
TRACE [neovide::renderer::rendered_window] region: Box2 { min: Point2 { x: 0.0, y: 0.0 }, max: Point2 { x: 1263.0, y: 1540.0 } }, inner: Rect { left: 0.0, top: 0.0, right: 1263.0, bottom: 1540.0 }, pics: 1
TRACE [neovide::renderer::rendered_window] region: Box2 { min: Point2 { x: 0.0, y: 0.0 }, max: Point2 { x: 1263.0, y: 1484.0 } }, inner: Rect { left: 0.0, top: 0.0, right: 1263.0, bottom: 1484.0 }, pics: 1
TRACE [neovide::renderer::rendered_window] region: Box2 { min: Point2 { x: 0.0, y: 784.0 }, max: Point2 { x: 1250.2589, y: 1540.0 } }, inner: Rect { left: 0.0, top: 784.0, right: 1250.2589, bottom: 1540.0 }, pics: 0
INFO [neovide::renderer::grid_renderer] blend 0
DEBUG [neovide::renderer] zindex: 200, base: 0
DEBUG [neovide::renderer] layer: [(3, SortOrder { z_index: 200, composition_order: 1 })]
TRACE [neovide::renderer::rendered_window] region: Box2 { min: Point2 { x: 0.0, y: 0.0 }, max: Point2 { x: 1263.0, y: 1540.0 } }, inner: Rect { left: 0.0, top: 0.0, right: 1263.0, bottom: 1540.0 }, pics: 1
TRACE [neovide::renderer::rendered_window] region: Box2 { min: Point2 { x: 0.0, y: 0.0 }, max: Point2 { x: 1263.0, y: 1484.0 } }, inner: Rect { left: 0.0, top: 0.0, right: 1263.0, bottom: 1484.0 }, pics: 1
TRACE [neovide::renderer::rendered_window] region: Box2 { min: Point2 { x: 0.0, y: 784.0 }, max: Point2 { x: 1250.2589, y: 1540.0 } }, inner: Rect { left: 0.0, top: 784.0, right: 1250.2589, bottom: 1540.0 }, pics: 0
INFO [neovide::renderer::grid_renderer] blend 0
DEBUG [neovide::renderer] zindex: 200, base: 0
DEBUG [neovide::renderer] layer: [(3, SortOrder { z_index: 200, composition_order: 1 })]
TRACE [neovide::renderer::rendered_window] region: Box2 { min: Point2 { x: 0.0, y: 0.0 }, max: Point2 { x: 1263.0, y: 1540.0 } }, inner: Rect { left: 0.0, top: 0.0, right: 1263.0, bottom: 1540.0 }, pics: 1
TRACE [neovide::renderer::rendered_window] region: Box2 { min: Point2 { x: 0.0, y: 0.0 }, max: Point2 { x: 1263.0, y: 1484.0 } }, inner: Rect { left: 0.0, top: 0.0, right: 1263.0, bottom: 1484.0 }, pics: 1
TRACE [neovide::renderer::rendered_window] region: Box2 { min: Point2 { x: 0.0, y: 784.0 }, max: Point2 { x: 1250.2589, y: 1540.0 } }, inner: Rect { left: 0.0, top: 784.0, right: 1250.2589, bottom: 1540.0 }, pics: 0
INFO [neovide::renderer::grid_renderer] blend 0
DEBUG [neovide::renderer] zindex: 200, base: 0
DEBUG [neovide::renderer] layer: [(3, SortOrder { z_index: 200, composition_order: 1 })]
TRACE [neovide::renderer::rendered_window] region: Box2 { min: Point2 { x: 0.0, y: 0.0 }, max: Point2 { x: 1263.0, y: 1540.0 } }, inner: Rect { left: 0.0, top: 0.0, right: 1263.0, bottom: 1540.0 }, pics: 1
TRACE [neovide::renderer::rendered_window] region: Box2 { min: Point2 { x: 0.0, y: 0.0 }, max: Point2 { x: 1263.0, y: 1484.0 } }, inner: Rect { left: 0.0, top: 0.0, right: 1263.0, bottom: 1484.0 }, pics: 1
TRACE [neovide::renderer::rendered_window] region: Box2 { min: Point2 { x: 0.0, y: 784.0 }, max: Point2 { x: 1250.2589, y: 1540.0 } }, inner: Rect { left: 0.0, top: 784.0, right: 1250.2589, bottom: 1540.0 }, pics: 0
INFO [neovide::renderer::grid_renderer] blend 0
DEBUG [neovide::renderer] zindex: 200, base: 0
DEBUG [neovide::renderer] layer: [(3, SortOrder { z_index: 200, composition_order: 1 })]
TRACE [neovide::renderer::rendered_window] region: Box2 { min: Point2 { x: 0.0, y: 0.0 }, max: Point2 { x: 1263.0, y: 1540.0 } }, inner: Rect { left: 0.0, top: 0.0, right: 1263.0, bottom: 1540.0 }, pics: 1
TRACE [neovide::renderer::rendered_window] region: Box2 { min: Point2 { x: 0.0, y: 0.0 }, max: Point2 { x: 1263.0, y: 1484.0 } }, inner: Rect { left: 0.0, top: 0.0, right: 1263.0, bottom: 1484.0 }, pics: 1
TRACE [neovide::renderer::rendered_window] region: Box2 { min: Point2 { x: 0.0, y: 784.0 }, max: Point2 { x: 1250.2589, y: 1540.0 } }, inner: Rect { left: 0.0, top: 784.0, right: 1250.2589, bottom: 1540.0 }, pics: 0
INFO [neovide::renderer::grid_renderer] blend 0
DEBUG [neovide::renderer] zindex: 200, base: 0
DEBUG [neovide::renderer] layer: [(3, SortOrder { z_index: 200, composition_order: 1 })]
TRACE [neovide::renderer::rendered_window] region: Box2 { min: Point2 { x: 0.0, y: 0.0 }, max: Point2 { x: 1263.0, y: 1540.0 } }, inner: Rect { left: 0.0, top: 0.0, right: 1263.0, bottom: 1540.0 }, pics: 1
TRACE [neovide::renderer::rendered_window] region: Box2 { min: Point2 { x: 0.0, y: 0.0 }, max: Point2 { x: 1263.0, y: 1484.0 } }, inner: Rect { left: 0.0, top: 0.0, right: 1263.0, bottom: 1484.0 }, pics: 1
TRACE [neovide::renderer::rendered_window] region: Box2 { min: Point2 { x: 0.0, y: 784.0 }, max: Point2 { x: 1250.2589, y: 1540.0 } }, inner: Rect { left: 0.0, top: 784.0, right: 1250.2589, bottom: 1540.0 }, pics: 0
INFO [neovide::renderer::grid_renderer] blend 0
DEBUG [neovide::renderer] zindex: 200, base: 0
DEBUG [neovide::renderer] layer: [(3, SortOrder { z_index: 200, composition_order: 1 })]
TRACE [neovide::renderer::rendered_window] region: Box2 { min: Point2 { x: 0.0, y: 0.0 }, max: Point2 { x: 1263.0, y: 1540.0 } }, inner: Rect { left: 0.0, top: 0.0, right: 1263.0, bottom: 1540.0 }, pics: 1
TRACE [neovide::renderer::rendered_window] region: Box2 { min: Point2 { x: 0.0, y: 0.0 }, max: Point2 { x: 1263.0, y: 1484.0 } }, inner: Rect { left: 0.0, top: 0.0, right: 1263.0, bottom: 1484.0 }, pics: 1
TRACE [neovide::renderer::rendered_window] region: Box2 { min: Point2 { x: 0.0, y: 784.0 }, max: Point2 { x: 1250.2589, y: 1540.0 } }, inner: Rect { left: 0.0, top: 784.0, right: 1250.2589, bottom: 1540.0 }, pics: 0
INFO [neovide::renderer::grid_renderer] blend 0
DEBUG [neovide::renderer] zindex: 200, base: 0
DEBUG [neovide::renderer] layer: [(3, SortOrder { z_index: 200, composition_order: 1 })]
TRACE [neovide::renderer::rendered_window] region: Box2 { min: Point2 { x: 0.0, y: 0.0 }, max: Point2 { x: 1263.0, y: 1540.0 } }, inner: Rect { left: 0.0, top: 0.0, right: 1263.0, bottom: 1540.0 }, pics: 1
TRACE [neovide::renderer::rendered_window] region: Box2 { min: Point2 { x: 0.0, y: 0.0 }, max: Point2 { x: 1263.0, y: 1484.0 } }, inner: Rect { left: 0.0, top: 0.0, right: 1263.0, bottom: 1484.0 }, pics: 1
TRACE [neovide::renderer::rendered_window] region: Box2 { min: Point2 { x: 0.0, y: 784.0 }, max: Point2 { x: 1250.2589, y: 1540.0 } }, inner: Rect { left: 0.0, top: 784.0, right: 1250.2589, bottom: 1540.0 }, pics: 0
INFO [neovide::renderer::grid_renderer] blend 0
DEBUG [neovide::renderer] zindex: 200, base: 0
DEBUG [neovide::renderer] layer: [(3, SortOrder { z_index: 200, composition_order: 1 })]
TRACE [neovide::renderer::rendered_window] region: Box2 { min: Point2 { x: 0.0, y: 0.0 }, max: Point2 { x: 1263.0, y: 1540.0 } }, inner: Rect { left: 0.0, top: 0.0, right: 1263.0, bottom: 1540.0 }, pics: 1
TRACE [neovide::renderer::rendered_window] region: Box2 { min: Point2 { x: 0.0, y: 0.0 }, max: Point2 { x: 1263.0, y: 1484.0 } }, inner: Rect { left: 0.0, top: 0.0, right: 1263.0, bottom: 1484.0 }, pics: 1
TRACE [neovide::renderer::rendered_window] region: Box2 { min: Point2 { x: 0.0, y: 784.0 }, max: Point2 { x: 1250.2589, y: 1540.0 } }, inner: Rect { left: 0.0, top: 784.0, right: 1250.2589, bottom: 1540.0 }, pics: 0
INFO [neovide::renderer::grid_renderer] blend 0
DEBUG [neovide::renderer] zindex: 200, base: 0
DEBUG [neovide::renderer] layer: [(3, SortOrder { z_index: 200, composition_order: 1 })]
TRACE [neovide::renderer::rendered_window] region: Box2 { min: Point2 { x: 0.0, y: 0.0 }, max: Point2 { x: 1263.0, y: 1540.0 } }, inner: Rect { left: 0.0, top: 0.0, right: 1263.0, bottom: 1540.0 }, pics: 1
TRACE [neovide::renderer::rendered_window] region: Box2 { min: Point2 { x: 0.0, y: 0.0 }, max: Point2 { x: 1263.0, y: 1484.0 } }, inner: Rect { left: 0.0, top: 0.0, right: 1263.0, bottom: 1484.0 }, pics: 1
TRACE [neovide::renderer::rendered_window] region: Box2 { min: Point2 { x: 0.0, y: 784.0 }, max: Point2 { x: 1250.2589, y: 1540.0 } }, inner: Rect { left: 0.0, top: 784.0, right: 1250.2589, bottom: 1540.0 }, pics: 0
INFO [neovide::renderer::grid_renderer] blend 0
DEBUG [neovide::renderer] zindex: 200, base: 0
DEBUG [neovide::renderer] layer: [(3, SortOrder { z_index: 200, composition_order: 1 })]
TRACE [neovide::renderer::rendered_window] region: Box2 { min: Point2 { x: 0.0, y: 0.0 }, max: Point2 { x: 1263.0, y: 1540.0 } }, inner: Rect { left: 0.0, top: 0.0, right: 1263.0, bottom: 1540.0 }, pics: 1
TRACE [neovide::renderer::rendered_window] region: Box2 { min: Point2 { x: 0.0, y: 0.0 }, max: Point2 { x: 1263.0, y: 1484.0 } }, inner: Rect { left: 0.0, top: 0.0, right: 1263.0, bottom: 1484.0 }, pics: 1
TRACE [neovide::renderer::rendered_window] region: Box2 { min: Point2 { x: 0.0, y: 784.0 }, max: Point2 { x: 1250.2589, y: 1540.0 } }, inner: Rect { left: 0.0, top: 784.0, right: 1250.2589, bottom: 1540.0 }, pics: 0
INFO [neovide::renderer::grid_renderer] blend 0
DEBUG [neovide::renderer] zindex: 200, base: 0
DEBUG [neovide::renderer] layer: [(3, SortOrder { z_index: 200, composition_order: 1 })]
TRACE [neovide::renderer::rendered_window] region: Box2 { min: Point2 { x: 0.0, y: 0.0 }, max: Point2 { x: 1263.0, y: 1540.0 } }, inner: Rect { left: 0.0, top: 0.0, right: 1263.0, bottom: 1540.0 }, pics: 1
TRACE [neovide::renderer::rendered_window] region: Box2 { min: Point2 { x: 0.0, y: 0.0 }, max: Point2 { x: 1263.0, y: 1484.0 } }, inner: Rect { left: 0.0, top: 0.0, right: 1263.0, bottom: 1484.0 }, pics: 1
TRACE [neovide::renderer::rendered_window] region: Box2 { min: Point2 { x: 0.0, y: 784.0 }, max: Point2 { x: 1250.2589, y: 1540.0 } }, inner: Rect { left: 0.0, top: 784.0, right: 1250.2589, bottom: 1540.0 }, pics: 0
INFO [neovide::renderer::grid_renderer] blend 0
DEBUG [neovide::renderer] zindex: 200, base: 0
DEBUG [neovide::renderer] layer: [(3, SortOrder { z_index: 200, composition_order: 1 })]
TRACE [neovide::renderer::rendered_window] region: Box2 { min: Point2 { x: 0.0, y: 0.0 }, max: Point2 { x: 1263.0, y: 1540.0 } }, inner: Rect { left: 0.0, top: 0.0, right: 1263.0, bottom: 1540.0 }, pics: 1
TRACE [neovide::renderer::rendered_window] region: Box2 { min: Point2 { x: 0.0, y: 0.0 }, max: Point2 { x: 1263.0, y: 1484.0 } }, inner: Rect { left: 0.0, top: 0.0, right: 1263.0, bottom: 1484.0 }, pics: 1
TRACE [neovide::renderer::rendered_window] region: Box2 { min: Point2 { x: 0.0, y: 784.0 }, max: Point2 { x: 1250.2589, y: 1540.0 } }, inner: Rect { left: 0.0, top: 784.0, right: 1250.2589, bottom: 1540.0 }, pics: 0
INFO [neovide::renderer::grid_renderer] blend 0
DEBUG [neovide::renderer] zindex: 200, base: 0
DEBUG [neovide::renderer] layer: [(3, SortOrder { z_index: 200, composition_order: 1 })]
TRACE [neovide::renderer::rendered_window] region: Box2 { min: Point2 { x: 0.0, y: 0.0 }, max: Point2 { x: 1263.0, y: 1540.0 } }, inner: Rect { left: 0.0, top: 0.0, right: 1263.0, bottom: 1540.0 }, pics: 1
TRACE [neovide::renderer::rendered_window] region: Box2 { min: Point2 { x: 0.0, y: 0.0 }, max: Point2 { x: 1263.0, y: 1484.0 } }, inner: Rect { left: 0.0, top: 0.0, right: 1263.0, bottom: 1484.0 }, pics: 1
TRACE [neovide::renderer::rendered_window] region: Box2 { min: Point2 { x: 0.0, y: 784.0 }, max: Point2 { x: 1250.2589, y: 1540.0 } }, inner: Rect { left: 0.0, top: 784.0, right: 1250.2589, bottom: 1540.0 }, pics: 0
TRACE [neovide::window::keyboard_manager] Modifiers { state: ModifiersState(0x0), pressed_mods: ModifiersKeys(0x0) }
TRACE [neovide::window::keyboard_manager] Modifiers { state: ModifiersState(0x0), pressed_mods: ModifiersKeys(0x0) }
TRACE [neovide::channel_utils] UICommand Parallel(FocusLost)
INFO [neovide::renderer::grid_renderer] blend 0
TRACE [neovide::channel_utils] UICommand Parallel(FocusLost)
DEBUG [neovide::renderer] zindex: 200, base: 0
DEBUG [neovide::renderer] layer: [(3, SortOrder { z_index: 200, composition_order: 1 })]
TRACE [neovide::renderer::rendered_window] region: Box2 { min: Point2 { x: 0.0, y: 0.0 }, max: Point2 { x: 1263.0, y: 1540.0 } }, inner: Rect { left: 0.0, top: 0.0, right: 1263.0, bottom: 1540.0 }, pics: 1
TRACE [neovide::renderer::rendered_window] region: Box2 { min: Point2 { x: 0.0, y: 0.0 }, max: Point2 { x: 1263.0, y: 1484.0 } }, inner: Rect { left: 0.0, top: 0.0, right: 1263.0, bottom: 1484.0 }, pics: 1
TRACE [neovide::renderer::rendered_window] region: Box2 { min: Point2 { x: 0.0, y: 784.0 }, max: Point2 { x: 1250.2589, y: 1540.0 } }, inner: Rect { left: 0.0, top: 784.0, right: 1250.2589, bottom: 1540.0 }, pics: 0
TRACE [neovide::channel_utils] UICommand Parallel(FocusGained)
TRACE [neovide::window::keyboard_manager] Modifiers { state: ModifiersState(0x0), pressed_mods: ModifiersKeys(0x0) }
TRACE [neovide::channel_utils] UICommand Parallel(FocusGained)
INFO [neovide::renderer::grid_renderer] blend 0
DEBUG [neovide::renderer] zindex: 200, base: 0
DEBUG [neovide::renderer] layer: [(3, SortOrder { z_index: 200, composition_order: 1 })]
TRACE [neovide::renderer::rendered_window] region: Box2 { min: Point2 { x: 0.0, y: 0.0 }, max: Point2 { x: 1263.0, y: 1540.0 } }, inner: Rect { left: 0.0, top: 0.0, right: 1263.0, bottom: 1540.0 }, pics: 1
TRACE [neovide::renderer::rendered_window] region: Box2 { min: Point2 { x: 0.0, y: 0.0 }, max: Point2 { x: 1263.0, y: 1484.0 } }, inner: Rect { left: 0.0, top: 0.0, right: 1263.0, bottom: 1484.0 }, pics: 1
TRACE [neovide::renderer::rendered_window] region: Box2 { min: Point2 { x: 0.0, y: 784.0 }, max: Point2 { x: 1250.2589, y: 1540.0 } }, inner: Rect { left: 0.0, top: 784.0, right: 1250.2589, bottom: 1540.0 }, pics: 0
INFO [neovide::renderer::grid_renderer] blend 0
DEBUG [neovide::renderer] zindex: 200, base: 0
DEBUG [neovide::renderer] layer: [(3, SortOrder { z_index: 200, composition_order: 1 })]
TRACE [neovide::renderer::rendered_window] region: Box2 { min: Point2 { x: 0.0, y: 0.0 }, max: Point2 { x: 1263.0, y: 1540.0 } }, inner: Rect { left: 0.0, top: 0.0, right: 1263.0, bottom: 1540.0 }, pics: 1
TRACE [neovide::renderer::rendered_window] region: Box2 { min: Point2 { x: 0.0, y: 0.0 }, max: Point2 { x: 1263.0, y: 1484.0 } }, inner: Rect { left: 0.0, top: 0.0, right: 1263.0, bottom: 1484.0 }, pics: 1
TRACE [neovide::renderer::rendered_window] region: Box2 { min: Point2 { x: 0.0, y: 784.0 }, max: Point2 { x: 1250.2589, y: 1540.0 } }, inner: Rect { left: 0.0, top: 784.0, right: 1250.2589, bottom: 1540.0 }, pics: 0
INFO [neovide::renderer::grid_renderer] blend 0
DEBUG [neovide::renderer] zindex: 200, base: 0
DEBUG [neovide::renderer] layer: [(3, SortOrder { z_index: 200, composition_order: 1 })]
TRACE [neovide::renderer::rendered_window] region: Box2 { min: Point2 { x: 0.0, y: 0.0 }, max: Point2 { x: 1263.0, y: 1540.0 } }, inner: Rect { left: 0.0, top: 0.0, right: 1263.0, bottom: 1540.0 }, pics: 1
TRACE [neovide::renderer::rendered_window] region: Box2 { min: Point2 { x: 0.0, y: 0.0 }, max: Point2 { x: 1263.0, y: 1484.0 } }, inner: Rect { left: 0.0, top: 0.0, right: 1263.0, bottom: 1484.0 }, pics: 1
TRACE [neovide::renderer::rendered_window] region: Box2 { min: Point2 { x: 0.0, y: 784.0 }, max: Point2 { x: 1250.2589, y: 1540.0 } }, inner: Rect { left: 0.0, top: 784.0, right: 1250.2589, bottom: 1540.0 }, pics: 0
TRACE [neovide::window::keyboard_manager] KeyEvent {
    physical_key: Code(
        Enter,
    ),
    logical_key: Named(
        Enter,
    ),
    text: Some(
        "\r",
    ),
    location: Standard,
    state: Pressed,
    repeat: false,
    platform_specific: KeyEventExtra {
        text_with_all_modifiers: Some(
            "\r",
        ),
        key_without_modifiers: Named(
            Enter,
        ),
    },
}
TRACE [neovide::window::keyboard_manager] Key pressed <Enter> ModifiersState(0x0)
TRACE [neovide::channel_utils] UICommand Serial(Keyboard("<Enter>"))
TRACE [neovide::channel_utils] UICommand Serial(Keyboard("<Enter>"))
TRACE [neovide::bridge::ui_commands] In Serial Command
TRACE [neovide::bridge::ui_commands] Keyboard Input Sent: <Enter>
ERROR [neovide::bridge::ui_commands] ShowError failed

Caused by:
    Wrong value type: '1'
TRACE [neovide::bridge::handler] Neovim notification: "redraw"
TRACE [neovide::channel_utils] neovim_handler OptionSet { gui_option: Unknown("ext_cmdline", Boolean(false)) }
TRACE [neovide::channel_utils] neovim_handler OptionSet { gui_option: Unknown("ext_popupmenu", Boolean(false)) }
TRACE [neovide::channel_utils] neovim_handler OptionSet { gui_option: Unknown("ext_tabline", Boolean(false)) }
TRACE [neovide::channel_utils] neovim_handler OptionSet { gui_option: Unknown("ext_wildmenu", Boolean(false)) }
TRACE [neovide::channel_utils] neovim_handler OptionSet { gui_option: Unknown("ext_messages", Boolean(false)) }
TRACE [neovide::channel_utils] neovim_handler Resize { grid: 3, width: 89, height: 55 }
TRACE [neovide::editor] Option set Unknown("ext_cmdline", Boolean(false))
TRACE [neovide::editor] Option set Unknown("ext_popupmenu", Boolean(false))
TRACE [neovide::channel_utils] neovim_handler MessageSetPosition { grid: 3, row: 28, scrolled: true, separator_character: " ", z_index: Some(200), comp_index: Some(1) }
TRACE [neovide::editor] Option set Unknown("ext_tabline", Boolean(false))
TRACE [neovide::editor] Option set Unknown("ext_wildmenu", Boolean(false))
TRACE [neovide::editor] Option set Unknown("ext_messages", Boolean(false))
TRACE [neovide::channel_utils] neovim_handler DefaultColorsSet { colors: Colors { foreground: Some(Color4f { r: 0.92156863, g: 0.85882354, b: 0.69803923, a: 1.0 }), background: Some(Color4f { r: 0.15686275, g: 0.15686275, b: 0.15686275, a: 1.0 }), special: Some(Color4f { r: 1.0, g: 0.0, b: 0.0, a: 1.0 }) } }
TRACE [neovide::channel_utils] neovim_handler Resize { grid: 1, width: 90, height: 56 }
TRACE [neovide::channel_utils] neovim_handler WindowViewportMargins { grid: 2, top: 0, bottom: 0, left: 0, right: 0 }
TRACE [neovide::channel_utils] neovim_handler WindowViewportMargins { grid: 2, top: 0, bottom: 0, left: 0, right: 0 }
TRACE [neovide::channel_utils] neovim_handler Clear { grid: 1 }
TRACE [neovide::channel_utils] neovim_handler MessageSetPosition { grid: 3, row: 55, scrolled: false, separator_character: " ", z_index: Some(200), comp_index: Some(1) }
TRACE [neovide::channel_utils] neovim_handler MessageSetPosition { grid: 3, row: 55, scrolled: false, separator_character: " ", z_index: Some(200), comp_index: Some(1) }
TRACE [neovide::channel_utils] neovim_handler Resize { grid: 3, width: 90, height: 56 }
TRACE [neovide::channel_utils] neovim_handler WindowPosition { grid: 2, start_row: 0, start_column: 0, width: 90, height: 54 }
TRACE [neovide::channel_utils] neovim_handler MessageSetPosition { grid: 3, row: 55, scrolled: false, separator_character: " ", z_index: Some(200), comp_index: Some(1) }
TRACE [neovide::channel_utils] neovim_handler Resize { grid: 2, width: 90, height: 54 }
INFO [neovide::renderer::grid_renderer] blend 0
DEBUG [neovide::renderer] zindex: 200, base: 0
DEBUG [neovide::renderer] layer: [(3, SortOrder { z_index: 200, composition_order: 1 })]
TRACE [neovide::renderer::rendered_window] region: Box2 { min: Point2 { x: 0.0, y: 0.0 }, max: Point2 { x: 1263.0, y: 1540.0 } }, inner: Rect { left: 0.0, top: 0.0, right: 1263.0, bottom: 1540.0 }, pics: 1
TRACE [neovide::channel_utils] neovim_handler GridLine { grid: 2, row: 0, column_start: 89, cells: [GridLineCell { text: " ", highlight_id: Some(64), repeat: None }, GridLineCell { text: " ", highlight_id: Some(0), repeat: Some(0) }] }
TRACE [neovide::channel_utils] neovim_handler GridLine { grid: 2, row: 1, column_start: 89, cells: [GridLineCell { text: " ", highlight_id: Some(73), repeat: Some(1) }] }
TRACE [neovide::channel_utils] neovim_handler GridLine { grid: 2, row: 2, column_start: 89, cells: [GridLineCell { text: " ", highlight_id: Some(73), repeat: Some(1) }] }
TRACE [neovide::channel_utils] neovim_handler GridLine { grid: 2, row: 3, column_start: 89, cells: [GridLineCell { text: " ", highlight_id: Some(73), repeat: Some(1) }] }
TRACE [neovide::channel_utils] neovim_handler GridLine { grid: 2, row: 4, column_start: 89, cells: [GridLineCell { text: " ", highlight_id: Some(73), repeat: Some(1) }] }
TRACE [neovide::channel_utils] neovim_handler GridLine { grid: 2, row: 5, column_start: 89, cells: [GridLineCell { text: " ", highlight_id: Some(73), repeat: Some(1) }] }
TRACE [neovide::channel_utils] neovim_handler GridLine { grid: 2, row: 6, column_start: 89, cells: [GridLineCell { text: " ", highlight_id: Some(73), repeat: Some(1) }] }
TRACE [neovide::channel_utils] neovim_handler GridLine { grid: 2, row: 7, column_start: 89, cells: [GridLineCell { text: " ", highlight_id: Some(73), repeat: Some(1) }] }
TRACE [neovide::channel_utils] neovim_handler GridLine { grid: 2, row: 8, column_start: 89, cells: [GridLineCell { text: " ", highlight_id: Some(73), repeat: Some(1) }] }
TRACE [neovide::channel_utils] neovim_handler GridLine { grid: 2, row: 9, column_start: 89, cells: [GridLineCell { text: " ", highlight_id: Some(73), repeat: Some(1) }] }
TRACE [neovide::channel_utils] neovim_handler GridLine { grid: 2, row: 10, column_start: 89, cells: [GridLineCell { text: " ", highlight_id: Some(73), repeat: Some(1) }] }
TRACE [neovide::channel_utils] neovim_handler GridLine { grid: 2, row: 11, column_start: 89, cells: [GridLineCell { text: " ", highlight_id: Some(73), repeat: Some(1) }] }
TRACE [neovide::channel_utils] neovim_handler GridLine { grid: 2, row: 12, column_start: 89, cells: [GridLineCell { text: " ", highlight_id: Some(73), repeat: Some(1) }] }
TRACE [neovide::channel_utils] neovim_handler GridLine { grid: 2, row: 13, column_start: 89, cells: [GridLineCell { text: " ", highlight_id: Some(73), repeat: Some(1) }] }
TRACE [neovide::channel_utils] neovim_handler GridLine { grid: 2, row: 14, column_start: 89, cells: [GridLineCell { text: " ", highlight_id: Some(73), repeat: Some(1) }] }
TRACE [neovide::renderer::rendered_window] region: Box2 { min: Point2 { x: 0.0, y: 0.0 }, max: Point2 { x: 1263.0, y: 1484.0 } }, inner: Rect { left: 0.0, top: 0.0, right: 1263.0, bottom: 1484.0 }, pics: 1
TRACE [neovide::channel_utils] neovim_handler GridLine { grid: 2, row: 15, column_start: 89, cells: [GridLineCell { text: " ", highlight_id: Some(73), repeat: Some(1) }] }
TRACE [neovide::channel_utils] neovim_handler GridLine { grid: 2, row: 16, column_start: 89, cells: [GridLineCell { text: " ", highlight_id: Some(73), repeat: Some(1) }] }
TRACE [neovide::channel_utils] neovim_handler GridLine { grid: 2, row: 17, column_start: 89, cells: [GridLineCell { text: " ", highlight_id: Some(73), repeat: Some(1) }] }
TRACE [neovide::channel_utils] neovim_handler GridLine { grid: 2, row: 18, column_start: 41, cells: [GridLineCell { text: " ", highlight_id: Some(73), repeat: Some(49) }] }
TRACE [neovide::channel_utils] neovim_handler GridLine { grid: 2, row: 19, column_start: 41, cells: [GridLineCell { text: " ", highlight_id: Some(73), repeat: Some(49) }] }
TRACE [neovide::channel_utils] neovim_handler GridLine { grid: 2, row: 20, column_start: 41, cells: [GridLineCell { text: " ", highlight_id: Some(73), repeat: Some(49) }] }
TRACE [neovide::channel_utils] neovim_handler GridLine { grid: 2, row: 21, column_start: 89, cells: [GridLineCell { text: " ", highlight_id: Some(73), repeat: Some(1) }] }
TRACE [neovide::channel_utils] neovim_handler GridLine { grid: 2, row: 22, column_start: 38, cells: [GridLineCell { text: " ", highlight_id: Some(73), repeat: Some(52) }] }
TRACE [neovide::channel_utils] neovim_handler GridLine { grid: 2, row: 23, column_start: 22, cells: [GridLineCell { text: " ", highlight_id: Some(73), repeat: Some(68) }] }
TRACE [neovide::channel_utils] neovim_handler GridLine { grid: 2, row: 24, column_start: 22, cells: [GridLineCell { text: " ", highlight_id: Some(73), repeat: Some(68) }] }
TRACE [neovide::channel_utils] neovim_handler GridLine { grid: 2, row: 25, column_start: 33, cells: [GridLineCell { text: " ", highlight_id: Some(73), repeat: Some(57) }] }
TRACE [neovide::channel_utils] neovim_handler GridLine { grid: 2, row: 26, column_start: 22, cells: [GridLineCell { text: " ", highlight_id: Some(73), repeat: Some(68) }] }
TRACE [neovide::channel_utils] neovim_handler GridLine { grid: 2, row: 27, column_start: 22, cells: [GridLineCell { text: " ", highlight_id: Some(73), repeat: Some(68) }] }
TRACE [neovide::channel_utils] neovim_handler GridLine { grid: 2, row: 28, column_start: 22, cells: [GridLineCell { text: " ", highlight_id: Some(73), repeat: Some(68) }] }
TRACE [neovide::channel_utils] neovim_handler GridLine { grid: 2, row: 29, column_start: 22, cells: [GridLineCell { text: " ", highlight_id: Some(73), repeat: Some(68) }] }
TRACE [neovide::channel_utils] neovim_handler GridLine { grid: 2, row: 30, column_start: 22, cells: [GridLineCell { text: " ", highlight_id: Some(73), repeat: Some(68) }] }
TRACE [neovide::channel_utils] neovim_handler GridLine { grid: 2, row: 31, column_start: 22, cells: [GridLineCell { text: " ", highlight_id: Some(73), repeat: Some(68) }] }
TRACE [neovide::channel_utils] neovim_handler GridLine { grid: 2, row: 32, column_start: 22, cells: [GridLineCell { text: " ", highlight_id: Some(73), repeat: Some(68) }] }
TRACE [neovide::channel_utils] neovim_handler GridLine { grid: 2, row: 33, column_start: 22, cells: [GridLineCell { text: " ", highlight_id: Some(73), repeat: Some(68) }] }
TRACE [neovide::channel_utils] neovim_handler GridLine { grid: 2, row: 34, column_start: 30, cells: [GridLineCell { text: " ", highlight_id: Some(73), repeat: Some(60) }] }
TRACE [neovide::channel_utils] neovim_handler GridLine { grid: 2, row: 35, column_start: 22, cells: [GridLineCell { text: " ", highlight_id: Some(73), repeat: Some(68) }] }
TRACE [neovide::channel_utils] neovim_handler GridLine { grid: 2, row: 36, column_start: 89, cells: [GridLineCell { text: " ", highlight_id: Some(73), repeat: Some(1) }] }
TRACE [neovide::channel_utils] neovim_handler GridLine { grid: 2, row: 37, column_start: 89, cells: [GridLineCell { text: " ", highlight_id: Some(73), repeat: Some(1) }] }
TRACE [neovide::channel_utils] neovim_handler GridLine { grid: 2, row: 38, column_start: 89, cells: [GridLineCell { text: " ", highlight_id: Some(73), repeat: Some(1) }] }
TRACE [neovide::channel_utils] neovim_handler GridLine { grid: 2, row: 39, column_start: 89, cells: [GridLineCell { text: " ", highlight_id: Some(73), repeat: Some(1) }] }
TRACE [neovide::channel_utils] neovim_handler GridLine { grid: 2, row: 40, column_start: 89, cells: [GridLineCell { text: " ", highlight_id: Some(73), repeat: Some(1) }] }
TRACE [neovide::channel_utils] neovim_handler GridLine { grid: 2, row: 41, column_start: 89, cells: [GridLineCell { text: " ", highlight_id: Some(73), repeat: Some(1) }] }
TRACE [neovide::channel_utils] neovim_handler GridLine { grid: 2, row: 42, column_start: 89, cells: [GridLineCell { text: " ", highlight_id: Some(73), repeat: Some(1) }] }
TRACE [neovide::channel_utils] neovim_handler GridLine { grid: 2, row: 43, column_start: 89, cells: [GridLineCell { text: " ", highlight_id: Some(73), repeat: Some(1) }] }
TRACE [neovide::channel_utils] neovim_handler GridLine { grid: 2, row: 44, column_start: 89, cells: [GridLineCell { text: " ", highlight_id: Some(73), repeat: Some(1) }] }
TRACE [neovide::channel_utils] neovim_handler GridLine { grid: 2, row: 45, column_start: 89, cells: [GridLineCell { text: " ", highlight_id: Some(73), repeat: Some(1) }] }
TRACE [neovide::channel_utils] neovim_handler GridLine { grid: 2, row: 46, column_start: 89, cells: [GridLineCell { text: " ", highlight_id: Some(73), repeat: Some(1) }] }
TRACE [neovide::channel_utils] neovim_handler GridLine { grid: 2, row: 47, column_start: 89, cells: [GridLineCell { text: " ", highlight_id: Some(73), repeat: Some(1) }] }
TRACE [neovide::channel_utils] neovim_handler GridLine { grid: 2, row: 48, column_start: 89, cells: [GridLineCell { text: " ", highlight_id: Some(73), repeat: Some(1) }] }
TRACE [neovide::channel_utils] neovim_handler GridLine { grid: 2, row: 49, column_start: 89, cells: [GridLineCell { text: " ", highlight_id: Some(73), repeat: Some(1) }] }
TRACE [neovide::channel_utils] neovim_handler GridLine { grid: 2, row: 50, column_start: 89, cells: [GridLineCell { text: " ", highlight_id: Some(73), repeat: Some(1) }] }
TRACE [neovide::channel_utils] neovim_handler GridLine { grid: 2, row: 51, column_start: 89, cells: [GridLineCell { text: " ", highlight_id: Some(73), repeat: Some(1) }] }
TRACE [neovide::channel_utils] neovim_handler GridLine { grid: 2, row: 52, column_start: 89, cells: [GridLineCell { text: " ", highlight_id: Some(73), repeat: Some(1) }] }
TRACE [neovide::channel_utils] neovim_handler GridLine { grid: 2, row: 53, column_start: 0, cells: [GridLineCell { text: "~", highlight_id: Some(73), repeat: None }, GridLineCell { text: " ", highlight_id: Some(73), repeat: Some(89) }] }
TRACE [neovide::channel_utils] neovim_handler GridLine { grid: 1, row: 54, column_start: 0, cells: [GridLineCell { text: " ", highlight_id: Some(266), repeat: None }, GridLineCell { text: "N", highlight_id: None, repeat: None }, GridLineCell { text: "O", highlight_id: None, repeat: None }, GridLineCell { text: "R", highlight_id: None, repeat: None }, GridLineCell { text: "M", highlight_id: None, repeat: None }, GridLineCell { text: "A", highlight_id: None, repeat: None }, GridLineCell { text: "L", highlight_id: None, repeat: None }, GridLineCell { text: " ", highlight_id: None, repeat: None }, GridLineCell { text: "\u{e0b0}", highlight_id: Some(267), repeat: None }, GridLineCell { text: " ", highlight_id: None, repeat: None }, GridLineCell { text: "\u{e0a0}", highlight_id: None, repeat: None }, GridLineCell { text: " ", highlight_id: None, repeat: None }, GridLineCell { text: "m", highlight_id: None, repeat: None }, GridLineCell { text: "a", highlight_id: None, repeat: None }, GridLineCell { text: "i", highlight_id: None, repeat: None }, GridLineCell { text: "n", highlight_id: None, repeat: None }, GridLineCell { text: " ", highlight_id: None, repeat: None }, GridLineCell { text: "\u{e0b0}", highlight_id: Some(268), repeat: None }, GridLineCell { text: " ", highlight_id: Some(269), repeat: None }, GridLineCell { text: "[", highlight_id: None, repeat: None }, GridLineCell { text: "N", highlight_id: None, repeat: None }, GridLineCell { text: "o", highlight_id: None, repeat: None }, GridLineCell { text: " ", highlight_id: None, repeat: None }, GridLineCell { text: "N", highlight_id: None, repeat: None }, GridLineCell { text: "a", highlight_id: None, repeat: None }, GridLineCell { text: "m", highlight_id: None, repeat: None }, GridLineCell { text: "e", highlight_id: None, repeat: None }, GridLineCell { text: "]", highlight_id: None, repeat: None }, GridLineCell { text: " ", highlight_id: Some(269), repeat: Some(45) }, GridLineCell { text: "\u{e712}", highlight_id: None, repeat: None }, GridLineCell { text: " ", highlight_id: None, repeat: None }, GridLineCell { text: "\u{e0b2}", highlight_id: Some(268), repeat: None }, GridLineCell { text: " ", highlight_id: Some(267), repeat: None }, GridLineCell { text: "T", highlight_id: None, repeat: None }, GridLineCell { text: "o", highlight_id: None, repeat: None }, GridLineCell { text: "p", highlight_id: None, repeat: None }, GridLineCell { text: " ", highlight_id: None, repeat: None }, GridLineCell { text: "\u{e0b2}", highlight_id: None, repeat: None }, GridLineCell { text: " ", highlight_id: Some(266), repeat: Some(3) }, GridLineCell { text: "1", highlight_id: None, repeat: None }, GridLineCell { text: ":", highlight_id: None, repeat: None }, GridLineCell { text: "1", highlight_id: None, repeat: None }, GridLineCell { text: " ", highlight_id: Some(266), repeat: Some(2) }, GridLineCell { text: " ", highlight_id: Some(0), repeat: Some(0) }] }
TRACE [neovide::channel_utils] neovim_handler GridLine { grid: 3, row: 0, column_start: 0, cells: [GridLineCell { text: " ", highlight_id: Some(80), repeat: Some(90) }] }
TRACE [neovide::channel_utils] neovim_handler GridLine { grid: 2, row: 19, column_start: 42, cells: [GridLineCell { text: "│", highlight_id: Some(116), repeat: None }, GridLineCell { text: " ", highlight_id: Some(0), repeat: None }, GridLineCell { text: "╲", highlight_id: Some(77), repeat: None }, GridLineCell { text: " ", highlight_id: Some(0), repeat: None }, GridLineCell { text: "│", highlight_id: Some(77), repeat: Some(2) }] }
TRACE [neovide::channel_utils] neovim_handler GridLine { grid: 2, row: 20, column_start: 42, cells: [GridLineCell { text: "│", highlight_id: Some(116), repeat: Some(2) }, GridLineCell { text: "╲", highlight_id: Some(77), repeat: Some(2) }, GridLineCell { text: "│", highlight_id: Some(77), repeat: Some(2) }] }
TRACE [neovide::channel_utils] neovim_handler GridLine { grid: 2, row: 21, column_start: 42, cells: [GridLineCell { text: "│", highlight_id: Some(116), repeat: Some(2) }, GridLineCell { text: " ", highlight_id: Some(0), repeat: None }, GridLineCell { text: "╲", highlight_id: Some(77), repeat: None }, GridLineCell { text: " ", highlight_id: Some(0), repeat: None }, GridLineCell { text: "│", highlight_id: Some(77), repeat: None }] }
TRACE [neovide::channel_utils] neovim_handler GridLine { grid: 2, row: 23, column_start: 39, cells: [GridLineCell { text: "N", highlight_id: Some(77), repeat: None }, GridLineCell { text: "V", highlight_id: None, repeat: None }, GridLineCell { text: "I", highlight_id: None, repeat: None }, GridLineCell { text: "M", highlight_id: None, repeat: None }, GridLineCell { text: " ", highlight_id: None, repeat: None }, GridLineCell { text: "v", highlight_id: None, repeat: None }, GridLineCell { text: "0", highlight_id: None, repeat: None }, GridLineCell { text: ".", highlight_id: None, repeat: None }, GridLineCell { text: "1", highlight_id: None, repeat: None }, GridLineCell { text: "2", highlight_id: None, repeat: None }, GridLineCell { text: ".", highlight_id: None, repeat: None }, GridLineCell { text: "2", highlight_id: None, repeat: None }] }
TRACE [neovide::channel_utils] neovim_handler GridLine { grid: 2, row: 24, column_start: 23, cells: [GridLineCell { text: "─", highlight_id: Some(73), repeat: Some(44) }] }
TRACE [neovide::channel_utils] neovim_handler GridLine { grid: 2, row: 25, column_start: 23, cells: [GridLineCell { text: "N", highlight_id: Some(0), repeat: None }, GridLineCell { text: "v", highlight_id: None, repeat: None }, GridLineCell { text: "i", highlight_id: None, repeat: None }, GridLineCell { text: "m", highlight_id: None, repeat: None }, GridLineCell { text: " ", highlight_id: None, repeat: None }, GridLineCell { text: "i", highlight_id: None, repeat: None }, GridLineCell { text: "s", highlight_id: None, repeat: None }, GridLineCell { text: " ", highlight_id: None, repeat: None }, GridLineCell { text: "o", highlight_id: None, repeat: None }, GridLineCell { text: "p", highlight_id: None, repeat: None }, GridLineCell { text: "e", highlight_id: None, repeat: None }, GridLineCell { text: "n", highlight_id: None, repeat: None }, GridLineCell { text: " ", highlight_id: None, repeat: None }, GridLineCell { text: "s", highlight_id: None, repeat: None }, GridLineCell { text: "o", highlight_id: None, repeat: None }, GridLineCell { text: "u", highlight_id: None, repeat: None }, GridLineCell { text: "r", highlight_id: None, repeat: None }, GridLineCell { text: "c", highlight_id: None, repeat: None }, GridLineCell { text: "e", highlight_id: None, repeat: None }, GridLineCell { text: " ", highlight_id: None, repeat: None }, GridLineCell { text: "a", highlight_id: None, repeat: None }, GridLineCell { text: "n", highlight_id: None, repeat: None }, GridLineCell { text: "d", highlight_id: None, repeat: None }, GridLineCell { text: " ", highlight_id: None, repeat: None }, GridLineCell { text: "f", highlight_id: None, repeat: None }, GridLineCell { text: "r", highlight_id: None, repeat: None }, GridLineCell { text: "e", highlight_id: Some(0), repeat: Some(2) }, GridLineCell { text: "l", highlight_id: None, repeat: None }, GridLineCell { text: "y", highlight_id: None, repeat: None }, GridLineCell { text: " ", highlight_id: None, repeat: None }, GridLineCell { text: "d", highlight_id: None, repeat: None }, GridLineCell { text: "i", highlight_id: None, repeat: None }, GridLineCell { text: "s", highlight_id: None, repeat: None }, GridLineCell { text: "t", highlight_id: None, repeat: None }, GridLineCell { text: "r", highlight_id: None, repeat: None }, GridLineCell { text: "i", highlight_id: None, repeat: None }, GridLineCell { text: "b", highlight_id: None, repeat: None }, GridLineCell { text: "u", highlight_id: None, repeat: None }, GridLineCell { text: "t", highlight_id: None, repeat: None }, GridLineCell { text: "a", highlight_id: None, repeat: None }, GridLineCell { text: "b", highlight_id: None, repeat: None }, GridLineCell { text: "l", highlight_id: None, repeat: None }, GridLineCell { text: "e", highlight_id: None, repeat: None }] }
TRACE [neovide::channel_utils] neovim_handler GridLine { grid: 2, row: 26, column_start: 33, cells: [GridLineCell { text: "h", highlight_id: Some(0), repeat: None }, GridLineCell { text: "t", highlight_id: Some(0), repeat: Some(2) }, GridLineCell { text: "p", highlight_id: None, repeat: None }, GridLineCell { text: "s", highlight_id: None, repeat: None }, GridLineCell { text: ":", highlight_id: None, repeat: None }, GridLineCell { text: "/", highlight_id: Some(0), repeat: Some(2) }, GridLineCell { text: "n", highlight_id: None, repeat: None }, GridLineCell { text: "e", highlight_id: None, repeat: None }, GridLineCell { text: "o", highlight_id: None, repeat: None }, GridLineCell { text: "v", highlight_id: None, repeat: None }, GridLineCell { text: "i", highlight_id: None, repeat: None }, GridLineCell { text: "m", highlight_id: None, repeat: None }, GridLineCell { text: ".", highlight_id: None, repeat: None }, GridLineCell { text: "i", highlight_id: None, repeat: None }, GridLineCell { text: "o", highlight_id: None, repeat: None }, GridLineCell { text: "/", highlight_id: None, repeat: None }, GridLineCell { text: "#", highlight_id: None, repeat: None }, GridLineCell { text: "c", highlight_id: None, repeat: None }, GridLineCell { text: "h", highlight_id: None, repeat: None }, GridLineCell { text: "a", highlight_id: None, repeat: None }, GridLineCell { text: "t", highlight_id: None, repeat: None }] }
TRACE [neovide::channel_utils] neovim_handler GridLine { grid: 2, row: 27, column_start: 23, cells: [GridLineCell { text: "─", highlight_id: Some(73), repeat: Some(44) }] }
TRACE [neovide::channel_utils] neovim_handler GridLine { grid: 2, row: 28, column_start: 23, cells: [GridLineCell { text: "t", highlight_id: Some(0), repeat: None }, GridLineCell { text: "y", highlight_id: None, repeat: None }, GridLineCell { text: "p", highlight_id: None, repeat: None }, GridLineCell { text: "e", highlight_id: None, repeat: None }, GridLineCell { text: " ", highlight_id: Some(0), repeat: Some(2) }, GridLineCell { text: ":", highlight_id: Some(73), repeat: None }, GridLineCell { text: "h", highlight_id: Some(112), repeat: None }, GridLineCell { text: "e", highlight_id: None, repeat: None }, GridLineCell { text: "l", highlight_id: None, repeat: None }, GridLineCell { text: "p", highlight_id: None, repeat: None }, GridLineCell { text: " ", highlight_id: None, repeat: None }, GridLineCell { text: "n", highlight_id: None, repeat: None }, GridLineCell { text: "v", highlight_id: None, repeat: None }, GridLineCell { text: "i", highlight_id: None, repeat: None }, GridLineCell { text: "m", highlight_id: None, repeat: None }, GridLineCell { text: "<", highlight_id: Some(73), repeat: None }, GridLineCell { text: "E", highlight_id: None, repeat: None }, GridLineCell { text: "n", highlight_id: None, repeat: None }, GridLineCell { text: "t", highlight_id: None, repeat: None }, GridLineCell { text: "e", highlight_id: None, repeat: None }, GridLineCell { text: "r", highlight_id: None, repeat: None }, GridLineCell { text: ">", highlight_id: None, repeat: None }, GridLineCell { text: " ", highlight_id: Some(0), repeat: Some(5) }, GridLineCell { text: "i", highlight_id: None, repeat: None }, GridLineCell { text: "f", highlight_id: None, repeat: None }, GridLineCell { text: " ", highlight_id: None, repeat: None }, GridLineCell { text: "y", highlight_id: None, repeat: None }, GridLineCell { text: "o", highlight_id: None, repeat: None }, GridLineCell { text: "u", highlight_id: None, repeat: None }, GridLineCell { text: " ", highlight_id: None, repeat: None }, GridLineCell { text: "a", highlight_id: None, repeat: None }, GridLineCell { text: "r", highlight_id: None, repeat: None }, GridLineCell { text: "e", highlight_id: None, repeat: None }, GridLineCell { text: " ", highlight_id: None, repeat: None }, GridLineCell { text: "n", highlight_id: None, repeat: None }, GridLineCell { text: "e", highlight_id: None, repeat: None }, GridLineCell { text: "w", highlight_id: None, repeat: None }, GridLineCell { text: "!", highlight_id: None, repeat: None }, GridLineCell { text: " ", highlight_id: None, repeat: None }, GridLineCell { text: " ", highlight_id: Some(0), repeat: Some(0) }] }
TRACE [neovide::channel_utils] neovim_handler GridLine { grid: 2, row: 29, column_start: 23, cells: [GridLineCell { text: "t", highlight_id: Some(0), repeat: None }, GridLineCell { text: "y", highlight_id: None, repeat: None }, GridLineCell { text: "p", highlight_id: None, repeat: None }, GridLineCell { text: "e", highlight_id: None, repeat: None }, GridLineCell { text: " ", highlight_id: Some(0), repeat: Some(2) }, GridLineCell { text: ":", highlight_id: Some(73), repeat: None }, GridLineCell { text: "c", highlight_id: Some(112), repeat: None }, GridLineCell { text: "h", highlight_id: None, repeat: None }, GridLineCell { text: "e", highlight_id: None, repeat: None }, GridLineCell { text: "c", highlight_id: None, repeat: None }, GridLineCell { text: "k", highlight_id: None, repeat: None }, GridLineCell { text: "h", highlight_id: None, repeat: None }, GridLineCell { text: "e", highlight_id: None, repeat: None }, GridLineCell { text: "a", highlight_id: None, repeat: None }, GridLineCell { text: "l", highlight_id: None, repeat: None }, GridLineCell { text: "t", highlight_id: None, repeat: None }, GridLineCell { text: "h", highlight_id: None, repeat: None }, GridLineCell { text: "<", highlight_id: Some(73), repeat: None }, GridLineCell { text: "E", highlight_id: None, repeat: None }, GridLineCell { text: "n", highlight_id: None, repeat: None }, GridLineCell { text: "t", highlight_id: None, repeat: None }, GridLineCell { text: "e", highlight_id: None, repeat: None }, GridLineCell { text: "r", highlight_id: None, repeat: None }, GridLineCell { text: ">", highlight_id: None, repeat: None }, GridLineCell { text: " ", highlight_id: Some(0), repeat: Some(3) }, GridLineCell { text: "t", highlight_id: None, repeat: None }, GridLineCell { text: "o", highlight_id: None, repeat: None }, GridLineCell { text: " ", highlight_id: None, repeat: None }, GridLineCell { text: "o", highlight_id: None, repeat: None }, GridLineCell { text: "p", highlight_id: None, repeat: None }, GridLineCell { text: "t", highlight_id: None, repeat: None }, GridLineCell { text: "i", highlight_id: None, repeat: None }, GridLineCell { text: "m", highlight_id: None, repeat: None }, GridLineCell { text: "i", highlight_id: None, repeat: None }, GridLineCell { text: "z", highlight_id: None, repeat: None }, GridLineCell { text: "e", highlight_id: None, repeat: None }, GridLineCell { text: " ", highlight_id: None, repeat: None }, GridLineCell { text: "N", highlight_id: None, repeat: None }, GridLineCell { text: "v", highlight_id: None, repeat: None }, GridLineCell { text: "i", highlight_id: None, repeat: None }, GridLineCell { text: "m", highlight_id: None, repeat: None }] }
TRACE [neovide::channel_utils] neovim_handler GridLine { grid: 2, row: 30, column_start: 23, cells: [GridLineCell { text: "t", highlight_id: Some(0), repeat: None }, GridLineCell { text: "y", highlight_id: None, repeat: None }, GridLineCell { text: "p", highlight_id: None, repeat: None }, GridLineCell { text: "e", highlight_id: None, repeat: None }, GridLineCell { text: " ", highlight_id: Some(0), repeat: Some(2) }, GridLineCell { text: ":", highlight_id: Some(73), repeat: None }, GridLineCell { text: "q", highlight_id: Some(112), repeat: None }, GridLineCell { text: "<", highlight_id: Some(73), repeat: None }, GridLineCell { text: "E", highlight_id: None, repeat: None }, GridLineCell { text: "n", highlight_id: None, repeat: None }, GridLineCell { text: "t", highlight_id: None, repeat: None }, GridLineCell { text: "e", highlight_id: None, repeat: None }, GridLineCell { text: "r", highlight_id: None, repeat: None }, GridLineCell { text: ">", highlight_id: None, repeat: None }, GridLineCell { text: " ", highlight_id: Some(0), repeat: Some(13) }, GridLineCell { text: "t", highlight_id: None, repeat: None }, GridLineCell { text: "o", highlight_id: None, repeat: None }, GridLineCell { text: " ", highlight_id: None, repeat: None }, GridLineCell { text: "e", highlight_id: None, repeat: None }, GridLineCell { text: "x", highlight_id: None, repeat: None }, GridLineCell { text: "i", highlight_id: None, repeat: None }, GridLineCell { text: "t", highlight_id: None, repeat: None }, GridLineCell { text: " ", highlight_id: Some(0), repeat: Some(9) }, GridLineCell { text: " ", highlight_id: Some(0), repeat: Some(0) }] }
TRACE [neovide::channel_utils] neovim_handler GridLine { grid: 2, row: 31, column_start: 23, cells: [GridLineCell { text: "t", highlight_id: Some(0), repeat: None }, GridLineCell { text: "y", highlight_id: None, repeat: None }, GridLineCell { text: "p", highlight_id: None, repeat: None }, GridLineCell { text: "e", highlight_id: None, repeat: None }, GridLineCell { text: " ", highlight_id: Some(0), repeat: Some(2) }, GridLineCell { text: ":", highlight_id: Some(73), repeat: None }, GridLineCell { text: "h", highlight_id: Some(112), repeat: None }, GridLineCell { text: "e", highlight_id: None, repeat: None }, GridLineCell { text: "l", highlight_id: None, repeat: None }, GridLineCell { text: "p", highlight_id: None, repeat: None }, GridLineCell { text: "<", highlight_id: Some(73), repeat: None }, GridLineCell { text: "E", highlight_id: None, repeat: None }, GridLineCell { text: "n", highlight_id: None, repeat: None }, GridLineCell { text: "t", highlight_id: None, repeat: None }, GridLineCell { text: "e", highlight_id: None, repeat: None }, GridLineCell { text: "r", highlight_id: None, repeat: None }, GridLineCell { text: ">", highlight_id: None, repeat: None }, GridLineCell { text: " ", highlight_id: Some(0), repeat: Some(10) }, GridLineCell { text: "f", highlight_id: None, repeat: None }, GridLineCell { text: "o", highlight_id: None, repeat: None }, GridLineCell { text: "r", highlight_id: None, repeat: None }, GridLineCell { text: " ", highlight_id: None, repeat: None }, GridLineCell { text: "h", highlight_id: None, repeat: None }, GridLineCell { text: "e", highlight_id: None, repeat: None }, GridLineCell { text: "l", highlight_id: None, repeat: None }, GridLineCell { text: "p", highlight_id: None, repeat: None }, GridLineCell { text: " ", highlight_id: Some(0), repeat: Some(8) }, GridLineCell { text: " ", highlight_id: Some(0), repeat: Some(0) }] }
TRACE [neovide::channel_utils] neovim_handler GridLine { grid: 2, row: 32, column_start: 23, cells: [GridLineCell { text: "─", highlight_id: Some(73), repeat: Some(44) }] }
TRACE [neovide::channel_utils] neovim_handler GridLine { grid: 2, row: 33, column_start: 23, cells: [GridLineCell { text: "t", highlight_id: Some(0), repeat: None }, GridLineCell { text: "y", highlight_id: None, repeat: None }, GridLineCell { text: "p", highlight_id: None, repeat: None }, GridLineCell { text: "e", highlight_id: None, repeat: None }, GridLineCell { text: " ", highlight_id: Some(0), repeat: Some(2) }, GridLineCell { text: ":", highlight_id: Some(73), repeat: None }, GridLineCell { text: "h", highlight_id: Some(112), repeat: None }, GridLineCell { text: "e", highlight_id: None, repeat: None }, GridLineCell { text: "l", highlight_id: None, repeat: None }, GridLineCell { text: "p", highlight_id: None, repeat: None }, GridLineCell { text: " ", highlight_id: None, repeat: None }, GridLineCell { text: "n", highlight_id: None, repeat: None }, GridLineCell { text: "e", highlight_id: None, repeat: None }, GridLineCell { text: "w", highlight_id: None, repeat: None }, GridLineCell { text: "s", highlight_id: None, repeat: None }, GridLineCell { text: "<", highlight_id: Some(73), repeat: None }, GridLineCell { text: "E", highlight_id: None, repeat: None }, GridLineCell { text: "n", highlight_id: None, repeat: None }, GridLineCell { text: "t", highlight_id: None, repeat: None }, GridLineCell { text: "e", highlight_id: None, repeat: None }, GridLineCell { text: "r", highlight_id: None, repeat: None }, GridLineCell { text: ">", highlight_id: None, repeat: None }, GridLineCell { text: " ", highlight_id: Some(0), repeat: Some(5) }, GridLineCell { text: "f", highlight_id: None, repeat: None }, GridLineCell { text: "o", highlight_id: None, repeat: None }, GridLineCell { text: "r", highlight_id: None, repeat: None }, GridLineCell { text: " ", highlight_id: None, repeat: None }, GridLineCell { text: "v", highlight_id: None, repeat: None }, GridLineCell { text: "0", highlight_id: None, repeat: None }, GridLineCell { text: ".", highlight_id: None, repeat: None }, GridLineCell { text: "1", highlight_id: None, repeat: None }, GridLineCell { text: "2", highlight_id: None, repeat: None }, GridLineCell { text: " ", highlight_id: None, repeat: None }, GridLineCell { text: "n", highlight_id: None, repeat: None }, GridLineCell { text: "o", highlight_id: None, repeat: None }, GridLineCell { text: "t", highlight_id: None, repeat: None }, GridLineCell { text: "e", highlight_id: None, repeat: None }, GridLineCell { text: "s", highlight_id: None, repeat: None }, GridLineCell { text: " ", highlight_id: None, repeat: None }, GridLineCell { text: " ", highlight_id: Some(0), repeat: Some(0) }] }
TRACE [neovide::channel_utils] neovim_handler GridLine { grid: 2, row: 34, column_start: 23, cells: [GridLineCell { text: "─", highlight_id: Some(73), repeat: Some(44) }] }
TRACE [neovide::channel_utils] neovim_handler GridLine { grid: 2, row: 35, column_start: 30, cells: [GridLineCell { text: "H", highlight_id: Some(0), repeat: None }, GridLineCell { text: "e", highlight_id: None, repeat: None }, GridLineCell { text: "l", highlight_id: None, repeat: None }, GridLineCell { text: "p", highlight_id: None, repeat: None }, GridLineCell { text: " ", highlight_id: None, repeat: None }, GridLineCell { text: "p", highlight_id: None, repeat: None }, GridLineCell { text: "o", highlight_id: Some(0), repeat: Some(2) }, GridLineCell { text: "r", highlight_id: None, repeat: None }, GridLineCell { text: " ", highlight_id: None, repeat: None }, GridLineCell { text: "c", highlight_id: None, repeat: None }, GridLineCell { text: "h", highlight_id: None, repeat: None }, GridLineCell { text: "i", highlight_id: None, repeat: None }, GridLineCell { text: "l", highlight_id: None, repeat: None }, GridLineCell { text: "d", highlight_id: None, repeat: None }, GridLineCell { text: "r", highlight_id: None, repeat: None }, GridLineCell { text: "e", highlight_id: None, repeat: None }, GridLineCell { text: "n", highlight_id: None, repeat: None }, GridLineCell { text: " ", highlight_id: None, repeat: None }, GridLineCell { text: "i", highlight_id: None, repeat: None }, GridLineCell { text: "n", highlight_id: None, repeat: None }, GridLineCell { text: " ", highlight_id: None, repeat: None }, GridLineCell { text: "U", highlight_id: None, repeat: None }, GridLineCell { text: "g", highlight_id: None, repeat: None }, GridLineCell { text: "a", highlight_id: None, repeat: None }, GridLineCell { text: "n", highlight_id: None, repeat: None }, GridLineCell { text: "d", highlight_id: None, repeat: None }, GridLineCell { text: "a", highlight_id: None, repeat: None }, GridLineCell { text: "!", highlight_id: None, repeat: None }] }
TRACE [neovide::channel_utils] neovim_handler GridLine { grid: 2, row: 36, column_start: 23, cells: [GridLineCell { text: "t", highlight_id: Some(0), repeat: None }, GridLineCell { text: "y", highlight_id: None, repeat: None }, GridLineCell { text: "p", highlight_id: None, repeat: None }, GridLineCell { text: "e", highlight_id: None, repeat: None }, GridLineCell { text: " ", highlight_id: Some(0), repeat: Some(2) }, GridLineCell { text: ":", highlight_id: Some(73), repeat: None }, GridLineCell { text: "h", highlight_id: Some(112), repeat: None }, GridLineCell { text: "e", highlight_id: None, repeat: None }, GridLineCell { text: "l", highlight_id: None, repeat: None }, GridLineCell { text: "p", highlight_id: None, repeat: None }, GridLineCell { text: " ", highlight_id: None, repeat: None }, GridLineCell { text: "K", highlight_id: None, repeat: None }, GridLineCell { text: "u", highlight_id: None, repeat: None }, GridLineCell { text: "w", highlight_id: None, repeat: None }, GridLineCell { text: "a", highlight_id: None, repeat: None }, GridLineCell { text: "s", highlight_id: None, repeat: None }, GridLineCell { text: "h", highlight_id: None, repeat: None }, GridLineCell { text: "a", highlight_id: None, repeat: None }, GridLineCell { text: "<", highlight_id: Some(73), repeat: None }, GridLineCell { text: "E", highlight_id: None, repeat: None }, GridLineCell { text: "n", highlight_id: None, repeat: None }, GridLineCell { text: "t", highlight_id: None, repeat: None }, GridLineCell { text: "e", highlight_id: None, repeat: None }, GridLineCell { text: "r", highlight_id: None, repeat: None }, GridLineCell { text: ">", highlight_id: None, repeat: None }, GridLineCell { text: " ", highlight_id: Some(0), repeat: Some(2) }, GridLineCell { text: "f", highlight_id: None, repeat: None }, GridLineCell { text: "o", highlight_id: None, repeat: None }, GridLineCell { text: "r", highlight_id: None, repeat: None }, GridLineCell { text: " ", highlight_id: None, repeat: None }, GridLineCell { text: "i", highlight_id: None, repeat: None }, GridLineCell { text: "n", highlight_id: None, repeat: None }, GridLineCell { text: "f", highlight_id: None, repeat: None }, GridLineCell { text: "o", highlight_id: None, repeat: None }, GridLineCell { text: "r", highlight_id: None, repeat: None }, GridLineCell { text: "m", highlight_id: None, repeat: None }, GridLineCell { text: "a", highlight_id: None, repeat: None }, GridLineCell { text: "t", highlight_id: None, repeat: None }, GridLineCell { text: "i", highlight_id: None, repeat: None }, GridLineCell { text: "o", highlight_id: None, repeat: None }, GridLineCell { text: "n", highlight_id: None, repeat: None }, GridLineCell { text: " ", highlight_id: None, repeat: None }, GridLineCell { text: " ", highlight_id: Some(0), repeat: Some(0) }] }
TRACE [neovide::channel_utils] neovim_handler WindowViewport { grid: 2, top_line: 0.0, bottom_line: 2.0, current_line: 0.0, current_column: 0.0, line_count: Some(1.0), scroll_delta: Some(0.0) }
TRACE [neovide::channel_utils] neovim_handler CursorGoto { grid: 2, row: 0, column: 4 }
TRACE [neovide::channel_utils] neovim_handler MouseOn
TRACE [neovide::channel_utils] neovim_handler Flush
TRACE [neovide::bridge::handler] Neovim notification: "redraw"
TRACE [neovide::channel_utils] neovim_handler OptionSet { gui_option: Unknown("ext_cmdline", Boolean(false)) }
TRACE [neovide::channel_utils] neovim_handler OptionSet { gui_option: Unknown("ext_popupmenu", Boolean(false)) }
TRACE [neovide::channel_utils] neovim_handler OptionSet { gui_option: Unknown("ext_tabline", Boolean(false)) }
TRACE [neovide::channel_utils] neovim_handler OptionSet { gui_option: Unknown("ext_wildmenu", Boolean(false)) }
TRACE [neovide::channel_utils] neovim_handler OptionSet { gui_option: Unknown("ext_messages", Boolean(false)) }
TRACE [neovide::channel_utils] neovim_handler Resize { grid: 3, width: 90, height: 56 }
TRACE [neovide::channel_utils] neovim_handler MessageSetPosition { grid: 3, row: 55, scrolled: false, separator_character: " ", z_index: Some(200), comp_index: Some(1) }
TRACE [neovide::channel_utils] neovim_handler DefaultColorsSet { colors: Colors { foreground: Some(Color4f { r: 0.92156863, g: 0.85882354, b: 0.69803923, a: 1.0 }), background: Some(Color4f { r: 0.15686275, g: 0.15686275, b: 0.15686275, a: 1.0 }), special: Some(Color4f { r: 1.0, g: 0.0, b: 0.0, a: 1.0 }) } }
TRACE [neovide::channel_utils] neovim_handler Resize { grid: 1, width: 89, height: 55 }
TRACE [neovide::channel_utils] neovim_handler WindowViewportMargins { grid: 2, top: 0, bottom: 0, left: 0, right: 0 }
TRACE [neovide::channel_utils] neovim_handler WindowViewportMargins { grid: 2, top: 0, bottom: 0, left: 0, right: 0 }
TRACE [neovide::channel_utils] neovim_handler Clear { grid: 1 }
TRACE [neovide::channel_utils] neovim_handler MessageSetPosition { grid: 3, row: 54, scrolled: false, separator_character: " ", z_index: Some(200), comp_index: Some(1) }
TRACE [neovide::channel_utils] neovim_handler MessageSetPosition { grid: 3, row: 54, scrolled: false, separator_character: " ", z_index: Some(200), comp_index: Some(1) }
TRACE [neovide::channel_utils] neovim_handler Resize { grid: 3, width: 89, height: 55 }
TRACE [neovide::channel_utils] neovim_handler WindowPosition { grid: 2, start_row: 0, start_column: 0, width: 89, height: 53 }
TRACE [neovide::channel_utils] neovim_handler MessageSetPosition { grid: 3, row: 54, scrolled: false, separator_character: " ", z_index: Some(200), comp_index: Some(1) }
TRACE [neovide::channel_utils] neovim_handler Resize { grid: 2, width: 89, height: 53 }
TRACE [neovide::channel_utils] neovim_handler GridLine { grid: 2, row: 19, column_start: 42, cells: [GridLineCell { text: " ", highlight_id: Some(73), repeat: Some(6) }] }
TRACE [neovide::channel_utils] neovim_handler GridLine { grid: 2, row: 20, column_start: 42, cells: [GridLineCell { text: " ", highlight_id: Some(73), repeat: Some(6) }] }
TRACE [neovide::channel_utils] neovim_handler GridLine { grid: 2, row: 21, column_start: 42, cells: [GridLineCell { text: " ", highlight_id: Some(73), repeat: Some(6) }] }
TRACE [neovide::channel_utils] neovim_handler GridLine { grid: 2, row: 23, column_start: 39, cells: [GridLineCell { text: " ", highlight_id: Some(73), repeat: Some(12) }] }
TRACE [neovide::channel_utils] neovim_handler GridLine { grid: 2, row: 24, column_start: 23, cells: [GridLineCell { text: " ", highlight_id: Some(73), repeat: Some(44) }] }
TRACE [neovide::channel_utils] neovim_handler GridLine { grid: 2, row: 25, column_start: 23, cells: [GridLineCell { text: " ", highlight_id: Some(73), repeat: Some(44) }] }
TRACE [neovide::channel_utils] neovim_handler GridLine { grid: 2, row: 26, column_start: 33, cells: [GridLineCell { text: " ", highlight_id: Some(73), repeat: Some(23) }] }
TRACE [neovide::channel_utils] neovim_handler GridLine { grid: 2, row: 27, column_start: 23, cells: [GridLineCell { text: " ", highlight_id: Some(73), repeat: Some(44) }] }
TRACE [neovide::channel_utils] neovim_handler GridLine { grid: 2, row: 28, column_start: 23, cells: [GridLineCell { text: " ", highlight_id: Some(73), repeat: Some(44) }] }
TRACE [neovide::channel_utils] neovim_handler GridLine { grid: 2, row: 29, column_start: 23, cells: [GridLineCell { text: " ", highlight_id: Some(73), repeat: Some(44) }] }
TRACE [neovide::channel_utils] neovim_handler GridLine { grid: 2, row: 30, column_start: 23, cells: [GridLineCell { text: " ", highlight_id: Some(73), repeat: Some(44) }] }
TRACE [neovide::channel_utils] neovim_handler GridLine { grid: 2, row: 31, column_start: 23, cells: [GridLineCell { text: " ", highlight_id: Some(73), repeat: Some(44) }] }
TRACE [neovide::renderer::rendered_window] region: Box2 { min: Point2 { x: 0.0, y: 784.0 }, max: Point2 { x: 1250.2589, y: 1540.0 } }, inner: Rect { left: 0.0, top: 784.0, right: 1250.2589, bottom: 1540.0 }, pics: 0
TRACE [neovide::channel_utils] neovim_handler GridLine { grid: 2, row: 32, column_start: 23, cells: [GridLineCell { text: " ", highlight_id: Some(73), repeat: Some(44) }] }
TRACE [neovide::channel_utils] neovim_handler GridLine { grid: 2, row: 33, column_start: 23, cells: [GridLineCell { text: " ", highlight_id: Some(73), repeat: Some(44) }] }
TRACE [neovide::channel_utils] neovim_handler GridLine { grid: 2, row: 34, column_start: 23, cells: [GridLineCell { text: " ", highlight_id: Some(73), repeat: Some(44) }] }
TRACE [neovide::channel_utils] neovim_handler GridLine { grid: 2, row: 35, column_start: 30, cells: [GridLineCell { text: " ", highlight_id: Some(73), repeat: Some(29) }] }
TRACE [neovide::channel_utils] neovim_handler GridLine { grid: 2, row: 36, column_start: 23, cells: [GridLineCell { text: " ", highlight_id: Some(73), repeat: Some(44) }] }
TRACE [neovide::channel_utils] neovim_handler GridLine { grid: 1, row: 53, column_start: 0, cells: [GridLineCell { text: " ", highlight_id: Some(266), repeat: None }, GridLineCell { text: "N", highlight_id: None, repeat: None }, GridLineCell { text: "O", highlight_id: None, repeat: None }, GridLineCell { text: "R", highlight_id: None, repeat: None }, GridLineCell { text: "M", highlight_id: None, repeat: None }, GridLineCell { text: "A", highlight_id: None, repeat: None }, GridLineCell { text: "L", highlight_id: None, repeat: None }, GridLineCell { text: " ", highlight_id: None, repeat: None }, GridLineCell { text: "\u{e0b0}", highlight_id: Some(267), repeat: None }, GridLineCell { text: " ", highlight_id: None, repeat: None }, GridLineCell { text: "\u{e0a0}", highlight_id: None, repeat: None }, GridLineCell { text: " ", highlight_id: None, repeat: None }, GridLineCell { text: "m", highlight_id: None, repeat: None }, GridLineCell { text: "a", highlight_id: None, repeat: None }, GridLineCell { text: "i", highlight_id: None, repeat: None }, GridLineCell { text: "n", highlight_id: None, repeat: None }, GridLineCell { text: " ", highlight_id: None, repeat: None }, GridLineCell { text: "\u{e0b0}", highlight_id: Some(268), repeat: None }, GridLineCell { text: " ", highlight_id: Some(269), repeat: None }, GridLineCell { text: "[", highlight_id: None, repeat: None }, GridLineCell { text: "N", highlight_id: None, repeat: None }, GridLineCell { text: "o", highlight_id: None, repeat: None }, GridLineCell { text: " ", highlight_id: None, repeat: None }, GridLineCell { text: "N", highlight_id: None, repeat: None }, GridLineCell { text: "a", highlight_id: None, repeat: None }, GridLineCell { text: "m", highlight_id: None, repeat: None }, GridLineCell { text: "e", highlight_id: None, repeat: None }, GridLineCell { text: "]", highlight_id: None, repeat: None }, GridLineCell { text: " ", highlight_id: Some(269), repeat: Some(44) }, GridLineCell { text: "\u{e712}", highlight_id: None, repeat: None }, GridLineCell { text: " ", highlight_id: None, repeat: None }, GridLineCell { text: "\u{e0b2}", highlight_id: Some(268), repeat: None }, GridLineCell { text: " ", highlight_id: Some(267), repeat: None }, GridLineCell { text: "T", highlight_id: None, repeat: None }, GridLineCell { text: "o", highlight_id: None, repeat: None }, GridLineCell { text: "p", highlight_id: None, repeat: None }, GridLineCell { text: " ", highlight_id: None, repeat: None }, GridLineCell { text: "\u{e0b2}", highlight_id: None, repeat: None }, GridLineCell { text: " ", highlight_id: Some(266), repeat: Some(3) }, GridLineCell { text: "1", highlight_id: None, repeat: None }, GridLineCell { text: ":", highlight_id: None, repeat: None }, GridLineCell { text: "1", highlight_id: None, repeat: None }, GridLineCell { text: " ", highlight_id: Some(266), repeat: Some(2) }, GridLineCell { text: " ", highlight_id: Some(0), repeat: Some(0) }] }
TRACE [neovide::channel_utils] neovim_handler GridLine { grid: 3, row: 0, column_start: 0, cells: [GridLineCell { text: " ", highlight_id: Some(80), repeat: Some(89) }] }
TRACE [neovide::channel_utils] neovim_handler GridLine { grid: 2, row: 18, column_start: 41, cells: [GridLineCell { text: "│", highlight_id: Some(116), repeat: None }, GridLineCell { text: " ", highlight_id: Some(0), repeat: None }, GridLineCell { text: "╲", highlight_id: Some(77), repeat: None }, GridLineCell { text: " ", highlight_id: Some(0), repeat: None }, GridLineCell { text: "│", highlight_id: Some(77), repeat: Some(2) }] }
TRACE [neovide::channel_utils] neovim_handler GridLine { grid: 2, row: 19, column_start: 41, cells: [GridLineCell { text: "│", highlight_id: Some(116), repeat: Some(2) }, GridLineCell { text: "╲", highlight_id: Some(77), repeat: Some(2) }, GridLineCell { text: "│", highlight_id: Some(77), repeat: Some(2) }] }
TRACE [neovide::channel_utils] neovim_handler GridLine { grid: 2, row: 20, column_start: 41, cells: [GridLineCell { text: "│", highlight_id: Some(116), repeat: Some(2) }, GridLineCell { text: " ", highlight_id: Some(0), repeat: None }, GridLineCell { text: "╲", highlight_id: Some(77), repeat: None }, GridLineCell { text: " ", highlight_id: Some(0), repeat: None }, GridLineCell { text: "│", highlight_id: Some(77), repeat: None }] }
TRACE [neovide::channel_utils] neovim_handler GridLine { grid: 2, row: 22, column_start: 38, cells: [GridLineCell { text: "N", highlight_id: Some(77), repeat: None }, GridLineCell { text: "V", highlight_id: None, repeat: None }, GridLineCell { text: "I", highlight_id: None, repeat: None }, GridLineCell { text: "M", highlight_id: None, repeat: None }, GridLineCell { text: " ", highlight_id: None, repeat: None }, GridLineCell { text: "v", highlight_id: None, repeat: None }, GridLineCell { text: "0", highlight_id: None, repeat: None }, GridLineCell { text: ".", highlight_id: None, repeat: None }, GridLineCell { text: "1", highlight_id: None, repeat: None }, GridLineCell { text: "2", highlight_id: None, repeat: None }, GridLineCell { text: ".", highlight_id: None, repeat: None }, GridLineCell { text: "2", highlight_id: None, repeat: None }] }
TRACE [neovide::channel_utils] neovim_handler GridLine { grid: 2, row: 23, column_start: 22, cells: [GridLineCell { text: "─", highlight_id: Some(73), repeat: Some(44) }] }
TRACE [neovide::channel_utils] neovim_handler GridLine { grid: 2, row: 24, column_start: 22, cells: [GridLineCell { text: "N", highlight_id: Some(0), repeat: None }, GridLineCell { text: "v", highlight_id: None, repeat: None }, GridLineCell { text: "i", highlight_id: None, repeat: None }, GridLineCell { text: "m", highlight_id: None, repeat: None }, GridLineCell { text: " ", highlight_id: None, repeat: None }, GridLineCell { text: "i", highlight_id: None, repeat: None }, GridLineCell { text: "s", highlight_id: None, repeat: None }, GridLineCell { text: " ", highlight_id: None, repeat: None }, GridLineCell { text: "o", highlight_id: None, repeat: None }, GridLineCell { text: "p", highlight_id: None, repeat: None }, GridLineCell { text: "e", highlight_id: None, repeat: None }, GridLineCell { text: "n", highlight_id: None, repeat: None }, GridLineCell { text: " ", highlight_id: None, repeat: None }, GridLineCell { text: "s", highlight_id: None, repeat: None }, GridLineCell { text: "o", highlight_id: None, repeat: None }, GridLineCell { text: "u", highlight_id: None, repeat: None }, GridLineCell { text: "r", highlight_id: None, repeat: None }, GridLineCell { text: "c", highlight_id: None, repeat: None }, GridLineCell { text: "e", highlight_id: None, repeat: None }, GridLineCell { text: " ", highlight_id: None, repeat: None }, GridLineCell { text: "a", highlight_id: None, repeat: None }, GridLineCell { text: "n", highlight_id: None, repeat: None }, GridLineCell { text: "d", highlight_id: None, repeat: None }, GridLineCell { text: " ", highlight_id: None, repeat: None }, GridLineCell { text: "f", highlight_id: None, repeat: None }, GridLineCell { text: "r", highlight_id: None, repeat: None }, GridLineCell { text: "e", highlight_id: Some(0), repeat: Some(2) }, GridLineCell { text: "l", highlight_id: None, repeat: None }, GridLineCell { text: "y", highlight_id: None, repeat: None }, GridLineCell { text: " ", highlight_id: None, repeat: None }, GridLineCell { text: "d", highlight_id: None, repeat: None }, GridLineCell { text: "i", highlight_id: None, repeat: None }, GridLineCell { text: "s", highlight_id: None, repeat: None }, GridLineCell { text: "t", highlight_id: None, repeat: None }, GridLineCell { text: "r", highlight_id: None, repeat: None }, GridLineCell { text: "i", highlight_id: None, repeat: None }, GridLineCell { text: "b", highlight_id: None, repeat: None }, GridLineCell { text: "u", highlight_id: None, repeat: None }, GridLineCell { text: "t", highlight_id: None, repeat: None }, GridLineCell { text: "a", highlight_id: None, repeat: None }, GridLineCell { text: "b", highlight_id: None, repeat: None }, GridLineCell { text: "l", highlight_id: None, repeat: None }, GridLineCell { text: "e", highlight_id: None, repeat: None }] }
TRACE [neovide::channel_utils] neovim_handler GridLine { grid: 2, row: 25, column_start: 33, cells: [GridLineCell { text: "h", highlight_id: Some(0), repeat: None }, GridLineCell { text: "t", highlight_id: Some(0), repeat: Some(2) }, GridLineCell { text: "p", highlight_id: None, repeat: None }, GridLineCell { text: "s", highlight_id: None, repeat: None }, GridLineCell { text: ":", highlight_id: None, repeat: None }, GridLineCell { text: "/", highlight_id: Some(0), repeat: Some(2) }, GridLineCell { text: "n", highlight_id: None, repeat: None }, GridLineCell { text: "e", highlight_id: None, repeat: None }, GridLineCell { text: "o", highlight_id: None, repeat: None }, GridLineCell { text: "v", highlight_id: None, repeat: None }, GridLineCell { text: "i", highlight_id: None, repeat: None }, GridLineCell { text: "m", highlight_id: None, repeat: None }, GridLineCell { text: ".", highlight_id: None, repeat: None }, GridLineCell { text: "i", highlight_id: None, repeat: None }, GridLineCell { text: "o", highlight_id: None, repeat: None }, GridLineCell { text: "/", highlight_id: None, repeat: None }, GridLineCell { text: "#", highlight_id: None, repeat: None }, GridLineCell { text: "c", highlight_id: None, repeat: None }, GridLineCell { text: "h", highlight_id: None, repeat: None }, GridLineCell { text: "a", highlight_id: None, repeat: None }, GridLineCell { text: "t", highlight_id: None, repeat: None }] }
TRACE [neovide::channel_utils] neovim_handler GridLine { grid: 2, row: 26, column_start: 22, cells: [GridLineCell { text: "─", highlight_id: Some(73), repeat: Some(44) }] }
TRACE [neovide::channel_utils] neovim_handler GridLine { grid: 2, row: 27, column_start: 22, cells: [GridLineCell { text: "t", highlight_id: Some(0), repeat: None }, GridLineCell { text: "y", highlight_id: None, repeat: None }, GridLineCell { text: "p", highlight_id: None, repeat: None }, GridLineCell { text: "e", highlight_id: None, repeat: None }, GridLineCell { text: " ", highlight_id: Some(0), repeat: Some(2) }, GridLineCell { text: ":", highlight_id: Some(73), repeat: None }, GridLineCell { text: "h", highlight_id: Some(112), repeat: None }, GridLineCell { text: "e", highlight_id: None, repeat: None }, GridLineCell { text: "l", highlight_id: None, repeat: None }, GridLineCell { text: "p", highlight_id: None, repeat: None }, GridLineCell { text: " ", highlight_id: None, repeat: None }, GridLineCell { text: "n", highlight_id: None, repeat: None }, GridLineCell { text: "v", highlight_id: None, repeat: None }, GridLineCell { text: "i", highlight_id: None, repeat: None }, GridLineCell { text: "m", highlight_id: None, repeat: None }, GridLineCell { text: "<", highlight_id: Some(73), repeat: None }, GridLineCell { text: "E", highlight_id: None, repeat: None }, GridLineCell { text: "n", highlight_id: None, repeat: None }, GridLineCell { text: "t", highlight_id: None, repeat: None }, GridLineCell { text: "e", highlight_id: None, repeat: None }, GridLineCell { text: "r", highlight_id: None, repeat: None }, GridLineCell { text: ">", highlight_id: None, repeat: None }, GridLineCell { text: " ", highlight_id: Some(0), repeat: Some(5) }, GridLineCell { text: "i", highlight_id: None, repeat: None }, GridLineCell { text: "f", highlight_id: None, repeat: None }, GridLineCell { text: " ", highlight_id: None, repeat: None }, GridLineCell { text: "y", highlight_id: None, repeat: None }, GridLineCell { text: "o", highlight_id: None, repeat: None }, GridLineCell { text: "u", highlight_id: None, repeat: None }, GridLineCell { text: " ", highlight_id: None, repeat: None }, GridLineCell { text: "a", highlight_id: None, repeat: None }, GridLineCell { text: "r", highlight_id: None, repeat: None }, GridLineCell { text: "e", highlight_id: None, repeat: None }, GridLineCell { text: " ", highlight_id: None, repeat: None }, GridLineCell { text: "n", highlight_id: None, repeat: None }, GridLineCell { text: "e", highlight_id: None, repeat: None }, GridLineCell { text: "w", highlight_id: None, repeat: None }, GridLineCell { text: "!", highlight_id: None, repeat: None }, GridLineCell { text: " ", highlight_id: None, repeat: None }, GridLineCell { text: " ", highlight_id: Some(0), repeat: Some(0) }] }
TRACE [neovide::channel_utils] neovim_handler GridLine { grid: 2, row: 28, column_start: 22, cells: [GridLineCell { text: "t", highlight_id: Some(0), repeat: None }, GridLineCell { text: "y", highlight_id: None, repeat: None }, GridLineCell { text: "p", highlight_id: None, repeat: None }, GridLineCell { text: "e", highlight_id: None, repeat: None }, GridLineCell { text: " ", highlight_id: Some(0), repeat: Some(2) }, GridLineCell { text: ":", highlight_id: Some(73), repeat: None }, GridLineCell { text: "c", highlight_id: Some(112), repeat: None }, GridLineCell { text: "h", highlight_id: None, repeat: None }, GridLineCell { text: "e", highlight_id: None, repeat: None }, GridLineCell { text: "c", highlight_id: None, repeat: None }, GridLineCell { text: "k", highlight_id: None, repeat: None }, GridLineCell { text: "h", highlight_id: None, repeat: None }, GridLineCell { text: "e", highlight_id: None, repeat: None }, GridLineCell { text: "a", highlight_id: None, repeat: None }, GridLineCell { text: "l", highlight_id: None, repeat: None }, GridLineCell { text: "t", highlight_id: None, repeat: None }, GridLineCell { text: "h", highlight_id: None, repeat: None }, GridLineCell { text: "<", highlight_id: Some(73), repeat: None }, GridLineCell { text: "E", highlight_id: None, repeat: None }, GridLineCell { text: "n", highlight_id: None, repeat: None }, GridLineCell { text: "t", highlight_id: None, repeat: None }, GridLineCell { text: "e", highlight_id: None, repeat: None }, GridLineCell { text: "r", highlight_id: None, repeat: None }, GridLineCell { text: ">", highlight_id: None, repeat: None }, GridLineCell { text: " ", highlight_id: Some(0), repeat: Some(3) }, GridLineCell { text: "t", highlight_id: None, repeat: None }, GridLineCell { text: "o", highlight_id: None, repeat: None }, GridLineCell { text: " ", highlight_id: None, repeat: None }, GridLineCell { text: "o", highlight_id: None, repeat: None }, GridLineCell { text: "p", highlight_id: None, repeat: None }, GridLineCell { text: "t", highlight_id: None, repeat: None }, GridLineCell { text: "i", highlight_id: None, repeat: None }, GridLineCell { text: "m", highlight_id: None, repeat: None }, GridLineCell { text: "i", highlight_id: None, repeat: None }, GridLineCell { text: "z", highlight_id: None, repeat: None }, GridLineCell { text: "e", highlight_id: None, repeat: None }, GridLineCell { text: " ", highlight_id: None, repeat: None }, GridLineCell { text: "N", highlight_id: None, repeat: None }, GridLineCell { text: "v", highlight_id: None, repeat: None }, GridLineCell { text: "i", highlight_id: None, repeat: None }, GridLineCell { text: "m", highlight_id: None, repeat: None }] }
TRACE [neovide::channel_utils] neovim_handler GridLine { grid: 2, row: 29, column_start: 22, cells: [GridLineCell { text: "t", highlight_id: Some(0), repeat: None }, GridLineCell { text: "y", highlight_id: None, repeat: None }, GridLineCell { text: "p", highlight_id: None, repeat: None }, GridLineCell { text: "e", highlight_id: None, repeat: None }, GridLineCell { text: " ", highlight_id: Some(0), repeat: Some(2) }, GridLineCell { text: ":", highlight_id: Some(73), repeat: None }, GridLineCell { text: "q", highlight_id: Some(112), repeat: None }, GridLineCell { text: "<", highlight_id: Some(73), repeat: None }, GridLineCell { text: "E", highlight_id: None, repeat: None }, GridLineCell { text: "n", highlight_id: None, repeat: None }, GridLineCell { text: "t", highlight_id: None, repeat: None }, GridLineCell { text: "e", highlight_id: None, repeat: None }, GridLineCell { text: "r", highlight_id: None, repeat: None }, GridLineCell { text: ">", highlight_id: None, repeat: None }, GridLineCell { text: " ", highlight_id: Some(0), repeat: Some(13) }, GridLineCell { text: "t", highlight_id: None, repeat: None }, GridLineCell { text: "o", highlight_id: None, repeat: None }, GridLineCell { text: " ", highlight_id: None, repeat: None }, GridLineCell { text: "e", highlight_id: None, repeat: None }, GridLineCell { text: "x", highlight_id: None, repeat: None }, GridLineCell { text: "i", highlight_id: None, repeat: None }, GridLineCell { text: "t", highlight_id: None, repeat: None }, GridLineCell { text: " ", highlight_id: Some(0), repeat: Some(9) }, GridLineCell { text: " ", highlight_id: Some(0), repeat: Some(0) }] }
TRACE [neovide::channel_utils] neovim_handler GridLine { grid: 2, row: 30, column_start: 22, cells: [GridLineCell { text: "t", highlight_id: Some(0), repeat: None }, GridLineCell { text: "y", highlight_id: None, repeat: None }, GridLineCell { text: "p", highlight_id: None, repeat: None }, GridLineCell { text: "e", highlight_id: None, repeat: None }, GridLineCell { text: " ", highlight_id: Some(0), repeat: Some(2) }, GridLineCell { text: ":", highlight_id: Some(73), repeat: None }, GridLineCell { text: "h", highlight_id: Some(112), repeat: None }, GridLineCell { text: "e", highlight_id: None, repeat: None }, GridLineCell { text: "l", highlight_id: None, repeat: None }, GridLineCell { text: "p", highlight_id: None, repeat: None }, GridLineCell { text: "<", highlight_id: Some(73), repeat: None }, GridLineCell { text: "E", highlight_id: None, repeat: None }, GridLineCell { text: "n", highlight_id: None, repeat: None }, GridLineCell { text: "t", highlight_id: None, repeat: None }, GridLineCell { text: "e", highlight_id: None, repeat: None }, GridLineCell { text: "r", highlight_id: None, repeat: None }, GridLineCell { text: ">", highlight_id: None, repeat: None }, GridLineCell { text: " ", highlight_id: Some(0), repeat: Some(10) }, GridLineCell { text: "f", highlight_id: None, repeat: None }, GridLineCell { text: "o", highlight_id: None, repeat: None }, GridLineCell { text: "r", highlight_id: None, repeat: None }, GridLineCell { text: " ", highlight_id: None, repeat: None }, GridLineCell { text: "h", highlight_id: None, repeat: None }, GridLineCell { text: "e", highlight_id: None, repeat: None }, GridLineCell { text: "l", highlight_id: None, repeat: None }, GridLineCell { text: "p", highlight_id: None, repeat: None }, GridLineCell { text: " ", highlight_id: Some(0), repeat: Some(8) }, GridLineCell { text: " ", highlight_id: Some(0), repeat: Some(0) }] }
TRACE [neovide::channel_utils] neovim_handler GridLine { grid: 2, row: 31, column_start: 22, cells: [GridLineCell { text: "─", highlight_id: Some(73), repeat: Some(44) }] }
TRACE [neovide::channel_utils] neovim_handler GridLine { grid: 2, row: 32, column_start: 22, cells: [GridLineCell { text: "t", highlight_id: Some(0), repeat: None }, GridLineCell { text: "y", highlight_id: None, repeat: None }, GridLineCell { text: "p", highlight_id: None, repeat: None }, GridLineCell { text: "e", highlight_id: None, repeat: None }, GridLineCell { text: " ", highlight_id: Some(0), repeat: Some(2) }, GridLineCell { text: ":", highlight_id: Some(73), repeat: None }, GridLineCell { text: "h", highlight_id: Some(112), repeat: None }, GridLineCell { text: "e", highlight_id: None, repeat: None }, GridLineCell { text: "l", highlight_id: None, repeat: None }, GridLineCell { text: "p", highlight_id: None, repeat: None }, GridLineCell { text: " ", highlight_id: None, repeat: None }, GridLineCell { text: "n", highlight_id: None, repeat: None }, GridLineCell { text: "e", highlight_id: None, repeat: None }, GridLineCell { text: "w", highlight_id: None, repeat: None }, GridLineCell { text: "s", highlight_id: None, repeat: None }, GridLineCell { text: "<", highlight_id: Some(73), repeat: None }, GridLineCell { text: "E", highlight_id: None, repeat: None }, GridLineCell { text: "n", highlight_id: None, repeat: None }, GridLineCell { text: "t", highlight_id: None, repeat: None }, GridLineCell { text: "e", highlight_id: None, repeat: None }, GridLineCell { text: "r", highlight_id: None, repeat: None }, GridLineCell { text: ">", highlight_id: None, repeat: None }, GridLineCell { text: " ", highlight_id: Some(0), repeat: Some(5) }, GridLineCell { text: "f", highlight_id: None, repeat: None }, GridLineCell { text: "o", highlight_id: None, repeat: None }, GridLineCell { text: "r", highlight_id: None, repeat: None }, GridLineCell { text: " ", highlight_id: None, repeat: None }, GridLineCell { text: "v", highlight_id: None, repeat: None }, GridLineCell { text: "0", highlight_id: None, repeat: None }, GridLineCell { text: ".", highlight_id: None, repeat: None }, GridLineCell { text: "1", highlight_id: None, repeat: None }, GridLineCell { text: "2", highlight_id: None, repeat: None }, GridLineCell { text: " ", highlight_id: None, repeat: None }, GridLineCell { text: "n", highlight_id: None, repeat: None }, GridLineCell { text: "o", highlight_id: None, repeat: None }, GridLineCell { text: "t", highlight_id: None, repeat: None }, GridLineCell { text: "e", highlight_id: None, repeat: None }, GridLineCell { text: "s", highlight_id: None, repeat: None }, GridLineCell { text: " ", highlight_id: None, repeat: None }, GridLineCell { text: " ", highlight_id: Some(0), repeat: Some(0) }] }
TRACE [neovide::channel_utils] neovim_handler GridLine { grid: 2, row: 33, column_start: 22, cells: [GridLineCell { text: "─", highlight_id: Some(73), repeat: Some(44) }] }
TRACE [neovide::channel_utils] neovim_handler GridLine { grid: 2, row: 34, column_start: 30, cells: [GridLineCell { text: "H", highlight_id: Some(0), repeat: None }, GridLineCell { text: "e", highlight_id: None, repeat: None }, GridLineCell { text: "l", highlight_id: None, repeat: None }, GridLineCell { text: "p", highlight_id: None, repeat: None }, GridLineCell { text: " ", highlight_id: None, repeat: None }, GridLineCell { text: "p", highlight_id: None, repeat: None }, GridLineCell { text: "o", highlight_id: Some(0), repeat: Some(2) }, GridLineCell { text: "r", highlight_id: None, repeat: None }, GridLineCell { text: " ", highlight_id: None, repeat: None }, GridLineCell { text: "c", highlight_id: None, repeat: None }, GridLineCell { text: "h", highlight_id: None, repeat: None }, GridLineCell { text: "i", highlight_id: None, repeat: None }, GridLineCell { text: "l", highlight_id: None, repeat: None }, GridLineCell { text: "d", highlight_id: None, repeat: None }, GridLineCell { text: "r", highlight_id: None, repeat: None }, GridLineCell { text: "e", highlight_id: None, repeat: None }, GridLineCell { text: "n", highlight_id: None, repeat: None }, GridLineCell { text: " ", highlight_id: None, repeat: None }, GridLineCell { text: "i", highlight_id: None, repeat: None }, GridLineCell { text: "n", highlight_id: None, repeat: None }, GridLineCell { text: " ", highlight_id: None, repeat: None }, GridLineCell { text: "U", highlight_id: None, repeat: None }, GridLineCell { text: "g", highlight_id: None, repeat: None }, GridLineCell { text: "a", highlight_id: None, repeat: None }, GridLineCell { text: "n", highlight_id: None, repeat: None }, GridLineCell { text: "d", highlight_id: None, repeat: None }, GridLineCell { text: "a", highlight_id: None, repeat: None }, GridLineCell { text: "!", highlight_id: None, repeat: None }] }
TRACE [neovide::channel_utils] neovim_handler GridLine { grid: 2, row: 35, column_start: 22, cells: [GridLineCell { text: "t", highlight_id: Some(0), repeat: None }, GridLineCell { text: "y", highlight_id: None, repeat: None }, GridLineCell { text: "p", highlight_id: None, repeat: None }, GridLineCell { text: "e", highlight_id: None, repeat: None }, GridLineCell { text: " ", highlight_id: Some(0), repeat: Some(2) }, GridLineCell { text: ":", highlight_id: Some(73), repeat: None }, GridLineCell { text: "h", highlight_id: Some(112), repeat: None }, GridLineCell { text: "e", highlight_id: None, repeat: None }, GridLineCell { text: "l", highlight_id: None, repeat: None }, GridLineCell { text: "p", highlight_id: None, repeat: None }, GridLineCell { text: " ", highlight_id: None, repeat: None }, GridLineCell { text: "K", highlight_id: None, repeat: None }, GridLineCell { text: "u", highlight_id: None, repeat: None }, GridLineCell { text: "w", highlight_id: None, repeat: None }, GridLineCell { text: "a", highlight_id: None, repeat: None }, GridLineCell { text: "s", highlight_id: None, repeat: None }, GridLineCell { text: "h", highlight_id: None, repeat: None }, GridLineCell { text: "a", highlight_id: None, repeat: None }, GridLineCell { text: "<", highlight_id: Some(73), repeat: None }, GridLineCell { text: "E", highlight_id: None, repeat: None }, GridLineCell { text: "n", highlight_id: None, repeat: None }, GridLineCell { text: "t", highlight_id: None, repeat: None }, GridLineCell { text: "e", highlight_id: None, repeat: None }, GridLineCell { text: "r", highlight_id: None, repeat: None }, GridLineCell { text: ">", highlight_id: None, repeat: None }, GridLineCell { text: " ", highlight_id: Some(0), repeat: Some(2) }, GridLineCell { text: "f", highlight_id: None, repeat: None }, GridLineCell { text: "o", highlight_id: None, repeat: None }, GridLineCell { text: "r", highlight_id: None, repeat: None }, GridLineCell { text: " ", highlight_id: None, repeat: None }, GridLineCell { text: "i", highlight_id: None, repeat: None }, GridLineCell { text: "n", highlight_id: None, repeat: None }, GridLineCell { text: "f", highlight_id: None, repeat: None }, GridLineCell { text: "o", highlight_id: None, repeat: None }, GridLineCell { text: "r", highlight_id: None, repeat: None }, GridLineCell { text: "m", highlight_id: None, repeat: None }, GridLineCell { text: "a", highlight_id: None, repeat: None }, GridLineCell { text: "t", highlight_id: None, repeat: None }, GridLineCell { text: "i", highlight_id: None, repeat: None }, GridLineCell { text: "o", highlight_id: None, repeat: None }, GridLineCell { text: "n", highlight_id: None, repeat: None }, GridLineCell { text: " ", highlight_id: None, repeat: None }, GridLineCell { text: " ", highlight_id: Some(0), repeat: Some(0) }] }
TRACE [neovide::channel_utils] neovim_handler WindowViewport { grid: 2, top_line: 0.0, bottom_line: 2.0, current_line: 0.0, current_column: 0.0, line_count: Some(1.0), scroll_delta: Some(0.0) }
TRACE [neovide::channel_utils] neovim_handler CursorGoto { grid: 2, row: 0, column: 4 }
TRACE [neovide::channel_utils] neovim_handler ModeInfoSet { cursor_modes: [CursorMode { shape: Some(Block), style_id: Some(0), cell_percentage: Some(0.0), blinkwait: Some(0), blinkon: Some(0), blinkoff: Some(0) }, CursorMode { shape: Some(Block), style_id: Some(0), cell_percentage: Some(0.0), blinkwait: Some(0), blinkon: Some(0), blinkoff: Some(0) }, CursorMode { shape: Some(Vertical), style_id: Some(0), cell_percentage: Some(0.25), blinkwait: Some(0), blinkon: Some(0), blinkoff: Some(0) }, CursorMode { shape: Some(Horizontal), style_id: Some(0), cell_percentage: Some(0.2), blinkwait: Some(0), blinkon: Some(0), blinkoff: Some(0) }, CursorMode { shape: Some(Block), style_id: Some(0), cell_percentage: Some(0.0), blinkwait: Some(0), blinkon: Some(0), blinkoff: Some(0) }, CursorMode { shape: Some(Vertical), style_id: Some(0), cell_percentage: Some(0.25), blinkwait: Some(0), blinkon: Some(0), blinkoff: Some(0) }, CursorMode { shape: Some(Horizontal), style_id: Some(0), cell_percentage: Some(0.2), blinkwait: Some(0), blinkon: Some(0), blinkoff: Some(0) }, CursorMode { shape: Some(Horizontal), style_id: Some(0), cell_percentage: Some(0.2), blinkwait: Some(0), blinkon: Some(0), blinkoff: Some(0) }, CursorMode { shape: Some(Vertical), style_id: Some(0), cell_percentage: Some(0.25), blinkwait: Some(0), blinkon: Some(0), blinkoff: Some(0) }, CursorMode { shape: None, style_id: None, cell_percentage: None, blinkwait: None, blinkon: None, blinkoff: None }, CursorMode { shape: None, style_id: None, cell_percentage: None, blinkwait: None, blinkon: None, blinkoff: None }, CursorMode { shape: None, style_id: None, cell_percentage: None, blinkwait: None, blinkon: None, blinkoff: None }, CursorMode { shape: None, style_id: None, cell_percentage: None, blinkwait: None, blinkon: None, blinkoff: None }, CursorMode { shape: None, style_id: None, cell_percentage: None, blinkwait: None, blinkon: None, blinkoff: None }, CursorMode { shape: None, style_id: None, cell_percentage: None, blinkwait: None, blinkon: None, blinkoff: None }, CursorMode { shape: None, style_id: None, cell_percentage: None, blinkwait: None, blinkon: None, blinkoff: None }, CursorMode { shape: Some(Block), style_id: Some(0), cell_percentage: Some(0.0), blinkwait: Some(0), blinkon: Some(0), blinkoff: Some(0) }, CursorMode { shape: Some(Block), style_id: Some(4), cell_percentage: Some(0.0), blinkwait: Some(0), blinkon: Some(500), blinkoff: Some(500) }] }
TRACE [neovide::bridge::handler] Neovim notification: "redraw"
TRACE [neovide::channel_utils] neovim_handler ModeChange { mode: Normal, mode_index: 0 }
TRACE [neovide::channel_utils] neovim_handler MouseOn
TRACE [neovide::channel_utils] neovim_handler Flush
TRACE [neovide::editor] Image flushed
TRACE [neovide::editor] send_batch
TRACE [neovide::editor] Option set Unknown("ext_cmdline", Boolean(false))
TRACE [neovide::editor] Option set Unknown("ext_popupmenu", Boolean(false))
TRACE [neovide::editor] Option set Unknown("ext_tabline", Boolean(false))
TRACE [neovide::editor] Option set Unknown("ext_wildmenu", Boolean(false))
TRACE [neovide::editor] Option set Unknown("ext_messages", Boolean(false))
TRACE [neovide::renderer::rendered_window] Handling Viewport 2
TRACE [neovide::renderer::fonts::caching_shaper] Shaping text: "1"
TRACE [neovide::renderer::fonts::caching_shaper] Shaping text: "~"
TRACE [neovide::renderer::fonts::caching_shaper] Shaping text: "NVIM"
TRACE [neovide::renderer::fonts::caching_shaper] Shaping text: "v0.12.2"
TRACE [neovide::renderer::fonts::caching_shaper] Shaping text: "Nvim"
TRACE [neovide::renderer::fonts::caching_shaper] Shaping text: "is"
TRACE [neovide::renderer::fonts::caching_shaper] Shaping text: "open"
TRACE [neovide::renderer::fonts::caching_shaper] Shaping text: "source"
TRACE [neovide::renderer::fonts::caching_shaper] Shaping text: "and"
TRACE [neovide::renderer::fonts::caching_shaper] Shaping text: "freely"
TRACE [neovide::renderer::fonts::caching_shaper] Shaping text: "distributable"
TRACE [neovide::renderer::fonts::caching_shaper] Shaping text: "https://neovim.io/#chat"
TRACE [neovide::editor] Image flushed
TRACE [neovide::editor] send_batch
TRACE [neovide::renderer::fonts::caching_shaper] Shaping text: "type"
TRACE [neovide::renderer::fonts::caching_shaper] Shaping text: ":"
TRACE [neovide::renderer::fonts::caching_shaper] Shaping text: "help"
TRACE [neovide::renderer::fonts::caching_shaper] Shaping text: "nvim"
TRACE [neovide::renderer::fonts::caching_shaper] Shaping text: "<Enter>"
TRACE [neovide::renderer::fonts::caching_shaper] Shaping text: "if"
TRACE [neovide::renderer::fonts::caching_shaper] Shaping text: "you"
TRACE [neovide::renderer::fonts::caching_shaper] Shaping text: "are"
TRACE [neovide::renderer::fonts::caching_shaper] Shaping text: "new!"
TRACE [neovide::renderer::fonts::caching_shaper] Shaping text: "checkhealth"
TRACE [neovide::renderer::fonts::caching_shaper] Shaping text: "to"
TRACE [neovide::renderer::fonts::caching_shaper] Shaping text: "optimize"
TRACE [neovide::renderer::fonts::caching_shaper] Shaping text: "q"
TRACE [neovide::renderer::fonts::caching_shaper] Shaping text: "exit"
TRACE [neovide::renderer::fonts::caching_shaper] Shaping text: "for"
TRACE [neovide::renderer::fonts::caching_shaper] Shaping text: "news"
TRACE [neovide::renderer::fonts::caching_shaper] Shaping text: "v0.12"
TRACE [neovide::renderer::fonts::caching_shaper] Shaping text: "notes"
TRACE [neovide::renderer::fonts::caching_shaper] Shaping text: "Help"
TRACE [neovide::renderer::fonts::caching_shaper] Shaping text: "poor"
TRACE [neovide::renderer::fonts::caching_shaper] Shaping text: "children"
TRACE [neovide::renderer::fonts::caching_shaper] Shaping text: "in"
TRACE [neovide::renderer::fonts::caching_shaper] Shaping text: "Uganda!"
TRACE [neovide::renderer::fonts::caching_shaper] Shaping text: "Kuwasha"
TRACE [neovide::renderer::fonts::caching_shaper] Shaping text: "information"
TRACE [neovide::renderer::fonts::caching_shaper] Shaping text: "Sponsor"
TRACE [neovide::renderer::fonts::caching_shaper] Shaping text: "Neovide:"
TRACE [neovide::renderer::fonts::caching_shaper] Shaping text: "https://github.com/sponsors/neovide"
TRACE [neovide::renderer::fonts::caching_shaper] Shaping text: "normal:"
TRACE [neovide::renderer::fonts::caching_shaper] Shaping text: "["
TRACE [neovide::renderer::fonts::caching_shaper] Shaping text: "FontDescription"
TRACE [neovide::renderer::fonts::caching_shaper] Shaping text: "{"
TRACE [neovide::renderer::fonts::caching_shaper] Shaping text: "family:"
TRACE [neovide::renderer::fonts::caching_shaper] Shaping text: "\"AtyknsonMono"
TRACE [neovide::renderer::fonts::caching_shaper] Shaping text: "Nerd"
TRACE [neovide::renderer::fonts::caching_shaper] Shaping text: "Font\","
TRACE [neovide::renderer::fonts::caching_shaper] Shaping text: "style:"
TRACE [neovide::renderer::fonts::caching_shaper] Shaping text: "None,"
TRACE [neovide::renderer::fonts::caching_shaper] Shaping text: "},"
TRACE [neovide::renderer::fonts::caching_shaper] Shaping text: "],"
TRACE [neovide::renderer::fonts::caching_shaper] Shaping text: "italic:"
TRACE [neovide::renderer::fonts::caching_shaper] Shaping text: "bold:"
TRACE [neovide::renderer::fonts::caching_shaper] Shaping text: "bold_italic:"
TRACE [neovide::renderer::fonts::caching_shaper] Shaping text: "features:"
TRACE [neovide::renderer::fonts::caching_shaper] Shaping text: "{},"
TRACE [neovide::renderer::fonts::caching_shaper] Shaping text: "size:"
TRACE [neovide::renderer::fonts::caching_shaper] Shaping text: "16.0,"
TRACE [neovide::renderer::fonts::caching_shaper] Shaping text: "width:"
TRACE [neovide::renderer::fonts::caching_shaper] Shaping text: "0.0,"
TRACE [neovide::renderer::fonts::caching_shaper] Shaping text: "hinting:"
TRACE [neovide::renderer::fonts::caching_shaper] Shaping text: "Full,"
TRACE [neovide::renderer::fonts::caching_shaper] Shaping text: "edging:"
TRACE [neovide::renderer::fonts::caching_shaper] Shaping text: "AntiAlias,"
TRACE [neovide::renderer::fonts::caching_shaper] Shaping text: "underline_offset:"
TRACE [neovide::renderer::fonts::caching_shaper] Shaping text: "}"
TRACE [neovide::renderer::fonts::caching_shaper] Shaping text: "No"
TRACE [neovide::renderer::fonts::caching_shaper] Shaping text: "candidate"
TRACE [neovide::renderer::fonts::caching_shaper] Shaping text: "fonts"
TRACE [neovide::renderer::fonts::caching_shaper] Shaping text: "could"
TRACE [neovide::renderer::fonts::caching_shaper] Shaping text: "be"
TRACE [neovide::renderer::fonts::caching_shaper] Shaping text: "loaded:"
TRACE [neovide::renderer::fonts::caching_shaper] Shaping text: "FontKey"
TRACE [neovide::renderer::fonts::caching_shaper] Shaping text: "font_desc:"
TRACE [neovide::renderer::fonts::caching_shaper] Shaping text: "Some(FontDescription"
TRACE [neovide::renderer::fonts::caching_shaper] Shaping text: "\""
TRACE [neovide::bridge::handler] Neovim notification: "redraw"
TRACE [neovide::renderer::fonts::caching_shaper] Shaping text: "AtyknsonMono"
TRACE [neovide::renderer::fonts::caching_shaper] Shaping text: "Some(\"Bold"
TRACE [neovide::channel_utils] neovim_handler ModeInfoSet { cursor_modes: [CursorMode { shape: Some(Block), style_id: Some(0), cell_percentage: Some(0.0), blinkwait: Some(0), blinkon: Some(0), blinkoff: Some(0) }, CursorMode { shape: Some(Block), style_id: Some(0), cell_percentage: Some(0.0), blinkwait: Some(0), blinkon: Some(0), blinkoff: Some(0) }, CursorMode { shape: Some(Vertical), style_id: Some(0), cell_percentage: Some(0.25), blinkwait: Some(0), blinkon: Some(0), blinkoff: Some(0) }, CursorMode { shape: Some(Horizontal), style_id: Some(0), cell_percentage: Some(0.2), blinkwait: Some(0), blinkon: Some(0), blinkoff: Some(0) }, CursorMode { shape: Some(Block), style_id: Some(0), cell_percentage: Some(0.0), blinkwait: Some(0), blinkon: Some(0), blinkoff: Some(0) }, CursorMode { shape: Some(Vertical), style_id: Some(0), cell_percentage: Some(0.25), blinkwait: Some(0), blinkon: Some(0), blinkoff: Some(0) }, CursorMode { shape: Some(Horizontal), style_id: Some(0), cell_percentage: Some(0.2), blinkwait: Some(0), blinkon: Some(0), blinkoff: Some(0) }, CursorMode { shape: Some(Horizontal), style_id: Some(0), cell_percentage: Some(0.2), blinkwait: Some(0), blinkon: Some(0), blinkoff: Some(0) }, CursorMode { shape: Some(Vertical), style_id: Some(0), cell_percentage: Some(0.25), blinkwait: Some(0), blinkon: Some(0), blinkoff: Some(0) }, CursorMode { shape: None, style_id: None, cell_percentage: None, blinkwait: None, blinkon: None, blinkoff: None }, CursorMode { shape: None, style_id: None, cell_percentage: None, blinkwait: None, blinkon: None, blinkoff: None }, CursorMode { shape: None, style_id: None, cell_percentage: None, blinkwait: None, blinkon: None, blinkoff: None }, CursorMode { shape: None, style_id: None, cell_percentage: None, blinkwait: None, blinkon: None, blinkoff: None }, CursorMode { shape: None, style_id: None, cell_percentage: None, blinkwait: None, blinkon: None, blinkoff: None }, CursorMode { shape: None, style_id: None, cell_percentage: None, blinkwait: None, blinkon: None, blinkoff: None }, CursorMode { shape: None, style_id: None, cell_percentage: None, blinkwait: None, blinkon: None, blinkoff: None }, CursorMode { shape: Some(Block), style_id: Some(0), cell_percentage: Some(0.0), blinkwait: Some(0), blinkon: Some(0), blinkoff: Some(0) }, CursorMode { shape: Some(Block), style_id: Some(4), cell_percentage: Some(0.0), blinkwait: Some(0), blinkon: Some(500), blinkoff: Some(500) }] }
TRACE [neovide::channel_utils] neovim_handler ModeChange { mode: Normal, mode_index: 0 }
TRACE [neovide::channel_utils] neovim_handler MouseOn
TRACE [neovide::channel_utils] neovim_handler Flush
TRACE [neovide::renderer::fonts::caching_shaper] Shaping text: "Italic\")"
TRACE [neovide::editor] Image flushed
TRACE [neovide::editor] send_batch
TRACE [neovide::renderer::fonts::caching_shaper] Shaping text: "}),"
TRACE [neovide::renderer::fonts::caching_shaper] Shaping text: "AntiAlias"
TRACE [neovide::renderer::fonts::caching_shaper] Shaping text: "Some"
TRACE [neovide::renderer::fonts::caching_shaper] Shaping text: "(\"Bold\")"
TRACE [neovide::renderer::fonts::caching_shaper] Shaping text: "(\"Italic\")"
TRACE [neovide::renderer::fonts::caching_shaper] Shaping text: "None"
TRACE [neovide::renderer::fonts::caching_shaper] Shaping text: "Press"
TRACE [neovide::renderer::fonts::caching_shaper] Shaping text: "ENTER"
TRACE [neovide::renderer::fonts::caching_shaper] Shaping text: "or"
TRACE [neovide::renderer::fonts::caching_shaper] Shaping text: "command"
TRACE [neovide::renderer::fonts::caching_shaper] Shaping text: "continue"
TRACE [neovide::renderer::fonts::caching_shaper] Shaping text: "NORMAL"
TRACE [neovide::renderer::fonts::font_loader] Loading font FontKey { font_desc: Some(FontDescription { family: "DejaVu Sans Mono", style: Some("Bold") }), hinting: Full, edging: AntiAlias }
TRACE [neovide::renderer::fonts::caching_shaper] Shaping text: "\u{e0a0}"
TRACE [neovide::renderer::fonts::font_loader] Loading font FontKey { font_desc: Some(FontDescription { family: "Courier New", style: None }), hinting: Full, edging: AntiAlias }
TRACE [neovide::renderer::fonts::font_loader] Loading font FontKey { font_desc: Some(FontDescription { family: "monospace", style: None }), hinting: Full, edging: AntiAlias }
TRACE [neovide::renderer::fonts::caching_shaper] Shaping text: "main"
TRACE [neovide::renderer::fonts::caching_shaper] Shaping text: "[No"
TRACE [neovide::renderer::fonts::caching_shaper] Shaping text: "Name]"
TRACE [neovide::renderer::fonts::caching_shaper] Shaping text: "\u{e712}"
TRACE [neovide::renderer::fonts::caching_shaper] Shaping text: "Top"
TRACE [neovide::renderer::fonts::caching_shaper] Shaping text: "1:1"
INFO [neovide::renderer::grid_renderer] blend 0
DEBUG [neovide::renderer] zindex: 200, base: 0
DEBUG [neovide::renderer] layer: [(3, SortOrder { z_index: 200, composition_order: 1 })]
TRACE [neovide::renderer::rendered_window] region: Box2 { min: Point2 { x: 0.0, y: 0.0 }, max: Point2 { x: 1264.3068, y: 1568.0 } }, inner: Rect { left: 0.0, top: 0.0, right: 1264.3068, bottom: 1568.0 }, pics: 2
TRACE [neovide::renderer::rendered_window] region: Box2 { min: Point2 { x: 0.0, y: 0.0 }, max: Point2 { x: 1264.3068, y: 1512.0 } }, inner: Rect { left: 0.0, top: 0.0, right: 1264.3068, bottom: 1512.0 }, pics: 1
TRACE [neovide::renderer::rendered_window] region: Box2 { min: Point2 { x: 0.0, y: 1119.0 }, max: Point2 { x: 1264.3068, y: 1147.0 } }, inner: Rect { left: 0.0, top: 1119.0, right: 1264.3068, bottom: 1147.0 }, pics: 0
TRACE [neovide::renderer::rendered_window] Handling Viewport 2
INFO [neovide::renderer::grid_renderer] blend 0
DEBUG [neovide::renderer] zindex: 200, base: 0
DEBUG [neovide::renderer] layer: [(3, SortOrder { z_index: 200, composition_order: 1 })]
TRACE [neovide::renderer::rendered_window] region: Box2 { min: Point2 { x: 0.0, y: 0.0 }, max: Point2 { x: 1263.0, y: 1540.0 } }, inner: Rect { left: 0.0, top: 0.0, right: 1263.0, bottom: 1540.0 }, pics: 2
TRACE [neovide::renderer::rendered_window] region: Box2 { min: Point2 { x: 0.0, y: 0.0 }, max: Point2 { x: 1263.0, y: 1484.0 } }, inner: Rect { left: 0.0, top: 0.0, right: 1263.0, bottom: 1484.0 }, pics: 1
TRACE [neovide::renderer::rendered_window] region: Box2 { min: Point2 { x: 0.0, y: 1300.0 }, max: Point2 { x: 1250.2589, y: 1328.0 } }, inner: Rect { left: 0.0, top: 1300.0, right: 1250.2589, bottom: 1328.0 }, pics: 0
INFO [neovide::renderer::grid_renderer] blend 0
DEBUG [neovide::renderer] zindex: 200, base: 0
DEBUG [neovide::renderer] layer: [(3, SortOrder { z_index: 200, composition_order: 1 })]
TRACE [neovide::renderer::rendered_window] region: Box2 { min: Point2 { x: 0.0, y: 0.0 }, max: Point2 { x: 1263.0, y: 1540.0 } }, inner: Rect { left: 0.0, top: 0.0, right: 1263.0, bottom: 1540.0 }, pics: 2
TRACE [neovide::renderer::rendered_window] region: Box2 { min: Point2 { x: 0.0, y: 0.0 }, max: Point2 { x: 1263.0, y: 1484.0 } }, inner: Rect { left: 0.0, top: 0.0, right: 1263.0, bottom: 1484.0 }, pics: 1
TRACE [neovide::renderer::rendered_window] region: Box2 { min: Point2 { x: 0.0, y: 1397.0 }, max: Point2 { x: 1250.2589, y: 1425.0 } }, inner: Rect { left: 0.0, top: 1397.0, right: 1250.2589, bottom: 1425.0 }, pics: 0
INFO [neovide::renderer::grid_renderer] blend 0
DEBUG [neovide::renderer] zindex: 200, base: 0
DEBUG [neovide::renderer] layer: [(3, SortOrder { z_index: 200, composition_order: 1 })]
TRACE [neovide::renderer::rendered_window] region: Box2 { min: Point2 { x: 0.0, y: 0.0 }, max: Point2 { x: 1263.0, y: 1540.0 } }, inner: Rect { left: 0.0, top: 0.0, right: 1263.0, bottom: 1540.0 }, pics: 2
TRACE [neovide::renderer::rendered_window] region: Box2 { min: Point2 { x: 0.0, y: 0.0 }, max: Point2 { x: 1263.0, y: 1484.0 } }, inner: Rect { left: 0.0, top: 0.0, right: 1263.0, bottom: 1484.0 }, pics: 1
TRACE [neovide::renderer::rendered_window] region: Box2 { min: Point2 { x: 0.0, y: 1450.0 }, max: Point2 { x: 1250.2589, y: 1478.0 } }, inner: Rect { left: 0.0, top: 1450.0, right: 1250.2589, bottom: 1478.0 }, pics: 0
INFO [neovide::renderer::grid_renderer] blend 0
DEBUG [neovide::renderer] zindex: 200, base: 0
DEBUG [neovide::renderer] layer: [(3, SortOrder { z_index: 200, composition_order: 1 })]
TRACE [neovide::renderer::rendered_window] region: Box2 { min: Point2 { x: 0.0, y: 0.0 }, max: Point2 { x: 1263.0, y: 1540.0 } }, inner: Rect { left: 0.0, top: 0.0, right: 1263.0, bottom: 1540.0 }, pics: 2
TRACE [neovide::renderer::rendered_window] region: Box2 { min: Point2 { x: 0.0, y: 0.0 }, max: Point2 { x: 1263.0, y: 1484.0 } }, inner: Rect { left: 0.0, top: 0.0, right: 1263.0, bottom: 1484.0 }, pics: 1
TRACE [neovide::renderer::rendered_window] region: Box2 { min: Point2 { x: 0.0, y: 1479.0 }, max: Point2 { x: 1250.2589, y: 1507.0 } }, inner: Rect { left: 0.0, top: 1479.0, right: 1250.2589, bottom: 1507.0 }, pics: 0
INFO [neovide::renderer::grid_renderer] blend 0
DEBUG [neovide::renderer] zindex: 200, base: 0
DEBUG [neovide::renderer] layer: [(3, SortOrder { z_index: 200, composition_order: 1 })]
TRACE [neovide::renderer::rendered_window] region: Box2 { min: Point2 { x: 0.0, y: 0.0 }, max: Point2 { x: 1263.0, y: 1540.0 } }, inner: Rect { left: 0.0, top: 0.0, right: 1263.0, bottom: 1540.0 }, pics: 2
TRACE [neovide::renderer::rendered_window] region: Box2 { min: Point2 { x: 0.0, y: 0.0 }, max: Point2 { x: 1263.0, y: 1484.0 } }, inner: Rect { left: 0.0, top: 0.0, right: 1263.0, bottom: 1484.0 }, pics: 1
TRACE [neovide::renderer::rendered_window] region: Box2 { min: Point2 { x: 0.0, y: 1494.0 }, max: Point2 { x: 1250.2589, y: 1522.0 } }, inner: Rect { left: 0.0, top: 1494.0, right: 1250.2589, bottom: 1522.0 }, pics: 0
INFO [neovide::renderer::grid_renderer] blend 0
DEBUG [neovide::renderer] zindex: 200, base: 0
DEBUG [neovide::renderer] layer: [(3, SortOrder { z_index: 200, composition_order: 1 })]
TRACE [neovide::renderer::rendered_window] region: Box2 { min: Point2 { x: 0.0, y: 0.0 }, max: Point2 { x: 1263.0, y: 1540.0 } }, inner: Rect { left: 0.0, top: 0.0, right: 1263.0, bottom: 1540.0 }, pics: 2
TRACE [neovide::renderer::rendered_window] region: Box2 { min: Point2 { x: 0.0, y: 0.0 }, max: Point2 { x: 1263.0, y: 1484.0 } }, inner: Rect { left: 0.0, top: 0.0, right: 1263.0, bottom: 1484.0 }, pics: 1
TRACE [neovide::renderer::rendered_window] region: Box2 { min: Point2 { x: 0.0, y: 1502.0 }, max: Point2 { x: 1250.2589, y: 1530.0 } }, inner: Rect { left: 0.0, top: 1502.0, right: 1250.2589, bottom: 1530.0 }, pics: 0
INFO [neovide::renderer::grid_renderer] blend 0
DEBUG [neovide::renderer] zindex: 200, base: 0
DEBUG [neovide::renderer] layer: [(3, SortOrder { z_index: 200, composition_order: 1 })]
TRACE [neovide::renderer::rendered_window] region: Box2 { min: Point2 { x: 0.0, y: 0.0 }, max: Point2 { x: 1263.0, y: 1540.0 } }, inner: Rect { left: 0.0, top: 0.0, right: 1263.0, bottom: 1540.0 }, pics: 2
TRACE [neovide::renderer::rendered_window] region: Box2 { min: Point2 { x: 0.0, y: 0.0 }, max: Point2 { x: 1263.0, y: 1484.0 } }, inner: Rect { left: 0.0, top: 0.0, right: 1263.0, bottom: 1484.0 }, pics: 1
TRACE [neovide::renderer::rendered_window] region: Box2 { min: Point2 { x: 0.0, y: 1507.0 }, max: Point2 { x: 1250.2589, y: 1535.0 } }, inner: Rect { left: 0.0, top: 1507.0, right: 1250.2589, bottom: 1535.0 }, pics: 0
INFO [neovide::renderer::grid_renderer] blend 0
DEBUG [neovide::renderer] zindex: 200, base: 0
DEBUG [neovide::renderer] layer: [(3, SortOrder { z_index: 200, composition_order: 1 })]
TRACE [neovide::renderer::rendered_window] region: Box2 { min: Point2 { x: 0.0, y: 0.0 }, max: Point2 { x: 1263.0, y: 1540.0 } }, inner: Rect { left: 0.0, top: 0.0, right: 1263.0, bottom: 1540.0 }, pics: 2
TRACE [neovide::renderer::rendered_window] region: Box2 { min: Point2 { x: 0.0, y: 0.0 }, max: Point2 { x: 1263.0, y: 1484.0 } }, inner: Rect { left: 0.0, top: 0.0, right: 1263.0, bottom: 1484.0 }, pics: 1
TRACE [neovide::renderer::rendered_window] region: Box2 { min: Point2 { x: 0.0, y: 1509.0 }, max: Point2 { x: 1250.2589, y: 1537.0 } }, inner: Rect { left: 0.0, top: 1509.0, right: 1250.2589, bottom: 1537.0 }, pics: 0
INFO [neovide::renderer::grid_renderer] blend 0
DEBUG [neovide::renderer] zindex: 200, base: 0
DEBUG [neovide::renderer] layer: [(3, SortOrder { z_index: 200, composition_order: 1 })]
TRACE [neovide::renderer::rendered_window] region: Box2 { min: Point2 { x: 0.0, y: 0.0 }, max: Point2 { x: 1263.0, y: 1540.0 } }, inner: Rect { left: 0.0, top: 0.0, right: 1263.0, bottom: 1540.0 }, pics: 2
TRACE [neovide::renderer::rendered_window] region: Box2 { min: Point2 { x: 0.0, y: 0.0 }, max: Point2 { x: 1263.0, y: 1484.0 } }, inner: Rect { left: 0.0, top: 0.0, right: 1263.0, bottom: 1484.0 }, pics: 1
TRACE [neovide::renderer::rendered_window] region: Box2 { min: Point2 { x: 0.0, y: 1510.0 }, max: Point2 { x: 1250.2589, y: 1538.0 } }, inner: Rect { left: 0.0, top: 1510.0, right: 1250.2589, bottom: 1538.0 }, pics: 0
TRACE [neovide::window::keyboard_manager] KeyEvent {
    physical_key: Code(
        Enter,
    ),
    logical_key: Named(
        Enter,
    ),
    text: Some(
        "\r",
    ),
    location: Standard,
    state: Released,
    repeat: false,
    platform_specific: KeyEventExtra {
        text_with_all_modifiers: Some(
            "\r",
        ),
        key_without_modifiers: Named(
            Enter,
        ),
    },
}
INFO [neovide::renderer::grid_renderer] blend 0
DEBUG [neovide::renderer] zindex: 200, base: 0
DEBUG [neovide::renderer] layer: [(3, SortOrder { z_index: 200, composition_order: 1 })]
TRACE [neovide::renderer::rendered_window] region: Box2 { min: Point2 { x: 0.0, y: 0.0 }, max: Point2 { x: 1263.0, y: 1540.0 } }, inner: Rect { left: 0.0, top: 0.0, right: 1263.0, bottom: 1540.0 }, pics: 2
TRACE [neovide::renderer::rendered_window] region: Box2 { min: Point2 { x: 0.0, y: 0.0 }, max: Point2 { x: 1263.0, y: 1484.0 } }, inner: Rect { left: 0.0, top: 0.0, right: 1263.0, bottom: 1484.0 }, pics: 1
TRACE [neovide::renderer::rendered_window] region: Box2 { min: Point2 { x: 0.0, y: 1511.0 }, max: Point2 { x: 1250.2589, y: 1539.0 } }, inner: Rect { left: 0.0, top: 1511.0, right: 1250.2589, bottom: 1539.0 }, pics: 0
INFO [neovide::renderer::grid_renderer] blend 0
DEBUG [neovide::renderer] zindex: 200, base: 0
DEBUG [neovide::renderer] layer: [(3, SortOrder { z_index: 200, composition_order: 1 })]
TRACE [neovide::renderer::rendered_window] region: Box2 { min: Point2 { x: 0.0, y: 0.0 }, max: Point2 { x: 1263.0, y: 1540.0 } }, inner: Rect { left: 0.0, top: 0.0, right: 1263.0, bottom: 1540.0 }, pics: 2
TRACE [neovide::renderer::rendered_window] region: Box2 { min: Point2 { x: 0.0, y: 0.0 }, max: Point2 { x: 1263.0, y: 1484.0 } }, inner: Rect { left: 0.0, top: 0.0, right: 1263.0, bottom: 1484.0 }, pics: 1
TRACE [neovide::renderer::rendered_window] region: Box2 { min: Point2 { x: 0.0, y: 1512.0 }, max: Point2 { x: 1250.2589, y: 1540.0 } }, inner: Rect { left: 0.0, top: 1512.0, right: 1250.2589, bottom: 1540.0 }, pics: 0
INFO [neovide::renderer::grid_renderer] blend 0
DEBUG [neovide::renderer] zindex: 200, base: 0
DEBUG [neovide::renderer] layer: [(3, SortOrder { z_index: 200, composition_order: 1 })]
TRACE [neovide::renderer::rendered_window] region: Box2 { min: Point2 { x: 0.0, y: 0.0 }, max: Point2 { x: 1263.0, y: 1540.0 } }, inner: Rect { left: 0.0, top: 0.0, right: 1263.0, bottom: 1540.0 }, pics: 2
TRACE [neovide::renderer::rendered_window] region: Box2 { min: Point2 { x: 0.0, y: 0.0 }, max: Point2 { x: 1263.0, y: 1484.0 } }, inner: Rect { left: 0.0, top: 0.0, right: 1263.0, bottom: 1484.0 }, pics: 1
TRACE [neovide::renderer::rendered_window] region: Box2 { min: Point2 { x: 0.0, y: 1512.0 }, max: Point2 { x: 1250.2589, y: 1540.0 } }, inner: Rect { left: 0.0, top: 1512.0, right: 1250.2589, bottom: 1540.0 }, pics: 0
INFO [neovide::renderer::grid_renderer] blend 0
DEBUG [neovide::renderer] zindex: 200, base: 0
DEBUG [neovide::renderer] layer: [(3, SortOrder { z_index: 200, composition_order: 1 })]
TRACE [neovide::renderer::rendered_window] region: Box2 { min: Point2 { x: 0.0, y: 0.0 }, max: Point2 { x: 1263.0, y: 1540.0 } }, inner: Rect { left: 0.0, top: 0.0, right: 1263.0, bottom: 1540.0 }, pics: 2
TRACE [neovide::renderer::rendered_window] region: Box2 { min: Point2 { x: 0.0, y: 0.0 }, max: Point2 { x: 1263.0, y: 1484.0 } }, inner: Rect { left: 0.0, top: 0.0, right: 1263.0, bottom: 1484.0 }, pics: 1
TRACE [neovide::renderer::rendered_window] region: Box2 { min: Point2 { x: 0.0, y: 1512.0 }, max: Point2 { x: 1250.2589, y: 1540.0 } }, inner: Rect { left: 0.0, top: 1512.0, right: 1250.2589, bottom: 1540.0 }, pics: 0
TRACE [neovide::window::keyboard_manager] KeyEvent {
    physical_key: Code(
        SuperLeft,
    ),
    logical_key: Named(
        Super,
    ),
    text: None,
    location: Left,
    state: Pressed,
    repeat: false,
    platform_specific: KeyEventExtra {
        text_with_all_modifiers: None,
        key_without_modifiers: Named(
            Super,
        ),
    },
}
TRACE [neovide::window::keyboard_manager] Modifiers { state: ModifiersState(SUPER), pressed_mods: ModifiersKeys(0x0) }
TRACE [neovide::window::keyboard_manager] KeyEvent {
    physical_key: Code(
        ShiftLeft,
    ),
    logical_key: Named(
        Shift,
    ),
    text: None,
    location: Left,
    state: Pressed,
    repeat: false,
    platform_specific: KeyEventExtra {
        text_with_all_modifiers: None,
        key_without_modifiers: Named(
            Shift,
        ),
    },
}
TRACE [neovide::window::keyboard_manager] Modifiers { state: ModifiersState(SHIFT | SUPER), pressed_mods: ModifiersKeys(0x0) }
TRACE [neovide::channel_utils] UICommand Parallel(Quit)
INFO [neovide::renderer::grid_renderer] blend 0
TRACE [neovide::channel_utils] UICommand Parallel(Quit)
DEBUG [neovide::renderer] zindex: 200, base: 0
DEBUG [neovide::renderer] layer: [(3, SortOrder { z_index: 200, composition_order: 1 })]
TRACE [neovide::renderer::rendered_window] region: Box2 { min: Point2 { x: 0.0, y: 0.0 }, max: Point2 { x: 1263.0, y: 1540.0 } }, inner: Rect { left: 0.0, top: 0.0, right: 1263.0, bottom: 1540.0 }, pics: 2
TRACE [neovide::renderer::rendered_window] region: Box2 { min: Point2 { x: 0.0, y: 0.0 }, max: Point2 { x: 1263.0, y: 1484.0 } }, inner: Rect { left: 0.0, top: 0.0, right: 1263.0, bottom: 1484.0 }, pics: 1
TRACE [neovide::bridge::handler] Neovim request: "neovide.quit"
INFO [neovide::running_tracker] Quit with code 0: Quit from neovim
TRACE [neovide::renderer::rendered_window] region: Box2 { min: Point2 { x: 0.0, y: 1512.0 }, max: Point2 { x: 1250.2589, y: 1540.0 } }, inner: Rect { left: 0.0, top: 1512.0, right: 1250.2589, bottom: 1540.0 }, pics: 0
DEBUG [neovide::settings::window_size] Saved Window Settings: {"window":{"Maximized":{"grid_size":{"width":89,"height":55}}}}
